 ,Player,Id,Pos,Age,Tm,G,MP,PER?,TS%,3PAr,FTr,ORB%,DRB%,TRB%,AST%,STL%,BLK%,TOV%,USG%,OWS,DWS,WS,WS/48,OBPM,DBPM,BPM,VORP,COMB
1,Chris Boucher,bouchch01,PF,26,TOR,1,2,143,0.647,0.5,3,100,0,51.4,0,0,40.4,0,97.3,0.1,0,0.1,1.629,41,-13,27.9,0,9.37
2,Zhou Qi,qizh01,F-C,23,HOU,1,1,79.2,1,0,0,0,0,0,0,0,0,0,41.5,0,0,0,1.204,23.7,-11.6,12.1,0,3.63
3,James Nunnally,nunnaja01,SF,28,MIN,1,4,73.8,0.846,1,0.75,0,0,0,0,0,0,0,53.9,0.1,0,0.1,0.802,34.8,-18.2,16.6,0,5.98
4,Kyle O'Quinn,oquinky01,C,28,IND,5,40,33.5,0.647,0.053,0.316,17.7,31.1,24.5,27.9,1.2,8.8,15.6,28.4,0.2,0.1,0.3,0.343,6.1,7,13.1,0.2,8.93
5,Anthony Davis,davisan02,PF,25,NOP,4,144,33.3,0.599,0.096,0.562,10.9,28.1,19.4,19.1,3.2,8.5,6.2,26.9,0.6,0.3,0.9,0.307,6.4,6,12.4,0.5,17.72
6,Stephen Curry,curryst01,PG,30,GSW,8,269,32.8,0.726,0.574,0.241,1.3,15.2,8.8,25.4,1.7,0.7,10,31.4,1.6,0.3,1.9,0.333,12.9,-2.4,10.5,0.9,31.15
7,Boban Marjanovic,marjabo01,C,30,LAC,7,67,32.6,0.763,0.037,0.815,11.8,30,21.6,5.4,1.4,5.5,16,27.4,0.3,0.2,0.5,0.331,4.2,0.7,5,0.1,7.5
8,Nikola Jokic,jokicni01,C,23,DEN,6,182,31.7,0.694,0.257,0.581,6.4,29.8,18.1,35.3,1.8,2.9,12.3,24,1,0.4,1.4,0.367,8.3,5.5,13.8,0.7,25.14
9,Damian Lillard,lillada01,PG,28,POR,7,240,30.6,0.659,0.405,0.45,2.3,11.1,7.1,30,0.8,0.6,9.3,30.6,1.4,0.2,1.6,0.327,10.5,-1.6,8.9,0.7,25.67
10,Tyler Lydon,lydonty01,PF,22,DEN,2,4,29.1,1,0,0,26.5,0,13.3,0,0,0,0,10.3,0,0,0,0.335,8.2,-4.4,3.8,0,1.14
11,Miles Plumlee,plumlmi01,C,30,ATL,4,39,28.6,0.783,0,0.75,15.3,18.2,16.7,27.7,2.3,0,20,20.9,0.2,0,0.2,0.277,4.7,0.6,5.3,0.1,4.59
12,Nikola Vucevic,vucevni01,C,28,ORL,7,201,28.3,0.639,0.118,0.215,10.6,28.1,18.7,28.3,2.4,2.9,14.3,24.8,0.6,0.3,0.9,0.213,6.1,4,10.1,0.6,18.03
13,Kemba Walker,walkeke02,PG,28,CHO,8,271,28.3,0.61,0.497,0.291,1.2,12.2,6.5,30.6,1.1,1,7.1,33.6,1.2,0.2,1.4,0.242,10.3,-2.9,7.3,0.6,22.19
14,Kevin Durant,duranke01,PF,30,GSW,8,277,28.1,0.651,0.229,0.307,0.9,21.4,12,26.6,1.2,2,10.8,29.8,1.2,0.3,1.5,0.267,5.6,-0.2,5.5,0.5,21.65
15,Nerlens Noel,noelne01,C,24,OKC,6,90,27.8,0.672,0,0.29,18.3,24.8,21.4,5.5,3.6,4.4,2.8,15.7,0.4,0.2,0.6,0.318,3.8,4,7.8,0.2,10.34
16,Jonas Valanciunas,valanjo01,C,26,TOR,8,146,27.5,0.606,0.128,0.346,15,25.2,20.4,10.7,1.3,2.8,8.2,28.1,0.6,0.3,0.8,0.277,3.6,0.3,3.9,0.2,11.17
17,LeBron James,jamesle01,PF,34,LAL,7,252,27.3,0.589,0.293,0.386,3.3,22.9,13.1,32,2.5,1.2,12.3,29.9,0.8,0.2,1,0.193,5.6,0.5,6.1,0.5,16.83
18,Kawhi Leonard,leonaka01,SF,27,TOR,6,208,27,0.61,0.227,0.294,3.2,19.1,11.6,14.5,2.7,1.2,6.3,28.9,0.7,0.4,1.1,0.255,4.6,0.9,5.4,0.4,16.62
19,Jimmy Butler,butleji01,SG,29,MIN,6,202,26.9,0.629,0.275,0.407,5,11.7,8.2,16.3,4.2,3.1,7.7,23.3,0.7,0.2,0.9,0.221,5.9,1.7,7.6,0.5,16.28
20,Dwight Powell,poweldw01,C,27,DAL,7,101,26.7,0.772,0.219,0.625,7.3,20.1,13.3,13.1,3.3,2.5,12.8,19.2,0.5,0.1,0.6,0.273,4.8,1,5.8,0.2,9.74
21,James Harden,hardeja01,SG,29,HOU,4,144,26.2,0.607,0.43,0.43,2.6,17.9,9.2,46.2,2.6,1.1,17.6,32.9,0.4,0.1,0.4,0.148,7.4,0.2,7.6,0.4,10.28
22,Rudy Gobert,goberru01,C,26,UTA,6,204,26,0.771,0,0.731,13.2,30.8,22.6,4,2.1,6.1,16.9,17.4,0.7,0.5,1.2,0.29,2.2,5.6,7.8,0.5,19.34
23,Blake Griffin,griffbl01,PF,29,DET,6,214,25.9,0.602,0.263,0.381,5.6,28.7,16.4,22.1,0.2,1.6,10.4,30.1,0.7,0.2,0.9,0.211,5.6,0,5.6,0.4,14.68
24,Domantas Sabonis,sabondo01,C,22,IND,6,135,25.7,0.669,0.022,0.348,17.5,31.8,24.8,12.9,1.8,1.9,17.2,21,0.5,0.3,0.7,0.261,3.6,2.9,6.5,0.3,11.95
25,Dwayne Bacon,bacondw01,SG,23,CHO,3,21,25.7,0.717,0.5,0.5,0,10.5,5.1,13.9,2.3,0,0,19.9,0.1,0,0.1,0.321,7.3,-3.1,4.3,0,2.29
26,Joel Embiid,embiijo01,C,24,PHI,8,277,25.2,0.579,0.217,0.427,7.2,26,16.7,21.2,0.3,4.7,9.2,30.3,0.8,0.5,1.2,0.21,3.5,1.5,5.1,0.5,18.53
27,Cheick Diallo,diallch01,PF,22,NOP,4,30,25.2,0.661,0,0.429,10.5,35.6,22.9,15.3,1.5,2.7,19.4,27.5,0.1,0,0.1,0.155,1.2,0.7,1.9,0,1.57
28,Henry Ellenson,ellenhe01,PF,22,DET,1,8,25.2,0.595,0.4,0.4,0,43.4,20.2,0,0,0,0,30.8,0,0,0,0.259,-1.8,-10.9,-12.7,0,-3.81
29,JaVale McGee,mcgeeja01,C,31,LAL,7,182,24.9,0.665,0.028,0.292,10.8,14.7,12.8,6.8,1.5,8.7,11.9,20.5,0.5,0.2,0.7,0.185,2,2.4,4.4,0.3,11.32
30,Giannis Antetokounmpo,antetgi01,PF,24,MIL,6,184,24.7,0.553,0.136,0.339,10.7,30.7,22,31.4,1,4.2,18.1,36.7,0.2,0.6,0.7,0.19,0.7,6.8,7.5,0.4,13.25
31,Montrezl Harrell,harremo01,C,25,LAC,7,143,24.7,0.686,0,0.74,3.9,24.1,14.8,8.9,2,6.8,15.3,23,0.4,0.3,0.7,0.236,1.4,4.1,5.6,0.3,11.68
32,DeMar DeRozan,derozde01,SG,29,SAS,6,233,24.4,0.559,0.082,0.306,1.7,16.1,8.4,36.4,1.7,0.4,8.4,30.6,0.7,0.1,0.8,0.166,4.2,-1.1,3.1,0.3,11.93
33,Robert Williams,williro04,C,21,BOS,3,12,24.3,1,0,0,16,0,8.1,12,0,20.8,0,3.6,0,0,0.1,0.346,1.6,13.3,14.9,0.1,6.47
34,Deandre Ayton,aytonde01,C,20,PHO,6,187,24,0.667,0,0.178,6.5,31.5,18.8,22.5,1,1.8,8.2,19.9,0.7,0.1,0.8,0.197,3.4,1.2,4.7,0.3,12.41
35,Nikola Mirotic,mirotni01,PF,27,NOP,6,180,24,0.614,0.436,0.218,8.7,24.9,16.7,6.7,1,1.4,5.9,26.1,0.6,0.1,0.7,0.183,5.5,-3.1,2.4,0.2,9.72
36,Jon Leuer,leuerjo01,PF,29,DET,1,6,23.7,0.694,0.5,1,0,19.3,9,0,0,0,0,20.1,0,0,0,0.294,1.8,-7.2,-5.3,0,-1.59
37,Kyle Lowry,lowryky01,PG,32,TOR,8,279,23.4,0.65,0.515,0.287,1.2,9.7,5.7,43.5,1.9,1.7,16.8,20.6,1.1,0.3,1.4,0.242,6.2,-0.7,5.5,0.5,20.65
38,Nemanja Bjelica,bjeline01,PF,30,SAC,8,220,23.1,0.7,0.418,0.215,4.6,19.3,12,14.9,2.3,2.7,9.4,17.9,0.8,0.3,1.1,0.234,6.2,1.6,7.7,0.5,18.31
39,Larry Nance,nancela02,C,26,CLE,5,104,22.9,0.556,0.027,0.378,10.1,22.4,15.8,28.9,2.8,0,6.5,18.4,0.4,0.1,0.4,0.193,4.3,-0.1,4.2,0.2,7.26
40,Shaquille Harrison,harrish01,PG,25,CHI,3,36,22.8,0.564,0.313,0.625,9.3,14.8,12.1,31.1,4,0,12.8,28.1,0.1,0,0.1,0.133,4.9,-0.5,4.4,0.1,3.32
41,Julius Randle,randlju01,C,24,NOP,6,138,22.8,0.605,0.162,0.419,6.8,27.8,17.2,13.1,1.6,2.4,12.9,29.1,0.3,0.1,0.4,0.15,2.2,-0.4,1.8,0.1,5.54
42,Noah Vonleh,vonleno01,PF,23,NYK,7,136,22.7,0.621,0.091,0.667,13.3,33.2,22.6,13.5,1.4,3.4,8.6,14.3,0.5,0.2,0.7,0.241,2.8,3.1,5.9,0.3,11.77
43,Zach LaVine,lavinza01,SG,23,CHI,7,230,22.7,0.641,0.341,0.434,1,15.3,8.3,17.2,1,1.6,15.9,34.3,0.4,0,0.4,0.076,3.3,-3.5,-0.2,0.1,4.94
44,Zach Collins,colliza01,C,21,POR,7,153,22.5,0.766,0.279,0.419,5.8,15,10.9,9.7,1.3,7,16.4,16.9,0.5,0.3,0.8,0.255,4,4.2,8.1,0.4,14.43
45,Danilo Gallinari,gallida01,SF,30,LAC,7,202,22.5,0.615,0.327,0.367,5.6,15.6,11,7.8,1.2,1.5,5.8,25.1,0.7,0.3,1,0.227,4.8,-1.4,3.5,0.3,14.05
46,Ante Zizic,zizican01,C,22,CLE,6,39,22.5,0.682,0,0.909,13.5,18.9,16,15.3,1.2,0,16.3,19.6,0.1,0,0.1,0.177,3.2,-2.8,0.4,0,1.12
47,Georges Niang,niangge01,PF,25,UTA,6,48,22.4,0.807,0.647,0.294,2.5,17.8,10.7,7,1,1.6,9.4,19,0.2,0.1,0.3,0.27,5.8,0.3,6.1,0.1,5.83
48,Enes Kanter,kanteen01,C,26,NYK,7,191,22.3,0.597,0.036,0.181,13.1,33.6,22.8,14,1.3,1,15.9,23.3,0.4,0.3,0.6,0.157,1.9,1.1,2.9,0.2,8.87
49,Jusuf Nurkic,nurkiju01,C,24,POR,7,168,22.3,0.558,0.114,0.304,15.3,24.1,20.1,8.6,2,2.7,15.2,26.7,0.2,0.3,0.6,0.162,0.1,1.4,1.5,0.1,7.45
50,DeAndre Jordan,jordade01,C,30,DAL,7,241,22.2,0.703,0,0.561,12.3,38.6,24.7,12.8,0.8,4.2,17.4,14.8,0.7,0.3,1,0.197,0.5,2.6,3.1,0.3,13.93
51,Russell Westbrook,westbru01,PG,30,OKC,4,132,22.2,0.523,0.173,0.407,4.4,27.4,15.4,43.4,2.4,0.6,16.6,34.1,0,0.2,0.3,0.095,3.1,3.4,6.6,0.3,7.98
52,Will Barton,bartowi01,SG,28,DEN,2,54,22.1,0.725,0.429,0.19,0,19.7,9.8,17.2,0.9,3.3,11.6,19.7,0.2,0.1,0.3,0.241,2.9,2.2,5.1,0.1,5.53
53,Khris Middleton,middlkh01,SF,27,MIL,7,214,21.8,0.693,0.56,0.341,1,14.6,8.7,17.9,2.1,0.7,14,23.2,0.7,0.5,1.2,0.273,5.4,2.5,7.9,0.5,19.37
54,Drew Eubanks,eubandr01,PF,21,SAS,2,6,21.5,0.694,0,1,0,0,0,0,0,0,0,20.6,0,0,0,0.235,0.4,-6.8,-6.4,0,-1.92
55,Willie Cauley-Stein,caulewi01,C,25,SAC,8,242,21.3,0.563,0,0.324,9.7,20.5,15.1,12.5,1.5,1.1,6.1,22.5,0.6,0.3,0.9,0.169,2.1,-0.1,1.9,0.2,11.57
56,Gary Harris,harriga01,SG,24,DEN,6,200,20.9,0.578,0.283,0.293,3.2,9,6.1,18,1.7,1.3,2.8,22.1,0.6,0.3,0.9,0.218,3.3,0.9,4.2,0.3,13.26
57,Devin Booker,bookede01,SG,22,PHO,4,137,20.9,0.649,0.437,0.465,0.8,14.4,7.4,36.8,1,0,20.5,34.1,0.2,0,0.2,0.081,4.9,-3.5,1.4,0.1,3.42
58,Willy Hernangomez,hernawi01,C,24,CHO,7,97,20.7,0.639,0.167,0.633,15.1,26.2,20.5,7.2,2,0.9,17.3,20.5,0.3,0.1,0.4,0.194,1.4,-0.6,0.8,0.1,5.24
59,Brad Wanamaker,wanambr01,PG,29,BOS,2,6,20.6,0.615,0.25,0.5,0,16.3,8.1,0,0,0,17,41.9,0,0,0,0.08,-6.3,-7.6,-14,0,-4.2
60,Sam Dekker,dekkesa01,PF,24,CLE,6,96,20.5,0.666,0.28,0.32,6.6,26.8,15.9,10.4,4,0,9.5,13.6,0.3,0.1,0.4,0.178,2.6,0.3,3,0.1,5.9
61,Victor Oladipo,oladivi01,SG,26,IND,7,230,20.4,0.54,0.289,0.227,2.1,18.2,10.3,23.1,2.1,0.8,10.2,30.2,0.2,0.4,0.6,0.126,2.2,0.8,3,0.3,9.9
62,Mitchell Robinson,robinmi01,C,20,NYK,5,67,20.4,0.709,0,0.4,15,6.7,11.1,2.2,2.2,2.7,5.4,11.6,0.2,0.1,0.3,0.213,3.8,0.6,4.5,0.1,5.35
63,Kosta Koufos,koufoko01,C,29,SAC,2,25,20.4,0.714,0,0,4.1,32.4,18.3,5.4,1.8,3.4,0,11.6,0.1,0,0.1,0.226,0.6,1.5,2.2,0,1.66
64,Aron Baynes,baynear01,C,32,BOS,4,58,20.3,0.57,0.4,0.28,16.6,16.9,16.7,11.7,0,1.4,6.6,22.2,0.2,0.1,0.3,0.251,3.2,0.8,4,0.1,5.2
65,Pau Gasol,gasolpa01,C,38,SAS,6,105,20.3,0.623,0.192,0.462,9.6,26.8,17.5,23.6,0.5,2.4,13.8,14.8,0.3,0.1,0.4,0.18,1.5,0.9,2.4,0.1,5.72
66,Ed Davis,davised01,C,29,BRK,7,118,20.2,0.605,0,0.448,20.5,32.8,27,8.8,0.8,1.8,12.6,14.6,0.3,0.1,0.5,0.193,0.1,1.4,1.5,0.1,6.45
67,T.J. Warren,warretj01,SF,25,PHO,6,139,20.1,0.615,0.329,0.129,6.4,11.6,9,9.3,1.4,2.4,8.6,25.3,0.2,0,0.3,0.097,2.4,-2.4,0,0.1,4
68,Cody Zeller,zelleco01,C,26,CHO,8,176,20,0.687,0.061,0.327,10.1,18.2,14,9.6,1.4,2.5,12.5,15.6,0.6,0.2,0.8,0.21,2.8,1,3.7,0.3,12.11
69,Chris Paul,paulch01,PG,33,HOU,4,133,20,0.531,0.377,0.393,2.8,17.5,9.2,40.1,2.5,0,13.3,25.8,0.3,0.1,0.3,0.11,2.9,-0.5,2.3,0.1,4.69
70,Kenneth Faried,farieke01,PF,29,BRK,3,15,20,0.8,0,0,7.7,20.4,14.4,0,3.3,0,28.6,20.2,0,0,0,0.05,-4.2,-2.6,-6.8,0,-2.04
71,Lance Stephenson,stephla01,SG,28,LAL,7,144,19.9,0.586,0.288,0.106,5.8,18.6,12.2,19.5,2.5,0,11.5,21.9,0.3,0.1,0.4,0.13,2.6,-1,1.5,0.1,5.45
72,Tim Hardaway,hardati02,SG,26,NYK,7,229,19.8,0.548,0.44,0.241,1.3,9.8,5.3,18.8,1.5,0,7.1,30.6,0.5,0.1,0.6,0.126,5.4,-3.4,2.1,0.2,8.63
73,Shabazz Napier,napiesh01,PG,27,BRK,4,63,19.6,0.588,0.567,0.367,0,4.8,2.6,20.2,3.1,0,10.3,26.7,0.1,0,0.2,0.126,2.4,-2.9,-0.5,0,1.85
74,Gorgui Dieng,dienggo01,C,29,MIN,7,111,19.4,0.638,0.205,0.513,8.2,27,17.3,7,2.1,2.1,15.8,20.8,0.2,0.1,0.3,0.141,-0.2,-0.4,-0.6,0,2.82
75,Quincy Pondexter,pondequ01,SF,30,SAS,3,14,19.4,0.5,0.25,0,14.4,25.1,19.4,0,10.5,0,20,15.3,0,0,0,0.121,-3.2,2.6,-0.6,0,-0.18
76,Marc Gasol,gasolma01,C,34,MEM,6,190,19.3,0.557,0.333,0.333,2.3,26.9,14.5,18.8,3.1,1.5,7.8,21.1,0.2,0.5,0.7,0.178,0.7,3.7,4.4,0.3,11.32
77,Steven Adams,adamsst01,C,25,OKC,5,173,19.3,0.55,0,0.509,14,20.9,17.3,7,2.1,2.3,9.4,16.9,0.3,0.3,0.6,0.158,-0.3,2.5,2.2,0.2,8.66
78,Milos Teodosic,teodomi01,PG,31,LAC,3,35,19.3,1.167,0.833,0,3.2,16.4,10.4,32.1,1.3,2.1,45.5,13.2,0.1,0.1,0.2,0.208,5.6,-0.2,5.5,0.1,4.65
79,Eric Bledsoe,bledser01,PG,29,MIL,7,194,19.2,0.572,0.421,0.132,5.6,10,8.1,34,1.4,2.8,14.8,19.8,0.5,0.4,1,0.237,3,3,6,0.4,15.8
80,Andre Drummond,drumman01,C,25,DET,6,189,19.2,0.497,0.07,0.22,16,37.4,25.9,6.5,1.3,3.6,14.1,28.3,-0.1,0.3,0.3,0.07,-3.8,0.2,-3.6,-0.1,0.92
81,Mike Conley,conlemi01,PG,31,MEM,6,188,19,0.509,0.402,0.351,2.9,10.3,6.6,35.6,2.1,0.5,8.2,29.1,0.2,0.3,0.5,0.135,3.2,-0.5,2.7,0.2,7.81
82,LaMarcus Aldridge,aldrila01,C,33,SAS,6,223,19,0.467,0.037,0.404,13.1,16.8,14.8,14.5,0.9,3,6.6,26.5,0.3,0.1,0.4,0.079,-1.5,-0.2,-1.7,0,3.49
83,Jarrett Allen,allenja01,C,20,BRK,7,190,18.9,0.621,0.115,0.365,7.9,19.8,14.2,11.2,1,6,15.4,16.3,0.3,0.2,0.5,0.125,-1.1,4,2.9,0.2,7.87
84,John Wall,walljo01,PG,28,WAS,7,237,18.9,0.523,0.271,0.415,2.6,7.5,5,36.3,3.1,3,16.2,29.3,0,0.1,0.2,0.031,1.3,0.1,1.4,0.2,4.42
85,Serge Ibaka,ibakase01,PF,29,TOR,8,225,18.9,0.577,0.184,0.272,10.7,17.2,14.2,5.2,1,4.3,13.5,24.8,0.3,0.3,0.6,0.127,-0.6,0.6,0,0.1,7
86,Clint Capela,capelca01,C,24,HOU,6,196,18.8,0.579,0,0.232,12.5,25.6,18.2,8.7,0.7,4.4,15.5,19.1,0.2,0.1,0.3,0.076,-2.2,1.7,-0.5,0.1,3.85
87,Tobias Harris,harrito02,PF,26,LAC,7,239,18.6,0.591,0.303,0.303,5.2,19.6,13,8,0.4,1.6,10.2,24.2,0.4,0.3,0.7,0.142,2.1,-1,1,0.2,9.3
88,Kevon Looney,looneke01,C,22,GSW,8,130,18.6,0.701,0,0.313,14.9,14.9,14.9,10.4,0.7,3.6,16.1,14.1,0.4,0.1,0.6,0.21,3.4,0.6,4,0.2,9.2
89,Jordan Clarkson,clarkjo01,SG,26,CLE,7,160,18.6,0.576,0.304,0.13,2.6,11.5,6.7,8.9,1.2,0.5,9.3,27.8,0.3,0,0.2,0.071,1.4,-5.4,-4.1,-0.1,-0.23
90,Paul George,georgpa01,SF,28,OKC,6,209,18.5,0.542,0.447,0.333,1.9,18.3,9.7,17,2.9,1.5,13,30.5,0.1,0.4,0.5,0.11,1.8,1,2.8,0.3,8.84
91,Michael Kidd-Gilchrist,kiddgmi01,SF,25,CHO,8,173,18.4,0.582,0.071,0.375,10.3,18.5,14.3,11.5,0.6,6.1,9.7,17.9,0.4,0.2,0.6,0.169,0.9,2.2,3.1,0.2,8.93
92,Karl-Anthony Towns,townska01,C,23,MIN,7,218,18.4,0.568,0.326,0.316,9.3,24.1,16.5,10.5,0.9,5.8,15.6,23.8,0.3,0.2,0.4,0.093,0,1.2,1.2,0.2,6.36
93,Damian Jones,jonesda03,C,23,GSW,8,135,18.3,0.733,0,0.481,9.8,6.1,7.8,10,2.1,7.6,13.3,11.8,0.4,0.2,0.6,0.21,3.5,3.7,7.2,0.3,11.16
94,Amir Johnson,johnsam01,C,31,PHI,8,93,18.3,0.7,0.08,0.52,8.6,25.1,16.9,18.2,1,2.5,22.7,17.5,0.2,0.1,0.3,0.167,-0.2,1.6,1.4,0.1,4.42
95,Thomas Bryant,bryanth01,C,21,WAS,2,20,18.3,0.458,0.333,0.417,20.4,15.6,18,8.3,0,0,6.6,31.7,0,0,0,0.025,-0.2,-6.3,-6.5,0,-1.95
96,Hassan Whiteside,whiteha01,C,29,MIA,7,207,18.3,0.519,0.042,0.535,12.9,41.3,27.1,0,0.7,8.3,14.6,20,0,0.5,0.5,0.108,-7.5,0,-7.5,-0.3,-0.25
97,Tyreke Evans,evansty01,PG,29,IND,6,121,18.2,0.537,0.328,0.172,1.9,12.2,7.2,21.7,2.9,2.9,11.4,25.8,0.1,0.2,0.3,0.122,1.3,1.7,3,0.2,5.9
98,Marvin Bagley,baglema01,PF,19,SAC,8,186,18.2,0.577,0.123,0.397,12.6,18.5,15.6,7.3,1.7,4.6,18.9,23.5,0.1,0.3,0.3,0.09,-0.5,1.1,0.6,0.1,4.18
99,Kelly Olynyk,olynyke01,PF,27,MIA,7,143,18.1,0.636,0.587,0.37,5,10.1,7.6,17.8,1.7,1.7,11.6,17.1,0.4,0.1,0.6,0.185,4.2,1.2,5.4,0.3,10.62
100,Bradley Beal,bealbr01,SG,25,WAS,7,233,18.1,0.563,0.469,0.219,0.9,12.5,6.6,20.2,1.4,2.1,9.1,27.6,0.2,0.1,0.3,0.061,3.1,-1.7,1.4,0.2,5.42
101,Alfonzo McKinnie,mckinal01,SF,26,GSW,8,95,18.1,0.621,0.389,0.167,12.7,21.5,17.5,1.4,1,2,4.9,18.1,0.2,0.1,0.3,0.177,1.9,-3.9,-2,0,2.4
102,Omri Casspi,casspom01,SF,30,MEM,5,73,17.8,0.615,0.318,0.5,3,18.6,10.7,16.4,2,0,6.9,17.7,0.1,0.1,0.3,0.185,0.9,0.6,1.5,0.1,4.45
103,Tony Parker,parketo01,PG,36,CHO,7,121,17.8,0.519,0.088,0.263,0,9.1,4.4,46.1,0.4,0,12.4,25.7,0.2,0,0.3,0.109,0.5,-5.1,-4.6,-0.1,0.62
104,Caris LeVert,leverca01,SF,24,BRK,7,217,17.6,0.57,0.298,0.26,3.2,11.7,7.7,25.1,1.4,0.7,14.7,27.2,0.3,0.1,0.4,0.079,0.8,-0.8,0,0.1,5
105,Mike Muscala,muscami01,C,27,PHI,5,87,17.6,0.745,0.75,0.333,6.9,17.9,12.4,6.7,0,3.6,12.7,14.8,0.2,0.1,0.4,0.195,2.6,-0.7,1.9,0.1,5.57
106,Grayson Allen,allengr01,SG,23,UTA,4,33,17.6,0.758,0.455,0.727,0,6.5,3.4,0,0,0,12.1,21.5,0.1,0,0.1,0.207,1.3,-4.2,-2.9,0,0.13
107,Rajon Rondo,rondora01,PG,32,LAL,4,122,17.6,0.656,0.263,0.053,3.4,14.4,8.9,34.6,1.1,0,22.1,16.5,0.3,0,0.3,0.13,1.9,-2.7,-0.8,0,2.76
108,Lou Williams,willilo02,SG,32,LAC,7,169,17.6,0.577,0.337,0.407,1.3,7.9,4.9,19.6,1.1,0.4,15.1,29.7,0.2,0.2,0.3,0.096,1.8,-2.8,-1,0,2.7
109,John Henson,hensojo01,C,28,MIL,7,111,17.5,0.506,0.342,0.211,12.8,29.7,22.3,7,2.5,6.2,16.2,18.2,0,0.4,0.4,0.182,-2.6,6.9,4.3,0.2,7.29
110,Mason Plumlee,plumlma01,C,28,DEN,6,97,17.5,0.609,0.036,0.393,15.3,14.2,14.8,12.1,3.9,2.7,25.1,18.7,0,0.2,0.3,0.134,-0.3,5.7,5.4,0.2,6.62
111,Ben Simmons,simmobe01,PG,22,PHI,7,215,17.4,0.501,0,0.45,9.7,23.5,16.7,39.4,1.5,1.8,21.3,23.2,0.1,0.3,0.4,0.096,-0.7,2.8,2.1,0.2,6.63
112,Frank Mason,masonfr01,PG,24,SAC,7,113,17.4,0.54,0.319,0.234,0,9.9,5,30.4,2,0,10.4,21.2,0.2,0.1,0.3,0.124,1.7,-2.8,-1.1,0,2.67
113,Rudy Gay,gayru01,PF,32,SAS,6,182,17.3,0.587,0.169,0.127,5.5,26.4,15.2,11.9,2.4,1.8,16.7,21.2,0.1,0.2,0.3,0.076,-1.4,1.2,-0.2,0.1,3.94
114,Brandon Ingram,ingrabr01,SF,21,LAL,3,82,17.3,0.573,0.244,0.244,7.6,8.8,8.2,5,1.7,4.6,15,26.3,0,0,0.1,0.036,-1.4,-1.8,-3.3,0,0.01
115,Jabari Parker,parkeja01,PF,23,CHI,7,190,17.3,0.535,0.274,0.211,6.4,17.4,12,14.5,1.3,1.9,11.1,26.5,0.1,0,0.1,0.017,-0.4,-1.9,-2.3,0,0.31
116,Cameron Payne,payneca01,PG,24,CHI,7,159,17.2,0.61,0.421,0.211,4.2,7.4,5.8,23.2,1.5,1.1,12.6,19.4,0.4,-0.1,0.3,0.095,2.7,-3,-0.3,0.1,3.91
117,Dewayne Dedmon,dedmode01,C,29,ATL,4,80,17.2,0.558,0.269,0.154,7.5,26.6,17,5.7,0.6,8.2,3.5,14.7,0.1,0.1,0.3,0.155,-4,2.9,-1.1,0,2.67
118,Myles Turner,turnemy01,C,22,IND,7,187,17.1,0.548,0.143,0.214,8.2,16.3,12.3,6,0.8,7,9.5,20.1,0.2,0.3,0.5,0.128,-0.9,3,2.1,0.2,7.63
119,Alec Burks,burksal01,SG,27,UTA,5,55,17.1,0.58,0.381,0.524,0,13.6,7.2,13.8,1.7,1.4,7.2,21.7,0.1,0.1,0.2,0.176,0.3,0.9,1.1,0,2.33
120,Taj Gibson,gibsota01,PF,33,MIN,7,187,17,0.617,0.094,0.264,11.4,17.2,14.2,4.8,1.5,3.8,13.2,14.8,0.3,0.1,0.4,0.108,0.1,0.8,0.9,0.1,5.27
121,Shaun Livingston,livinsh01,PG,33,GSW,4,57,17,0.619,0,0.25,14.8,12.5,13.6,8.6,2.5,0,14.5,15.4,0.1,0.1,0.2,0.178,2.3,-0.6,1.7,0.1,3.51
122,Richaun Holmes,holmeri01,C,25,PHO,5,21,17,0.532,0,2,21.1,27.5,24.2,12.7,2.3,3.9,21,9.8,0,0,0.1,0.149,-0.1,3.6,3.5,0,2.05
123,Antonio Blakeney,blakean01,SG,22,CHI,7,124,17,0.603,0.321,0.25,0.9,12,6.6,5.3,0.4,1.5,3.1,22.3,0.2,-0.1,0.2,0.062,0.4,-4.8,-4.4,-0.1,-0.32
124,Troy Daniels,danietr01,SG,27,PHO,3,25,16.9,0.652,0.625,0.125,4.4,4.6,4.5,12.5,3.8,0,10.6,16.4,0,0,0.1,0.121,3.1,-1.7,1.5,0,1.45
125,Pascal Siakam,siakapa01,PF,24,TOR,8,208,16.8,0.624,0.203,0.203,5.8,20.9,13.8,11.7,2.3,1.9,16.7,16.9,0.3,0.4,0.6,0.15,0.6,3,3.7,0.3,10.11
126,Thon Maker,makerth01,C,21,MIL,3,41,16.8,0.69,0.583,0.333,2.7,26.8,16.3,6.6,0,5.6,12.7,15.7,0.1,0.1,0.2,0.218,-0.2,4,3.7,0.1,4.11
127,George Hill,hillge01,PG,32,CLE,7,180,16.8,0.635,0.262,0.231,4.1,4.1,4.1,14.4,1.3,0.5,11.2,18.6,0.5,0,0.4,0.115,3,-4.1,-1.2,0,3.64
128,Jaren Jackson,jacksja02,PF,19,MEM,6,136,16.7,0.546,0.241,0.389,6.5,19.2,12.8,10.4,2.5,4.1,10,23.1,0.1,0.3,0.4,0.148,-1.4,2.9,1.5,0.1,5.45
129,Miles Bridges,bridgmi02,SF,20,CHO,7,133,16.6,0.682,0.421,0.184,3.1,15.8,9.3,8.5,1.8,1.3,10.9,14.9,0.3,0.1,0.4,0.144,2.3,-0.2,2.1,0.1,5.63
130,De'Aaron Fox,foxde01,PG,21,SAC,8,259,16.6,0.539,0.179,0.509,2,10.2,6.1,28.5,2.1,1.3,17.2,25,0.2,0.2,0.4,0.077,0.4,-0.8,-0.4,0.1,4.88
131,D'Angelo Russell,russeda01,PG,22,BRK,7,201,16.6,0.586,0.484,0.176,2.3,12.2,7.5,30.5,0.7,1.1,18.3,25.9,0.2,0.1,0.3,0.069,1.4,-1.3,0,0.1,4
132,Buddy Hield,hieldbu01,SG,25,SAC,8,257,16.5,0.622,0.336,0.168,2.8,16.6,9.7,10.4,0.5,1.7,14.8,22.9,0.3,0.2,0.5,0.094,1.5,-1.5,0,0.1,6
133,Luke Kennard,kennalu01,SG,22,DET,3,43,16.5,0.708,0.167,0,0,13.5,6.3,10.9,1.1,2,7.7,12.7,0.1,0,0.2,0.168,0.4,0.1,0.4,0,2.12
134,Davis Bertans,bertada01,PF,26,SAS,6,87,16.2,0.721,0.773,0.091,4.6,9.4,6.9,12.7,1.1,1,11.6,12.8,0.2,0,0.3,0.14,3.3,-1.9,1.4,0.1,4.42
135,Maxi Kleber,klebima01,PF,27,DAL,7,136,16.2,0.627,0.641,0.282,7,18.4,12.4,2.1,1,6.2,10.2,14.9,0.2,0.1,0.3,0.116,-0.5,-0.2,-0.7,0,2.79
136,Marcus Morris,morrima03,PF,29,BOS,7,178,16.1,0.645,0.449,0.304,2.2,26.4,14.2,6.7,0.8,0.5,13.3,21.7,0.2,0.5,0.7,0.193,-0.4,1.3,0.9,0.1,8.27
137,Ersan Ilyasova,ilyaser01,PF,31,MIL,7,160,16,0.625,0.458,0.229,7.5,19.5,14.3,9.1,1.4,1.4,10.2,15,0.3,0.4,0.7,0.225,1.7,3.5,5.2,0.3,11.56
138,Jonas Jerebko,jerebjo01,PF,31,GSW,8,131,15.8,0.675,0.514,0.371,5.5,24.2,15.6,10.1,1.4,0,10.9,14.8,0.4,0.2,0.5,0.192,3.1,-1,2.1,0.1,6.63
139,Markieff Morris,morrima02,PF,29,WAS,6,154,15.8,0.647,0.509,0.245,2,20.3,11,9.3,0.9,3.6,13.3,18.3,0.2,0.1,0.3,0.089,0.6,0.3,0.8,0.1,4.24
140,Trae Young,youngtr01,PG,20,ATL,7,220,15.8,0.552,0.448,0.352,1.4,7.8,4.6,34.4,0.8,0.7,14.8,26.4,0.2,0.1,0.3,0.075,0,-3.7,-3.6,-0.1,0.92
141,J.J. Redick,redicjj01,SG,34,PHI,8,243,15.7,0.555,0.621,0.169,1.2,10,5.7,16.9,0.8,0.3,5.7,23.8,0.4,0.2,0.6,0.118,3,-3.2,-0.2,0.1,6.94
142,Rodney McGruder,mcgruro01,SG,27,MIA,7,239,15.5,0.641,0.479,0.225,3,15.1,9.1,15.9,1.2,1,11.4,14.9,0.6,0.2,0.8,0.161,3,1.7,4.7,0.4,13.41
143,Alex Len,lenal01,C,25,ATL,7,166,15.5,0.596,0.214,0.214,6.6,18.3,12.4,11.6,0.8,4.9,14,17.6,0.2,0.2,0.4,0.105,-2.9,1.8,-1.2,0,3.64
144,CJ McCollum,mccolcj01,SG,27,POR,7,224,15.5,0.526,0.368,0.222,4,9,6.7,9.7,0.4,1,6.5,26.1,0.3,0.2,0.5,0.103,0.6,-2.4,-1.8,0,4.46
145,Kyle Kuzma,kuzmaky01,PF,23,LAL,7,226,15.5,0.54,0.381,0.153,2.3,12.3,7.3,6.5,0.4,1.7,3.1,23.2,0.3,0,0.3,0.069,0.2,-4,-3.9,-0.1,0.83
146,Jamal Murray,murraja01,PG,21,DEN,6,187,15.4,0.526,0.376,0.271,2.3,12.5,7.4,13.4,2.5,1.4,9.5,23.2,0.1,0.3,0.5,0.12,-0.6,1.9,1.4,0.2,7.42
147,Elfrid Payton,paytoel01,PG,24,NOP,5,144,15.4,0.549,0.146,0.229,5.1,17,11,28.2,1.3,0.6,17.2,17.7,0.2,0.1,0.3,0.095,1.6,-0.3,1.3,0.1,4.39
148,Daniel Theis,theisda01,C,26,BOS,5,61,15.4,0.617,0.217,0.13,11,16.1,13.5,11.6,0,1.4,14.1,19.8,0.1,0.1,0.2,0.182,-0.2,1.5,1.3,0.1,3.39
149,Rodions Kurucs,kurucro01,SF,20,BRK,3,43,15.4,0.626,0.526,0.211,10.7,18.9,15.1,3.8,0,0,19.4,26,0,0,0,0.036,-1.4,-4.6,-6,0,-1.8
150,Kevin Love,loveke01,C,30,CLE,4,136,15.4,0.478,0.369,0.508,7.7,39.7,22.5,14.8,0.4,0.6,11.2,27.3,0.1,0,0.1,0.038,-1.7,-3,-4.7,-0.1,-1.41
151,Jrue Holiday,holidjr01,SG,28,NOP,6,205,15.3,0.504,0.301,0.253,3.1,10.9,7,29.2,2.2,1.6,16.3,21.5,0.1,0.1,0.3,0.069,1.2,-0.4,0.8,0.1,4.24
152,Bam Adebayo,adebaba01,C,21,MIA,7,124,15.2,0.54,0.053,0.605,13.3,26.6,19.9,8.2,1.1,1.3,17.2,18.9,0.1,0.2,0.3,0.103,-2,1.6,-0.4,0,2.88
153,Kyrie Irving,irvinky01,PG,26,BOS,7,221,15.1,0.512,0.35,0.204,2.2,12.9,7.5,29.8,1.3,1.1,13.2,25,0,0.5,0.5,0.119,0,2.1,2.1,0.2,7.63
154,Damyean Dotson,dotsoda01,SG,24,NYK,5,146,15.1,0.566,0.579,0.053,4.1,20.1,11.6,4.1,2,0.6,6.4,17.8,0.2,0.2,0.3,0.111,1.7,-1,0.6,0.1,4.18
155,Iman Shumpert,shumpim01,SG,28,SAC,7,132,15.1,0.665,0.595,0.167,0.8,12.3,6.6,7.7,1.7,1.9,10,15.7,0.3,0.1,0.4,0.138,2.7,-0.7,2.1,0.1,5.63
156,Monte Morris,morrimo01,PG,23,DEN,6,132,15,0.479,0.269,0.192,2.4,8.9,5.6,25.4,2.9,0,6.6,18.9,0.1,0.2,0.4,0.132,-0.6,1.2,0.6,0.1,5.18
157,Nik Stauskas,stausni01,SG,25,POR,7,157,15,0.62,0.538,0.231,2.8,10,6.7,12.5,0.6,0.5,10.9,17.4,0.4,0.1,0.5,0.151,2.7,-1.2,1.6,0.1,6.48
158,Goran Dragic,dragigo01,PG,32,MIA,7,222,14.9,0.542,0.437,0.252,2.3,8.8,5.6,24.8,0.6,0.7,12.3,23.7,0.3,0.1,0.5,0.099,2.1,-1.2,0.9,0.2,7.27
159,Garrett Temple,templga01,SG,32,MEM,6,182,14.9,0.64,0.534,0.362,1.8,11.8,6.8,7.2,1.4,1.5,9.4,18.3,0.3,0.3,0.6,0.151,1.1,0.1,1.3,0.2,8.39
160,Paul Millsap,millspa01,PF,33,DEN,6,166,14.9,0.506,0.218,0.545,10.2,21.8,16,6.6,2,4.3,15,20,0,0.4,0.4,0.108,-3.4,4.1,0.8,0.1,5.24
161,Donovan Mitchell,mitchdo01,SG,22,UTA,6,215,14.9,0.546,0.391,0.209,1.1,6.9,4.2,21.5,1.8,0.4,13.1,28.9,0,0.3,0.3,0.07,0.3,-0.4,-0.2,0.1,3.94
162,Frank Jackson,jacksfr01,PG,20,NOP,4,57,14.9,0.605,0.35,0.45,0,3.7,1.9,11,0.8,0,0,16.8,0.2,0,0.2,0.147,2.8,-4.7,-1.9,0,1.43
163,Rodney Hood,hoodro01,SG,26,CLE,7,194,14.9,0.532,0.224,0.188,2.2,8.8,5.3,10.4,2,0,4.2,20.6,0.3,0,0.3,0.081,0.7,-3.7,-3,-0.1,1.1
164,JaMychal Green,greenja01,PF,28,MEM,2,39,14.8,0.472,0.133,0.133,11.4,23.3,17.2,17.2,5.1,0,20.1,22.8,-0.1,0.1,0.1,0.066,-3.4,4.3,0.9,0,1.27
165,Derrick Rose,rosede01,PG,30,MIN,7,199,14.8,0.463,0.198,0.281,5.6,9.1,7.3,26.3,1.2,0.4,7.7,23.8,0.2,0,0.2,0.036,0,-2.6,-2.5,0,1.25
166,Al Horford,horfoal01,C,32,BOS,7,205,14.7,0.518,0.431,0.167,6.6,16.2,11.4,19.5,1.2,4.1,14.4,18.8,0.1,0.6,0.6,0.147,-0.8,5.2,4.4,0.3,10.32
167,Hamidou Diallo,diallha01,SG,20,OKC,5,69,14.7,0.517,0.125,0.292,8.4,10.8,9.6,6.4,3.3,3.5,10,17.1,0.1,0.1,0.2,0.119,-2,3.1,1,0.1,3.3
168,Elie Okobo,okoboel01,PG,21,PHO,4,60,14.7,0.68,0.6,0.4,3.7,5.8,4.7,26.4,0,0,17.5,20.7,0.2,0,0.1,0.113,3.3,-5.8,-2.4,0,0.28
169,Luka Doncic,doncilu01,SF,19,DAL,7,250,14.6,0.579,0.45,0.303,3,18.1,10.1,17.7,1.1,1,19.5,25.4,0,0.1,0.1,0.02,-0.5,-1.8,-2.3,0,0.31
170,Kelly Oubre,oubreke01,SF,23,WAS,7,192,14.6,0.606,0.486,0.338,3.7,16.3,9.9,3.3,1,1.7,12.4,21.1,0.2,0,0.2,0.058,-0.3,-2.3,-2.7,0,1.19
171,Duncan Robinson,robindu01,SF,24,MIA,1,10,14.5,0.5,1,0,0,41.2,20.6,0,4.7,0,0,12.1,0,0,0,0.14,-3.8,-0.6,-4.4,0,-1.32
172,Andrew Wiggins,wiggian01,SF,23,MIN,4,109,14.5,0.543,0.314,0.314,1.9,9.8,5.7,11.6,2.2,0,9.4,23.8,0.1,0,0.1,0.056,-0.1,-2.9,-3.1,0,0.07
173,Brook Lopez,lopezbr01,C,30,MIL,7,180,14.4,0.636,0.688,0.156,1.8,7.5,5,6.7,0.3,4.7,9.3,17.1,0.3,0.4,0.7,0.182,1.6,2.5,4.2,0.3,11.26
174,Cory Joseph,josepco01,PG,27,IND,7,165,14.4,0.631,0.341,0.098,0,16.5,8.4,18.1,2.4,1.1,17.4,13.9,0.2,0.3,0.5,0.137,0.7,2.3,3,0.2,7.9
175,Josh Richardson,richajo01,SF,25,MIA,7,239,14.4,0.529,0.457,0.207,3,10.3,6.7,12.5,1.4,2.4,10.6,23.9,0.2,0.2,0.4,0.086,0.9,0.7,1.7,0.2,6.51
176,Mohamed Bamba,bambamo01,C,20,ORL,7,144,14.4,0.568,0.394,0.152,5.1,22.2,13.1,8.2,0.7,8.1,12.4,11.7,0.1,0.2,0.3,0.091,-2.7,4.5,1.9,0.1,4.57
177,Jeremy Lamb,lambje01,SG,26,CHO,8,197,14.4,0.514,0.359,0.192,3.2,12.9,7.9,8.5,2.2,2.2,3.4,19.1,0.2,0.2,0.4,0.107,0.3,-0.1,0.2,0.1,5.06
178,Joe Ingles,inglejo01,SF,31,UTA,6,199,14.3,0.61,0.594,0.101,1.2,15,8.6,19.5,2.6,0.4,19.1,19.2,0.1,0.3,0.5,0.11,1.5,2.9,4.3,0.3,9.29
179,Evan Turner,turneev01,SF,30,POR,7,171,14.3,0.542,0.089,0.161,2,16.1,9.7,24.6,2.2,1.4,20,18.6,0.1,0.3,0.3,0.095,-1.1,2.4,1.3,0.1,4.39
180,Ryan Arcidiacono,arcidry01,PG,24,CHI,6,149,14.3,0.699,0.733,0.167,0.7,6.4,3.7,27.8,1,0.6,13.4,10.8,0.4,-0.1,0.4,0.113,2.3,-4.5,-2.2,0,3.34
181,Troy Brown,browntr01,SF,19,WAS,2,14,14.3,0.509,0.167,0.333,7.3,29.8,18.4,0,3.3,0,12.7,23.5,0,0,0,0.028,-7.5,-5.4,-12.9,0,-3.87
182,Dzanan Musa,musadz01,SG,19,BRK,3,15,14.3,0.436,0.333,0.333,7.7,6.8,7.2,10.8,6.5,0,12.7,22.8,0,0,0,-0.033,-3,2.2,-0.8,0,-0.24
183,Jordan Bell,belljo01,C,24,GSW,7,78,14.1,0.735,0,0.625,4.6,14.4,9.9,5.7,2.4,10.8,22.7,7.2,0.1,0.2,0.2,0.152,-0.3,6.9,6.7,0.2,6.01
184,Darren Collison,collida01,PG,31,IND,7,183,14.1,0.54,0.222,0.259,1.3,6.8,4.1,22.9,3,0,15.5,17.2,0.2,0.2,0.4,0.111,0,0.3,0.3,0.1,5.09
185,Doug McDermott,mcderdo01,SF,27,IND,7,128,14.1,0.709,0.657,0.2,0,7.1,3.6,8.3,0.8,0,2.6,13.5,0.4,0.1,0.5,0.186,4.2,-1.8,2.5,0.1,6.75
186,Zaza Pachulia,pachuza01,C,34,DET,6,94,14.1,0.414,0,0.75,15,22.2,18.3,15.1,3.1,1.8,13.1,13.6,0.1,0.2,0.3,0.129,-1.2,4,2.8,0.1,4.84
187,Ish Smith,smithis01,PG,30,DET,6,170,14,0.616,0.371,0.048,0.6,8.9,4.4,17.5,0.3,1,11.2,17.6,0.3,0.1,0.4,0.123,1.4,-2.2,-0.8,0.1,4.76
188,Derrick Favors,favorde01,C,27,UTA,5,111,14,0.532,0.154,0.41,13.2,23.1,18.5,2.8,1.3,4.9,17.8,21.7,0,0.2,0.2,0.082,-4.4,2.4,-2,0,1.4
189,Tristan Thompson,thomptr01,C,27,CLE,7,186,14,0.47,0,0.192,18.1,21.8,19.8,9,1.3,1.4,15.1,14.8,0.1,0,0.2,0.044,-0.7,-0.7,-1.4,0,1.58
190,Jamal Crawford,crawfja01,SG,38,PHO,5,57,13.9,0.666,0.688,0.5,0,6.1,3,18.2,1.7,0,17,17.9,0.1,0,0.1,0.095,1.2,-4.2,-3,0,0.1
191,Draymond Green,greendr01,PF,28,GSW,8,248,13.8,0.52,0.314,0.255,3.4,18.1,11.4,29.8,3.4,2.3,31.4,14.1,0.1,0.4,0.6,0.109,-0.4,3.1,2.7,0.3,9.81
192,Aaron Gordon,gordoaa01,PF,23,ORL,7,227,13.8,0.514,0.363,0.352,6.5,20.7,13.1,12.1,1.3,2.9,14.6,22.8,-0.1,0.2,0.1,0.026,-1.3,1,-0.3,0.1,1.91
193,Spencer Dinwiddie,dinwisp01,PG,25,BRK,7,188,13.8,0.6,0.507,0.164,1.2,7.6,4.6,21,0.8,1.5,17,21.8,0.2,0,0.2,0.051,0.1,-1.7,-1.7,0,1.49
194,Jae Crowder,crowdja01,SF,28,UTA,6,185,13.7,0.57,0.585,0.472,3.3,16.7,10.5,10.2,1,0,0,14.9,0.4,0.2,0.7,0.177,2.2,1.3,3.5,0.3,11.05
195,Trey Burke,burketr01,PG,26,NYK,7,156,13.7,0.464,0.308,0.115,4.5,8,6.1,27,1.2,0,9.9,24.4,0,0.1,0.1,0.029,1,-2.6,-1.6,0,0.52
196,Kent Bazemore,bazemke01,SG,29,ATL,7,210,13.6,0.564,0.458,0.277,2.8,13.5,8.1,12.2,2.4,2.7,15.4,21.4,0,0.3,0.3,0.058,-2.5,0.8,-1.7,0,2.49
197,Tyson Chandler,chandty01,C,36,PHO,6,80,13.6,0.682,0,1.364,8.3,41.9,24.8,10.5,1.2,1,22.1,12.3,0.1,0.1,0.2,0.12,-2.8,1,-1.8,0,1.46
198,Ivan Rabb,rabbiv01,PF,21,MEM,2,23,13.6,0.633,0.2,0.6,9.6,29.6,19.5,21.1,2.1,4.1,38.8,20.1,0,0.1,0,0.066,-5,5.2,0.1,0,0.03
199,Dennis Smith,smithde03,PG,21,DAL,6,186,13.6,0.52,0.301,0.172,2.3,7.1,4.5,23.9,1.8,1.4,15.2,26.3,-0.1,0.1,0,0.006,-1.4,-2.9,-4.3,-0.1,-2.29
200,Bojan Bogdanovic,bogdabo02,SF,29,IND,7,210,13.5,0.668,0.4,0.229,1.1,13.5,7.4,3.9,0.2,0,14.4,19,0.3,0.2,0.5,0.106,0.9,-1.9,-1.1,0.1,5.67
201,Klay Thompson,thompkl01,SG,28,GSW,8,258,13.5,0.537,0.429,0.114,1.9,11.9,7.3,4.8,0.9,1.8,8.1,26.3,0.1,0.2,0.3,0.05,-1.6,-3.7,-5.3,-0.2,-0.59
202,Jayson Tatum,tatumja01,SF,20,BOS,7,228,13.4,0.513,0.283,0.323,3,21.5,12.1,11.7,1,0.7,10.3,23.6,0,0.6,0.6,0.124,-2.7,2.2,-0.5,0.1,6.85
203,Shelvin Mack,macksh01,PG,28,MEM,6,148,13.4,0.567,0.22,0.317,0.7,8.4,4.5,26.4,1.7,0,11.4,16,0.2,0.2,0.4,0.131,-1,-1,-2,0,3.4
204,Danny Green,greenda02,SG,31,TOR,8,249,13.3,0.632,0.723,0.077,2.6,12.4,7.8,6.5,1.7,2.6,8.2,12.3,0.4,0.3,0.7,0.141,2.3,2.1,4.4,0.4,12.32
205,Dwyane Wade,wadedw01,SG,37,MIA,7,176,13.3,0.525,0.358,0.185,6.4,11.7,9.1,18.7,0.8,1.4,16.3,24,0,0.1,0.2,0.049,0.2,0.3,0.5,0.1,3.15
206,Cristiano Felicio,feliccr01,C,26,CHI,4,93,13.3,0.634,0,0.471,8.4,21.8,15.2,4.4,1.5,1,16.3,11.4,0.1,0,0.1,0.072,-2.1,-0.8,-2.9,0,0.13
207,Marco Belinelli,belinma01,SG,32,SAS,6,128,13.2,0.532,0.5,0.259,0,10.1,4.7,9.1,1.9,0.7,6.2,21.5,0.1,0,0.2,0.063,-0.5,-2.8,-3.4,0,0.98
208,Isaiah Briscoe,briscis01,PG,22,ORL,3,23,13.2,0.536,0.125,0.375,0,9.3,4.3,35.2,0,0,9.7,18.8,0,0,0,0.064,-1.4,-4.9,-6.2,0,-1.86
209,Patrick Patterson,pattepa01,PF,29,OKC,6,119,13.2,0.592,0.568,0.216,5.7,13.4,9.4,0,1.2,2,6.9,14.4,0.2,0.1,0.3,0.125,-1.6,-2.1,-3.7,-0.1,0.89
210,Tony Snell,snellto01,SG,27,MIL,7,116,13.1,0.633,0.657,0.086,2.8,6.6,4.9,6.8,0.8,1.3,2.7,13.1,0.2,0.2,0.4,0.186,2,1.3,3.3,0.2,6.99
211,J.J. Barea,bareajo01,PG,34,DAL,7,124,13.1,0.359,0.349,0.19,4.3,12.5,8.1,48.1,2.3,0,8.1,24.8,-0.1,0.1,0,0.001,-1,-2.5,-3.5,0,-1.05
212,Kevin Huerter,huertke01,SG,20,ATL,7,110,13.1,0.577,0.621,0.172,5.4,21.2,13.2,12.9,1.2,1.5,13.8,13.5,0.1,0.1,0.2,0.102,-2.5,0.4,-2.1,0,1.37
213,Wayne Selden,seldewa01,SG,24,MEM,6,94,13.1,0.653,0.485,0.152,2.4,4.8,3.6,11.2,2.1,0,18.5,20.6,0,0.1,0.2,0.089,-0.1,-1.3,-1.4,0,1.58
214,Lonzo Ball,balllo01,PG,21,LAL,7,191,13,0.556,0.61,0.119,2.2,15.1,8.7,17.9,2.1,0,15.1,15.4,0.2,0.1,0.3,0.064,0.7,-1.2,-0.4,0.1,3.88
215,Mike Scott,scottmi01,PF,30,LAC,7,80,13,0.711,0.474,0,1.4,13.2,7.8,12.2,1.8,0,9.5,11,0.2,0.1,0.3,0.166,3.4,0.3,3.6,0.1,5.08
216,Jason Smith,smithja02,C,32,WAS,5,79,13,0.51,0.1,0.4,11.6,22.4,17,12.7,0.6,4,14.5,14.5,0.1,0,0.1,0.075,-2.2,1.8,-0.4,0,0.88
217,Fred VanVleet,vanvlfr01,PG,24,TOR,4,99,13,0.481,0.372,0.256,2.2,9.8,6.2,28.8,0.5,0,9.5,22.4,0.1,0.1,0.2,0.077,0.1,-2.5,-2.4,0,1.28
218,Thaddeus Young,youngth01,PF,30,IND,7,209,12.9,0.569,0.097,0.177,4.5,10.8,7.7,6.5,1.9,0.8,9.5,15.7,0.2,0.3,0.5,0.106,-0.2,1.2,1,0.2,7.3
219,Johnathan Williams,willijo04,PF,23,LAL,5,78,12.9,0.542,0,0.263,14.6,10.6,12.6,6.1,0.6,2.9,4.5,11.5,0.2,0,0.2,0.107,0.4,-0.9,-0.5,0,1.85
220,Jeff Teague,teaguje01,PG,30,MIN,7,212,12.9,0.493,0.282,0.359,0.5,8.1,4.2,32.2,1.3,0.4,12.6,19.8,0.2,0,0.2,0.046,-0.8,-3.6,-4.3,-0.1,-0.29
221,Shai Gilgeous-Alexander,gilgesh01,PG,20,LAC,7,181,12.8,0.59,0.14,0.372,3.1,9.5,6.6,18.7,1.8,1.2,20.6,14.6,0.2,0.2,0.4,0.102,0.6,1.1,1.7,0.2,6.51
222,Bryn Forbes,forbebr01,SG,25,SAS,6,186,12.8,0.601,0.485,0.147,1.1,5.7,3.2,9.5,1.6,0,10,18.6,0.2,0,0.3,0.069,1,-3,-2,0,2.4
223,Reggie Jackson,jacksre01,PG,28,DET,6,178,12.8,0.524,0.547,0.387,2.3,7.2,4.5,19.2,0.3,0,9.3,22.7,0.2,0.1,0.4,0.096,1.8,-3.7,-1.8,0,3.46
224,Malcolm Brogdon,brogdma01,PG,26,MIL,7,215,12.7,0.617,0.353,0.191,1.5,8.6,5.5,16.6,0.8,0.4,16,16.6,0.3,0.4,0.7,0.16,0.1,1.5,1.6,0.2,9.48
225,Troy Williams,willitr02,SF,24,SAC,2,46,12.7,0.75,0.6,0,0,13.2,6.6,2.7,1,3.7,0,9,0.1,0,0.1,0.149,1.8,0.2,2,0,1.6
226,Nicolas Batum,batumni01,SG,30,CHO,8,271,12.6,0.574,0.535,0.127,3.1,17.1,9.9,13.1,1.6,2.3,17.6,14.4,0.2,0.3,0.4,0.079,0.4,1.5,1.9,0.3,7.57
227,Malik Monk,monkma01,SG,20,CHO,8,191,12.6,0.528,0.54,0.126,1.1,8.1,4.5,12,1,1.8,8,22.4,0.1,0.1,0.2,0.058,0.6,-2.7,-2.1,0,1.37
228,Jakob Poeltl,poeltja01,C,23,SAS,3,34,12.6,0.5,0,0,23.7,10.4,17.5,15.5,0,0,25,10.1,0.1,0,0.1,0.086,0.7,-1,-0.3,0,0.91
229,Tomas Satoransky,satorto01,SG,27,WAS,7,91,12.6,0.568,0.227,0.545,2.2,12.6,7.4,21.6,0.5,0.9,9.9,13.9,0.2,0,0.2,0.09,-0.9,-1.8,-2.7,0,1.19
230,Omari Spellman,spellom01,PF,21,ATL,6,106,12.6,0.543,0.459,0.216,11.3,14.4,12.8,7.1,1.3,0.8,12.9,17.9,0.1,0.1,0.2,0.073,-2.3,-1.4,-3.7,0,0.89
231,Collin Sexton,sextoco01,PG,20,CLE,7,169,12.6,0.538,0.109,0.5,3.7,9.4,6.4,13.8,0.9,0.5,15.2,22.6,0.1,0,0.1,0.024,-1.8,-4,-5.8,-0.2,-2.74
232,Terry Rozier,roziete01,PG,24,BOS,7,160,12.5,0.504,0.392,0.157,1.2,15.9,8.5,14.4,2.1,1,5.2,15.4,0.1,0.4,0.5,0.158,-1.9,3.7,1.8,0.2,7.54
233,Anthony Tolliver,tollian01,PF,33,MIN,7,143,12.5,0.71,0.853,0.176,2.1,14.2,8,4.9,1,2.8,12,11.8,0.2,0,0.3,0.091,1.5,-0.7,0.8,0.1,4.24
234,Gary Clark,clarkga01,PF,24,HOU,5,38,12.5,0.567,0.867,0,5,19.4,11.2,4.1,0,2,0,16.4,0.1,0,0.1,0.09,0.5,-3.4,-2.9,0,0.13
235,Robert Covington,covinro01,SF,28,PHI,8,280,12.4,0.584,0.659,0.2,2.1,13.5,7.9,4.1,2.6,3.9,13.1,15.5,0.1,0.5,0.5,0.094,-0.6,2.3,1.6,0.3,8.48
236,Joe Harris,harrijo01,SG,27,BRK,7,202,12.4,0.665,0.574,0.082,2.8,11.6,7.5,13.4,1,0.4,19.2,16.8,0.2,0.1,0.3,0.061,0.6,-0.5,0.1,0.1,4.03
237,Josh Hart,hartjo01,SG,23,LAL,7,215,12.4,0.564,0.52,0.2,1.4,14.9,8.2,5.1,2.8,1.1,10.9,17.2,0.1,0.2,0.2,0.049,-0.3,-0.7,-1.1,0.1,2.67
238,Wesley Matthews,matthwe02,SF,32,DAL,7,243,12.4,0.538,0.551,0.252,2.6,6.9,4.6,11.3,0.8,0,7.8,22,0.3,0,0.3,0.05,0.7,-4.4,-3.7,-0.1,0.89
239,E'Twaun Moore,mooreet01,SG,29,NOP,6,186,12.3,0.613,0.371,0.21,3.4,4,3.7,7.6,1,1.3,10.6,16.3,0.3,0,0.3,0.082,2.5,-2,0.5,0.1,4.15
240,Jonathan Isaac,isaacjo01,PF,21,ORL,7,164,12.3,0.511,0.367,0.224,5.6,20.8,12.7,3.7,1.8,4.1,10,15.3,0,0.2,0.2,0.061,-3.2,1.8,-1.4,0,1.58
241,Wendell Carter,cartewe01,PF,19,CHI,7,166,12.2,0.48,0.105,0.263,6,21.2,13.8,13.8,0.3,6,13.6,19.1,-0.1,0,0,-0.01,-4.3,1.2,-3.1,0,-0.93
242,Dante Exum,exumda01,PG,23,UTA,6,107,12.2,0.511,0.283,0.435,2.3,11,6.9,16.4,0.4,1.5,11.3,24.8,0,0.1,0.1,0.056,-2.6,-0.2,-2.8,0,0.16
243,MarShon Brooks,brookma01,SG,30,MEM,5,64,12.1,0.551,0.385,0.346,1.7,12.4,7,8.3,0.8,0,9.1,23.1,0,0.1,0.1,0.071,-2.3,-2.5,-4.9,0,-0.47
244,Isaiah Hartenstein,harteis01,PF,20,HOU,5,34,12.1,0.615,0.25,0.5,5.5,3.6,4.7,17.3,1.4,4.6,17,14.4,0.1,0,0.1,0.103,-1.5,0.3,-1.3,0,0.61
245,Jahlil Okafor,okafoja01,C,23,NOP,4,41,12.1,0.53,0,0.3,15.3,15.6,15.5,3.3,0,0,18.1,26.9,0,0,0,-0.001,-3.7,-5.7,-9.4,-0.1,-3.82
246,Bismack Biyombo,biyombi01,C,26,CHO,4,45,12,0.49,0,0.625,9.3,22.1,15.5,2.8,0,13.7,16.4,11.6,0,0.1,0.1,0.083,-5.2,5.7,0.5,0,1.15
247,Terrence Ross,rosste01,SG,27,ORL,7,167,12,0.48,0.5,0.095,1.7,8.9,5,14,2.6,2,8.4,24,-0.1,0.2,0,0.006,-0.4,-0.6,-1,0,-0.3
248,Bobby Portis,portibo01,PF,23,CHI,4,113,12,0.467,0.268,0.22,5.9,32.1,19.3,10.1,0.8,3.2,10,19.1,-0.1,0.1,0,-0.001,-4.3,-0.1,-4.4,-0.1,-2.32
249,Khem Birch,birchkh01,C,26,ORL,2,17,11.9,0.5,0,0,0,12.5,5.8,0,5.6,0,0,9.9,0,0,0,0.078,-4.9,1.7,-3.2,0,-0.96
250,Yuta Watanabe,watanyu01,SG,24,MEM,1,5,11.9,1.136,,,0,45.4,22.4,0,0,0,53.2,16.8,0,0,0,0.131,-11,-4.4,-15.5,0,-4.65
251,Justin Holiday,holidju01,SG,29,CHI,7,234,11.8,0.561,0.697,0.121,1.4,10.5,6.1,8.7,2.2,0.8,5.4,13.6,0.2,0,0.2,0.044,1.1,-1.1,0,0.1,3
252,Yogi Ferrell,ferreyo01,SG,25,SAC,7,123,11.8,0.578,0.368,0.263,1.7,7.4,4.5,5.1,1.5,0.7,8.6,15.6,0.1,0.1,0.2,0.081,0,-1.8,-1.8,0,1.46
253,Donte DiVincenzo,divindo01,SG,22,MIL,7,141,11.7,0.587,0.6,0.222,3.1,14.4,9.5,10.2,0.6,1.1,15.4,16.9,0.1,0.3,0.4,0.137,-0.5,1.9,1.4,0.1,5.42
254,Chimezie Metu,metuch01,PF,21,SAS,2,9,11.7,0.34,0.2,0.4,0,26.1,12,15.1,0,9.3,0,28.1,0,0,0,-0.056,-9,0.8,-8.3,0,-2.49
255,P.J. Tucker,tuckepj01,PF,33,HOU,6,214,11.6,0.555,0.696,0.13,4.8,11.5,7.7,5.9,3.1,1.8,9.3,10.4,0.2,0.1,0.3,0.068,-0.5,2.3,1.8,0.2,5.54
256,Otto Porter,porteot01,SF,25,WAS,7,216,11.6,0.497,0.414,0.143,2.8,15,8.8,5.6,2.3,1.8,5.1,15.1,0,0.1,0.1,0.03,-1.7,0.7,-1,0.1,1.7
257,Justise Winslow,winslju01,PF,22,MIA,3,73,11.6,0.431,0.217,0.478,5.6,12.7,9.2,15.2,3.2,2.2,12.6,17.6,0,0.1,0.1,0.054,-2.4,3.7,1.3,0.1,2.39
258,Raymond Felton,feltora01,PG,34,OKC,2,32,11.6,0.448,0.353,0.412,3,19.9,11.1,19.3,0,2.5,13,28.3,0,0,0,-0.011,-4.2,-1,-5.2,0,-1.56
259,Luol Deng,denglu01,SF,33,MIN,1,12,11.5,0.286,0.429,0,25.3,17.8,21.7,0,0,6.6,0,23.7,0,0,0,-0.081,-6.7,-7.2,-13.9,0,-4.17
260,Jeff Green,greenje02,PF,32,WAS,7,183,11.5,0.551,0.357,0.304,4.4,16.5,10.4,8.2,1,2.2,15.9,17.2,0,0.1,0.1,0.02,-2.3,-0.1,-2.4,0,0.28
261,Maurice Harkless,harklma01,SF,25,POR,5,88,11.2,0.503,0.444,0.111,3.8,21.9,13.7,7.3,1.1,5.2,9.6,10.1,0.1,0.2,0.2,0.12,-1.6,4.2,2.6,0.1,3.78
262,Tim Frazier,fraziti01,PG,28,NOP,3,37,11.2,0.543,0.667,0.167,5.7,14.4,10,24.7,1.2,2.2,23.7,9.1,0,0,0.1,0.093,1.3,0.1,1.3,0,1.39
263,Derrick Jones,jonesde02,SF,21,MIA,4,76,11.2,0.489,0.281,0.344,8.1,6.8,7.5,8,1.2,2.1,9.8,21.7,0,0.1,0.1,0.054,-1.3,-0.1,-1.4,0,0.58
264,Evan Fournier,fournev01,SF,26,ORL,7,201,11.2,0.465,0.439,0.15,0.5,9.6,4.7,23.5,0.7,0,5.8,25.3,-0.1,0.1,0,-0.001,0.2,-3.6,-3.4,-0.1,-2.02
265,T.J. McConnell,mccontj01,PG,26,PHI,8,118,11.2,0.574,0.074,0.074,0.8,9.9,5.4,27.6,1.2,1.3,22.3,12.4,0.1,0.1,0.2,0.082,-3.4,-1.2,-4.7,-0.1,-0.41
266,Marcin Gortat,gortama01,C,34,LAC,7,124,11,0.503,0,0.458,10.9,23.2,17.5,11.5,0,3,19.5,12.1,0.1,0.2,0.3,0.101,-1.2,2.4,1.2,0.1,4.36
267,Malik Beasley,beaslma01,SG,22,DEN,6,92,11,0.581,0.419,0,1.2,15,8.1,4.7,1,1,8.8,15.3,0.1,0.1,0.2,0.095,-2.3,0.7,-1.6,0,1.52
268,Ian Clark,clarkia01,SG,27,NOP,5,59,11,0.865,0.385,0.154,0,7.2,3.6,4.2,0,0,12.6,10.8,0.1,0,0.1,0.111,3,-3.5,-0.5,0,0.85
269,Tyler Johnson,johnsty01,PG,26,MIA,7,168,10.9,0.482,0.463,0.259,1.8,7.4,4.6,12.8,2.5,1.5,9.1,15.9,0,0.2,0.2,0.066,-0.8,1.7,0.9,0.1,3.27
270,Devonte' Graham,grahade01,PG,23,CHO,2,19,10.9,0.583,0.5,0,0,11.6,5.7,21.9,0,0,14.3,15.8,0,0,0,0.072,-0.3,-4,-4.2,0,-1.26
271,Jake Layman,laymaja01,SF,24,POR,7,86,10.9,0.583,0.458,0.083,2.6,9.6,6.4,4.8,1.1,0.9,10.8,13.8,0.1,0.1,0.2,0.087,-0.3,-0.3,-0.6,0,1.82
272,Jerome Robinson,robinje01,SG,21,LAC,3,16,10.9,0.563,0.25,0,0,6,3.2,0,0,0,0,21,0,0,0,0.073,-1,-6.1,-7.1,0,-2.13
273,Norman Powell,powelno01,SG,25,TOR,8,135,10.8,0.634,0.471,0.206,0.8,11.5,6.5,7.5,1.4,0.6,13.9,13.4,0.1,0.1,0.3,0.101,-0.2,0.2,0.1,0.1,4.03
274,Marvin Williams,willima02,PF,32,CHO,8,189,10.7,0.439,0.569,0.138,4.4,18.7,11.4,6.2,1,6.1,6.1,14.9,-0.1,0.2,0.2,0.046,-2.3,2.1,-0.2,0.1,2.94
275,Gordon Hayward,haywago01,SF,28,BOS,6,147,10.7,0.481,0.373,0.169,3.3,18,10.6,11.1,2.3,0,12.4,21,-0.2,0.4,0.2,0.075,-3.6,2.8,-0.7,0,1.79
276,D.J. Augustin,augusdj01,PG,31,ORL,7,183,10.7,0.498,0.527,0.218,2,5.8,3.8,26.2,0.8,0,11.7,15.7,0.1,0,0.2,0.043,-0.6,-3.1,-3.7,-0.1,-0.11
277,Taurean Waller-Prince,princta02,SF,24,ATL,7,202,10.7,0.541,0.48,0.235,1,16.6,8.7,16,2,0.8,20,27.4,-0.3,0.2,-0.1,-0.016,-4.4,-1,-5.4,-0.2,-4.62
278,Tyus Jones,jonesty01,PG,22,MIN,7,126,10.6,0.439,0.404,0.043,0.8,5.9,3.3,19,3,0.6,5.9,16.4,0,0,0,0.018,-1.6,-1.8,-3.4,0,-1.02
279,Allonzo Trier,trieral01,SG,23,NYK,7,147,10.5,0.542,0.191,0.404,2.7,11.5,6.9,8.7,0.7,1.3,17.8,19.1,0,0.1,0.1,0.017,-2.6,-1.1,-3.7,-0.1,-1.11
280,Rondae Hollis-Jefferson,holliro01,SF,24,BRK,4,82,10.4,0.401,0.098,0.146,4.2,24.8,15.2,3.9,1.8,2.6,4.4,24.1,-0.2,0.1,-0.1,-0.048,-9.1,-0.6,-9.7,-0.2,-5.91
281,Ian Mahinmi,mahinia01,C,32,WAS,6,101,10.2,0.544,0.125,1.25,9.1,16.5,12.8,4.1,1.8,2.4,13.9,11.9,0.1,0.1,0.1,0.071,-2.6,1,-1.6,0,0.52
282,Dorian Finney-Smith,finnedo01,PF,25,DAL,7,176,10,0.581,0.628,0.14,6,8.8,7.3,4.7,1.9,1.9,13.3,12.4,0.1,0.1,0.2,0.062,-0.6,-0.5,-1.1,0,1.67
283,Greg Monroe,monrogr01,C,28,TOR,2,9,10,0.2,0,0,36.6,32.2,34.3,13.7,0,0,0,23.3,0,0,0,-0.01,-4.8,-1.4,-6.1,0,-1.83
284,Ricky Rubio,rubiori01,PG,28,UTA,6,179,10,0.464,0.436,0.309,0,10.1,5.4,35.4,1.6,0.4,20.4,18.8,0,0.2,0.2,0.057,-2.5,0.3,-2.2,0,1.34
285,Markelle Fultz,fultzma01,SG,20,PHI,8,197,10,0.438,0.157,0.133,5.1,9.4,7.2,23.6,1.9,0.4,12,20.7,-0.1,0.2,0.1,0.023,-3,-0.7,-3.7,-0.1,-1.11
286,Gerald Green,greenge01,SG,33,HOU,6,126,10,0.517,0.787,0.064,3.7,12.6,7.6,4.8,1.1,0.6,7.6,17.2,0,0,0,0.014,-1.2,-2.5,-3.7,-0.1,-2.11
287,Dennis Schroder,schrode01,PG,25,OKC,6,172,10,0.432,0.253,0.265,1.7,12.4,6.8,32.8,1.3,0.5,14.7,24.8,-0.2,0.2,0,0,-3.1,-0.8,-3.9,-0.1,-2.17
288,Mikal Bridges,bridgmi01,SF,22,PHO,6,91,9.9,0.531,0.571,0.25,2.4,12.7,7.5,8.1,3.1,0,13.9,17.2,0,0.1,0,0.014,-1.7,-1,-2.8,0,-0.84
289,Quinn Cook,cookqu01,PG,25,GSW,7,72,9.9,0.547,0.429,0.25,1.7,7.1,4.6,8.6,1.3,0,13.9,21.2,0,0,0.1,0.037,-1.6,-3.9,-5.5,-0.1,-1.65
290,Carmelo Anthony,anthoca01,PF,34,HOU,6,187,9.9,0.484,0.467,0.2,3,17.7,9.4,3.3,1,2.5,6.8,19.5,-0.1,0,0,-0.002,-3.9,-1.4,-5.3,-0.2,-3.59
291,Juan Hernangomez,hernaju01,PF,23,DEN,6,94,9.8,0.5,0.545,0,6.8,19.2,13,4.1,1.5,1.9,8.3,10.5,0,0.2,0.2,0.105,-2.6,2.8,0.2,0.1,3.06
292,Pat Connaughton,connapa01,SG,26,MIL,4,57,9.8,0.467,0.56,0.16,3.8,28.1,17.5,4.6,0.8,1.4,10.1,21.3,-0.1,0.2,0.1,0.075,-4.9,0.7,-4.2,0,-0.26
293,Jared Dudley,dudleja01,PF,33,BRK,7,173,9.7,0.545,0.765,0.059,3.3,8.8,6.2,13.3,2.3,0.8,10.3,9.8,0.2,0.1,0.3,0.076,-0.2,1.4,1.2,0.1,4.36
294,Vince Carter,cartevi01,SF,42,ATL,7,149,9.7,0.558,0.667,0.146,1.3,10.9,6.1,7.8,1.5,1.1,10.5,15.7,0,0.1,0.2,0.054,-2.9,-1.1,-4,-0.1,-0.2
295,Frank Ntilikina,ntilila01,PG,20,NYK,7,207,9.6,0.523,0.483,0.117,0.5,8.7,4.4,14.7,1.9,0.9,13.7,14.7,0.1,0.2,0.2,0.049,-0.2,-0.2,-0.4,0.1,2.88
296,Jarell Martin,martija01,PF,24,ORL,2,19,9.6,0.4,0.4,0,0,22.5,10.4,18.1,0,0,0,22.1,0,0,0,-0.041,-3.4,-3,-6.5,0,-1.95
297,Al-Farouq Aminu,aminual01,PF,28,POR,7,199,9.4,0.485,0.5,0.313,5,23.6,15.2,1.9,1.4,0.4,9.9,12.9,0,0.3,0.3,0.083,-2.3,0.2,-2.1,0,2.37
298,Ryan Anderson,anderry01,PF,30,PHO,6,139,9.4,0.485,0.537,0.244,8,9.2,8.5,12.5,0.7,0,11.7,16.1,0,0,0,0.009,-0.8,-2.6,-3.4,0,-1.02
299,David Nwaba,nwabada01,SG,26,CLE,4,29,9.4,0.507,0.25,0.25,0,16.9,7.8,4.6,0,6.1,10.1,14.1,0,0,0,0.014,-5,-1.1,-6.1,0,-1.83
300,DeAndre' Bembry,bembrde01,SF,24,ATL,7,175,9.4,0.467,0.304,0.25,2.3,19.7,10.9,15.8,2.8,1.9,19.4,18,-0.3,0.3,0,-0.002,-6.5,2.2,-4.2,-0.1,-2.26
301,Josh Okogie,okogijo01,SG,20,MIN,5,139,9.4,0.422,0.418,0.127,6.6,14.6,10.5,7.2,2.7,1.1,10.8,19,-0.2,0.1,-0.1,-0.026,-3,-0.4,-3.5,-0.1,-3.05
302,Bruce Brown,brownbr01,SG,22,DET,4,46,9.3,0.454,0.4,0.4,4.4,10.1,7,6.3,3.1,3.7,10.2,17.9,0,0.1,0.1,0.057,-2.7,1.8,-0.9,0,0.73
303,Alex Poythress,poythal01,PF,25,ATL,4,72,9.3,0.554,0.333,0.6,8.3,12.7,10.5,11.9,1.3,1.1,17.4,13,0,0.1,0.1,0.069,-3.4,0.1,-3.3,0,0.01
304,Michael Carter-Williams,cartemi01,PG,27,HOU,6,91,9.3,0.425,0.286,0.4,2.1,10.8,5.9,21.8,3.1,3.4,16.3,22.4,-0.2,0.1,-0.1,-0.059,-5.4,1.1,-4.3,-0.1,-3.29
305,Marcus Smart,smartma01,SG,24,BOS,7,158,9.2,0.466,0.531,0.469,2.4,9.3,5.8,25.1,2.1,1.1,20.6,13.1,0,0.4,0.4,0.113,-3.3,3,-0.3,0.1,4.91
306,Caleb Swanigan,swanica01,PF,21,POR,3,42,9.2,0.488,0,0.25,15.9,32.8,25.2,3.2,1.1,0,27.3,18.5,0,0.1,0,0.037,-6.1,-0.9,-7,-0.1,-3.1
307,Kyle Korver,korveky01,SG,37,CLE,6,91,9,0.63,0.625,0.208,0,9.4,4.4,10.7,0.5,0,16,14.2,0.1,0,0.1,0.035,-0.1,-4.7,-4.8,-0.1,-1.44
308,Cedi Osman,osmande01,SF,23,CLE,7,227,9,0.492,0.384,0.198,4.6,14.6,9.2,15.7,1.5,0.4,21.1,21.7,-0.3,0,-0.2,-0.053,-2.3,-2.4,-4.7,-0.2,-5.41
309,James Ennis,ennisja01,SF,28,HOU,3,70,8.7,0.526,0.737,0,8.1,5.3,6.8,6.1,2,0,9.5,12.5,0.1,0,0.1,0.041,-0.3,-1.1,-1.3,0,0.61
310,Patrick Beverley,beverpa01,SG,30,LAC,7,163,8.5,0.419,0.556,0.2,2.8,18.2,11.1,26.4,1.1,0.9,17,15.2,-0.1,0.2,0.2,0.05,-0.5,1,0.5,0.1,3.15
311,Kyle Anderson,anderky01,SF,25,MEM,6,138,8.5,0.407,0.077,0.308,5.6,23,14.2,12.8,3.2,1.4,23.4,12.5,-0.2,0.3,0.1,0.044,-6,5,-1,0,0.7
312,Jerami Grant,grantje01,PF,24,OKC,6,178,8.5,0.46,0.388,0.449,4.4,11.9,8,6.2,1.3,3.6,12,14.7,-0.1,0.2,0.1,0.035,-3.8,2.3,-1.6,0,0.52
313,Wesley Johnson,johnswe01,SF,31,NOP,2,25,8.5,0.654,0.667,0.333,0,8.5,4.2,0,3.6,3.3,22.5,14.2,0,0,0,0.031,-0.9,0.2,-0.7,0,-0.21
314,Meyers Leonard,leoname01,C,26,POR,5,42,8.5,0.601,0.571,0.429,5.3,19.7,13.2,12.1,2.3,0,32.5,12.5,0,0.1,0.1,0.082,-1.3,2.1,0.8,0,1.24
315,Wesley Iwundu,iwundwe01,SF,24,ORL,3,45,8.4,0.396,0.2,0.45,10.3,14.2,12.1,0,1.1,0,4,23.3,-0.1,0,0,-0.037,-6.9,-6.6,-13.5,-0.1,-5.05
316,Reggie Bullock,bullore01,SF,27,DET,5,162,8.3,0.472,0.474,0.263,1.2,8.6,4.7,10.5,0.3,1,8.6,18,0,0.1,0.1,0.032,-2,-1.9,-3.9,-0.1,-1.17
317,Justin Jackson,jacksju01,SF,23,SAC,8,215,8.2,0.448,0.492,0.136,1.9,13.2,7.6,8.3,1.3,0.8,4.6,12.6,0,0.2,0.2,0.037,-1.2,-0.3,-1.4,0,1.58
318,OG Anunoby,anunoog01,SF,21,TOR,5,121,8.1,0.545,0.545,0,3.6,10.4,7.2,3.1,1.2,1.3,10.8,12.8,0,0.1,0.2,0.06,-1.1,0.2,-0.8,0,1.76
319,Kevin Knox,knoxke01,SF,19,NYK,3,56,8,0.422,0.29,0.161,5.4,6,5.7,0,1.7,1.6,5.7,26.3,-0.1,0,-0.1,-0.064,-4.9,-5.1,-10,-0.1,-5
320,Trey Lyles,lylestr01,PF,23,DEN,6,122,8,0.445,0.321,0.375,2.6,18.3,10.4,13,2.3,0.7,17.7,26.8,-0.3,0.2,-0.1,-0.044,-6.6,1.5,-5.1,-0.1,-3.53
321,Jaylen Brown,brownja02,SG,22,BOS,7,204,7.9,0.451,0.373,0.28,4.7,9.1,6.9,9.9,0.9,1.2,9.7,19.5,-0.2,0.4,0.3,0.063,-3.7,1.9,-1.8,0,2.46
322,Tyler Dorsey,dorsety01,SG,22,ATL,4,35,7.9,0.467,0.333,0,0,8.7,4.3,13.4,0,0,0,17.5,0,0,0,0.016,-5.1,-4.3,-9.4,-0.1,-3.82
323,Mario Hezonja,hezonma01,SF,23,NYK,7,132,7.8,0.435,0.392,0.095,0,15.4,7.2,10.9,1.8,0,10.5,27.2,-0.3,0.1,-0.2,-0.077,-3.8,-2.6,-6.4,-0.1,-4.92
324,Dario Saric,saricda01,PF,24,PHI,8,248,7.7,0.451,0.547,0.186,6.4,17.3,11.9,10.2,0.7,0.6,13.9,17.8,-0.2,0.3,0.1,0.012,-3,-0.7,-3.7,-0.1,-1.11
325,Theo Pinson,pinsoth01,SG,23,BRK,2,10,7.6,0.258,0.667,0.667,0,10.2,5.4,36.7,0,0,0,16.8,0,0,0,-0.026,-4.7,-4.3,-9,0,-2.7
326,Ekpe Udoh,udohek01,C,31,UTA,4,27,7.6,0.852,,,4.5,15.8,10.5,13.8,0,5.8,53.2,6,0,0,0.1,0.111,-3.3,5.2,1.9,0,1.57
327,Delon Wright,wrighde01,PG,26,TOR,3,32,7.6,0.37,0.214,0.143,3.4,15.1,9.6,7.9,1.5,2.5,0,19.5,0,0,0,0.019,-5.3,0.2,-5.1,0,-1.53
328,Guerschon Yabusele,yabusgu01,PF,23,BOS,5,18,7.6,0.333,0.5,0,10.7,16.3,13.5,0,0,4.6,0,14.2,0,0,0,0.06,-7.5,-0.3,-7.9,0,-2.37
329,Ben McLemore,mclembe01,SG,25,SAC,4,18,7.5,0.455,0.889,0.222,0,0,0,7.2,0,0,0,22.7,0,0,0,-0.032,0.2,-8.9,-8.7,0,-2.61
330,Jaylen Adams,adamsja01,PG,22,ATL,4,13,7.4,0.375,1,0,0,15.6,7.7,10.5,0,6.3,0,12.6,0,0,0,0.006,-5.8,0.5,-5.3,0,-1.59
331,Landry Shamet,shamela01,PG,21,PHI,8,146,7.4,0.504,0.721,0.14,1.4,5.3,3.4,6.6,1.3,0.5,6.2,13.6,0,0.1,0.1,0.049,-1.6,-1.8,-3.4,-0.1,-1.02
332,Harrison Barnes,barneha02,PF,26,DAL,3,97,7.3,0.41,0.318,0.182,1.1,18.4,9.3,7.7,2,0.9,7.8,22,-0.2,0.1,-0.1,-0.07,-6.4,-2.1,-8.5,-0.2,-5.55
333,Channing Frye,fryech01,C,35,CLE,1,21,7.2,0.625,0.5,0,0,23.4,10.8,6.3,0,0,0,7.9,0,0,0,0.069,-1.6,-3.4,-5.1,0,-1.53
334,Isaiah Canaan,canaais01,PG,27,PHO,6,153,7.2,0.504,0.524,0.143,2.2,13.6,7.8,18.1,1.2,0,21.2,16.1,-0.1,0,-0.1,-0.032,-2.9,-1.7,-4.6,-0.1,-3.38
335,Jose Calderon,caldejo01,PG,37,DET,3,26,7.1,0.5,0.6,0,3.9,4.5,4.1,10.3,1.8,0,0,8,0,0,0.1,0.109,-0.3,-0.6,-0.9,0,0.73
336,Luc Mbah a Moute,mbahalu01,PF,32,LAC,4,61,7.1,0.495,0.333,0.278,3.7,7.8,5.9,4.5,0.8,1.2,9,15.3,0,0.1,0,0.033,-1.4,-1.1,-2.4,0,-0.72
337,Andre Iguodala,iguodan01,SF,35,GSW,7,131,7,0.438,0.375,0,2.8,12.5,8,13.3,1.8,2.9,27.3,7.1,0,0.2,0.1,0.054,-1.8,2.2,0.5,0.1,2.15
338,Trevor Ariza,arizatr01,SF,33,PHO,6,197,7,0.484,0.648,0.204,1.1,14.7,7.8,15.8,0.7,0.4,16.9,15.6,-0.1,0,-0.1,-0.03,-2.7,-1.7,-4.4,-0.1,-3.32
339,Jeremy Lin,linje01,PG,30,ATL,7,102,7,0.464,0.368,0.368,0,14.9,7.4,22.9,0.9,0,19.9,22.1,-0.2,0.1,-0.1,-0.048,-7.3,-2.3,-9.6,-0.2,-5.88
340,Chandler Parsons,parsoch01,SF,30,MEM,3,46,6.9,0.5,0.588,0,2.4,7.4,4.9,7.3,1.1,2,10.5,18.5,0,0.1,0,0.017,-3.2,-0.8,-3.9,0,-1.17
341,Patty Mills,millspa02,PG,30,SAS,6,167,6.7,0.545,0.5,0.175,1.2,10.5,5.5,6.4,0.6,0.5,15.7,13.1,0,0,0,-0.006,-2.9,-1.8,-4.6,-0.1,-2.38
342,Eric Gordon,gordoer01,SG,30,HOU,6,198,6.6,0.402,0.48,0.153,2.4,11.1,6.2,7,0.5,2,4.6,23,-0.3,0,-0.3,-0.084,-5.3,-2.7,-8,-0.3,-8.4
343,Deonte Burton,burtode02,SG,25,OKC,3,13,6.5,0.417,0.333,0,0,8.2,3.9,0,0,6.2,0,18.1,0,0,0,0.004,-7.3,-1.4,-8.7,0,-2.61
344,Dante Cunningham,cunnida01,SF,31,SAS,6,116,6.5,0.405,0.389,0.222,4.3,20.2,11.7,4.3,1.7,0.7,4.8,7.7,0,0.1,0.1,0.033,-4.1,0.6,-3.6,0,-0.08
345,Austin Rivers,riverau01,SG,26,WAS,7,164,6.4,0.509,0.583,0.146,1.2,6.4,3.8,12.5,0.8,1.9,17.7,15.8,-0.1,0,-0.2,-0.048,-2.8,-1.6,-4.4,-0.1,-4.32
346,Stanley Johnson,johnsst04,SF,22,DET,5,136,6.3,0.483,0.581,0.023,3.7,11.1,7.1,9.4,1.1,0.6,20.2,16.8,-0.2,0.1,0,-0.014,-2.8,-0.6,-3.4,0,-1.02
347,Royce O'Neale,onealro01,SF,25,UTA,6,78,6.2,0.583,0.389,0.111,1.6,19.1,10.9,7.3,1.2,0,24.1,13.7,-0.1,0.1,0.1,0.037,-3.9,2,-1.9,0,0.43
348,Lorenzo Brown,brownlo01,PG,28,TOR,7,64,6.1,0.391,0.435,0,1.7,10.6,6.4,15.7,2.2,2.5,17.9,18.3,-0.1,0.1,-0.1,-0.039,-5.1,1.3,-3.8,0,-2.14
349,Seth Curry,curryse01,SG,28,POR,7,130,6.1,0.535,0.444,0.028,1.7,5.7,3.9,7.2,0,0.6,14.1,13.9,0,0.1,0.1,0.029,-1.6,-1.4,-3,0,0.1
350,Solomon Hill,hillso01,SF,27,NOP,6,120,6.1,0.374,0.44,0.16,1.7,11.6,6.6,11.2,2.3,2,13,10.2,-0.1,0.1,0,0.004,-2.2,1.4,-0.7,0,-0.21
351,Dillon Brooks,brookdi01,SF,23,MEM,6,110,5.8,0.432,0.321,0.357,3,10.3,6.6,9.5,2.2,1.7,13.4,15.2,-0.1,0.2,0.1,0.025,-5.2,1.8,-3.4,0,-0.02
352,Alex Abrines,abrinal01,SG,25,OKC,6,119,5.6,0.449,0.742,0.097,0.8,5.4,3,4.5,2.7,0.7,8.5,11.7,-0.1,0.1,0.1,0.034,-3,1,-2,0,0.4
353,Jerian Grant,grantje02,PG,26,ORL,7,145,5.6,0.384,0.361,0.111,3.2,9.6,6.2,17.5,2.6,0.6,22.6,14.1,-0.3,0.1,-0.2,-0.054,-5.3,1,-4.3,-0.1,-4.29
354,C.J. Miles,milescj01,SF,31,TOR,8,112,5.6,0.432,0.634,0.293,2,9.5,6,5.6,0.8,2.9,9.8,19.2,-0.1,0.1,0,-0.015,-3.7,-0.7,-4.3,-0.1,-2.29
355,Glenn Robinson,robingl02,SF,25,DET,5,63,5.4,0.47,0.214,0.143,3.2,11,6.8,0,0.8,1.3,11.8,11.2,0,0.1,0,0.013,-5.6,-1.8,-7.4,-0.1,-3.22
356,Kentavious Caldwell-Pope,caldwke01,SG,25,LAL,7,142,5.1,0.464,0.459,0.243,0.7,8.7,4.7,3.2,0.3,0.5,6.8,12.5,-0.1,0,-0.1,-0.026,-3.6,-3.2,-6.8,-0.2,-5.04
357,Jonathon Simmons,simmojo02,SG,29,ORL,6,144,5.1,0.386,0.356,0.271,3.9,9.6,6.5,16.5,0.7,1.2,12,21.9,-0.3,0.1,-0.3,-0.088,-4.9,-1.7,-6.6,-0.2,-6.98
358,Langston Galloway,gallola01,SG,27,DET,5,128,4.9,0.439,0.741,0.222,0.8,10,5,4.1,0.7,0.7,3.3,10,0,0.1,0.1,0.036,-2.5,-0.6,-3.1,0,0.07
359,Avery Bradley,bradlav01,SG,28,LAC,7,188,4.8,0.433,0.365,0.016,3,4.6,3.9,8.8,1.2,1.2,13.6,16.4,-0.3,0.2,-0.1,-0.024,-2.3,-0.4,-2.7,0,-1.81
360,Marquese Chriss,chrisma01,F,21,HOU,1,8,4.7,0.4,0.4,0,0,30.6,13.3,0,0,9.7,16.7,31.1,0,0,0,-0.246,-15.6,-3.6,-19.2,0,-5.76
361,Skal Labissiere,labissk01,PF,22,SAC,3,15,4.7,0.5,0.6,0,6.8,13.5,10.2,8.2,0,0,16.7,16.5,0,0,0,0.004,-1.6,-3.3,-4.9,0,-1.47
362,Thomas Welsh,welshth01,C,22,DEN,3,7,4.7,0,1,0,0,30.4,15.2,32.9,0,0,0,5.9,0,0,0,0.038,-6.5,2.1,-4.4,0,-1.32
363,Andrew Harrison,harrian01,PG,24,MEM,1,5,4.6,0.5,0.5,0,0,0,0,0,0,0,0,17.9,0,0,0,0.009,-3.8,-4.8,-8.5,0,-2.55
364,Darius Miller,milleda01,SF,28,NOP,4,60,4.6,0.519,0.786,0.071,0,3.6,1.8,11.5,0.8,0,17.2,11.6,0,0,0,-0.003,-0.7,-3.5,-4.2,0,-1.26
365,Christian Wood,woodch01,PF,23,MIL,3,15,4.5,0.521,0.5,1,0,16.9,9.5,0,0,0,14.8,18.4,0,0,0,0.061,-6.9,-2.9,-9.9,0,-2.97
366,Chandler Hutchison,hutchch01,SF,22,CHI,6,102,4.5,0.4,0.211,0.421,3.3,16.7,10.1,2.5,1.4,0.9,11.8,10.8,-0.1,0,-0.1,-0.062,-6.1,-1.2,-7.3,-0.1,-4.19
367,Jalen Brunson,brunsja01,PG,22,DAL,7,128,4.3,0.397,0.468,0.043,0,9.3,4.4,12,1.1,0,9.5,17.1,-0.2,0,-0.2,-0.071,-5.6,-3.4,-9,-0.2,-6.7
368,Matthew Dellavedova,dellama01,PG,28,MIL,4,25,4.1,0.5,0.667,0,0,6.8,3.8,20.2,0,0,25,19.6,0,0,0,0.005,-4.6,-1.5,-6.1,0,-1.83
369,Torrey Craig,craigto01,SF,28,DEN,5,100,4,0.409,0.636,0,5.3,10.6,8,5.1,1.4,2.7,18.5,11.2,-0.1,0.2,0,0.019,-4.5,3.3,-1.1,0,-0.33
370,Furkan Korkmaz,korkmfu01,SG,21,PHI,5,26,3.7,0.4,0.6,0,0,18.7,9.5,0,1.8,0,0,7.9,0,0,0,0.03,-6.8,-2,-8.8,0,-2.64
371,Allen Crabbe,crabbal01,SG,26,BRK,6,137,3.7,0.436,0.667,0.333,0,14.9,7.9,7.1,0.4,1,11.3,19.6,-0.2,0,-0.2,-0.062,-5.5,-1.7,-7.1,-0.2,-6.13
372,Jacob Evans,evansja02,SG,21,GSW,5,37,3.5,0.286,0,0,3.3,5.5,4.5,20.6,0,0,12.5,9.2,0,0,0,0.008,-4.3,-3.3,-7.6,-0.1,-3.28
373,Dragan Bender,bendedr01,PF,21,PHO,3,11,3.1,0.333,0.333,0,20.1,21,20.6,0,0,0,25,15.8,0,0,0,-0.126,-8.9,-7.3,-16.2,0,-4.86
374,Lance Thomas,thomala01,PF,30,NYK,7,120,3,0.416,0.48,0.24,3.3,13.2,8,3.2,1.2,1.5,17.8,11.7,-0.2,0.1,-0.1,-0.027,-4.4,0.3,-4.1,-0.1,-3.23
375,Tyrone Wallace,wallaty01,PG,24,LAC,4,15,2.8,0.425,0,0.4,0,6.4,3.5,9.2,0,0,14.5,19.3,0,0,0,-0.082,-6.7,-3.1,-9.8,0,-2.94
376,Svi Mykhailiuk,mykhasv01,SF,21,LAL,4,53,2.7,0.311,0.417,0.167,3.9,3.9,3.9,12.2,1.7,0,18.9,12.1,-0.1,0,-0.1,-0.089,-5.2,-2.3,-7.5,-0.1,-4.25
377,Robin Lopez,lopezro01,C,30,CHI,3,53,2.2,0.442,0,0.083,2.1,6,4.1,17.5,0.9,3.4,32.5,15,-0.1,0,-0.1,-0.129,-7.8,-1.2,-9,-0.1,-4.7
378,Jonah Bolden,boldejo01,PF,23,PHI,4,15,2,0.363,0.667,0.333,0,13,6.6,9.5,0,5.2,12.7,21.5,-0.1,0,0,-0.112,-7.9,-1.2,-9.1,0,-2.73
379,Ryan Broekhoff,broekry01,SG,28,DAL,5,15,1.6,0.375,1,0,0,15.9,7.5,0,0,0,0,22.1,0,0,0,-0.117,-5.7,-9.5,-15.2,0,-4.56
380,J.R. Smith,smithjr01,SG,33,CLE,4,48,1.2,0.339,0.462,0.308,0,10.2,4.7,2.7,3,0,16.9,15.4,-0.1,0,-0.1,-0.125,-7.1,-2.3,-9.4,-0.1,-4.82
381,Ivica Zubac,zubaciv01,C,21,LAL,2,7,1.1,0,0,0,29.6,14.7,22.1,14.5,0,10.8,0,11.5,0,0,0,-0.03,-4.8,4.7,-0.1,0,-0.03
382,Alize Johnson,johnsal02,PF,22,IND,3,9,0.4,0.347,0,1,0,50.3,25.7,0,0,0,0,14.2,0,0,0,-0.023,-12.9,-5.3,-18.1,0,-5.43
383,Terrance Ferguson,fergute01,SG,20,OKC,6,130,0.4,0.335,0.565,0.087,3.7,4.1,3.9,2,1.4,0.6,20.1,9,-0.2,0.1,-0.1,-0.047,-6,1.1,-5,-0.1,-3.5
384,John Holland,hollajo02,SF,30,CLE,1,1,0,,,,0,0,0,0,0,0,,0,0,0,0,-0.035,-5.1,-1.6,-6.7,0,-2.01
385,Daryl Macon,maconda01,SG,23,DAL,1,1,0,,,,0,0,0,0,0,0,,0,0,0,0,-0.018,-6.6,-0.8,-7.3,0,-2.19
386,De'Anthony Melton,meltode01,PG,20,PHO,1,3,0,,,,0,0,0,0,0,0,,0,0,0,0,-0.026,-5.6,-0.4,-6,0,-1.8
387,Emmanuel Mudiay,mudiaem01,PG,22,NYK,1,2,0,,,,0,0,0,0,0,0,,0,0,0,0,-0.004,-5,0.5,-4.5,0,-1.35
388,Anfernee Simons,simonan01,G,19,POR,1,1,0,,,,0,0,0,0,0,0,,0,0,0,0,0.011,-3.9,1.4,-2.5,0,-0.75
389,Ray Spalding,spaldra01,PF,21,DAL,1,1,0,,,,0,0,0,0,0,0,,0,0,0,0,-0.018,-6.6,-0.8,-7.3,0,-2.19
390,Tyler Ulis,ulisty01,PG,23,CHI,1,1,0,,,,0,0,0,0,0,0,,0,0,0,0,-0.053,-5.6,-1,-6.6,0,-1.98
391,Jordan McRae,mcraejo01,SG,27,WAS,3,21,-0.3,0.143,0.286,0,0,19.9,9.8,12.6,0,3.8,0,13.9,-0.1,0,-0.1,-0.201,-10.8,0.3,-10.6,0,-4.18
392,Ron Baker,bakerro01,SG,25,NYK,6,79,-0.4,0.213,0.7,0.4,0,5.7,2.7,10.7,1.8,0,14.5,7.3,-0.1,0,-0.1,-0.049,-4.9,-0.1,-5,-0.1,-3.5
393,Josh Jackson,jacksjo02,SF,21,PHO,6,140,-0.4,0.424,0.377,0.208,0,9.1,4.4,14.2,1.7,2.4,28.5,25.1,-0.7,0,-0.7,-0.232,-9.9,-1.4,-11.3,-0.3,-13.39
394,Kris Dunn,dunnkr01,PG,24,CHI,1,30,-0.5,0.346,0.308,0,0,14.2,7.3,32.6,0,0,23.5,24.5,-0.1,0,-0.2,-0.244,-9,-4.7,-13.7,-0.1,-7.11
395,Abdel Nader,naderab01,SF,25,OKC,2,4,-0.8,0,0,0,0,0,0,0,11.5,0,0,9.8,0,0,0,-0.074,-9.5,8.9,-0.6,0,-0.18
396,Malachi Richardson,richama01,SG,23,TOR,5,29,-1.2,0.354,1,0.222,3.8,10,7.1,0,0,0,9.2,15.7,-0.1,0,0,-0.081,-5.2,-4.9,-10.2,-0.1,-4.06
397,Luke Kornet,kornelu01,PF,23,NYK,3,11,-2.5,0,1,0,0,0,0,21.7,0,0,50,7.6,0,0,0,-0.151,-10,-6.3,-16.4,0,-4.92
398,Edmond Sumner,sumneed01,PG,23,IND,5,20,-2.6,0.205,0.25,0.5,5.9,0,2.9,5.9,2.5,0,17,13,-0.1,0,-0.1,-0.133,-6.9,0.5,-6.4,0,-2.92
399,Sterling Brown,brownst02,SG,23,MIL,5,26,-2.6,0.25,0.375,0,8.4,22.7,16.5,4.6,0,0,27.3,17.2,-0.1,0.1,-0.1,-0.13,-11.2,0.9,-10.3,-0.1,-5.09
400,Harry Giles,gilesha01,PF,20,SAC,6,70,-2.7,0.323,0.032,0.226,5.8,18.8,12.4,8.9,1.3,2.4,22.7,26,-0.4,0.1,-0.3,-0.231,-12.1,-0.5,-12.7,-0.2,-8.81
401,Frank Kaminsky,kaminfr01,PF,25,CHO,3,17,-3.4,0.286,0.429,0,0,19.5,9.5,15.5,0,0,22.2,22.7,-0.1,0,-0.1,-0.258,-11,-3,-13.9,-0.1,-6.17
402,Aaron Holiday,holidaa01,PG,22,IND,5,16,-3.7,0.417,0.667,0,0,7.1,3.6,16.1,0,0,33.3,24.9,-0.1,0,-0.1,-0.237,-9.1,-3.6,-12.7,0,-4.81
403,Semi Ojeleye,ojelese01,PF,24,BOS,5,24,-3.7,0.193,0.5,0.667,8,4.1,6.1,0,0,0,0,13.8,-0.1,0,0,-0.086,-9.5,-1.9,-11.3,-0.1,-4.39
404,Keita Bates-Diop,bateske01,SF,23,MIN,1,6,-4.5,0,0,0,0,17.8,8.7,0,0,0,0,6.8,0,0,0,-0.167,-12.3,-3.1,-15.5,0,-4.65
405,Treveon Graham,grahatr01,SG,25,BRK,2,27,-5.2,0,0.667,0,4.3,11.3,8,4.5,1.8,0,40,8,-0.1,0,-0.1,-0.163,-9.8,2.1,-7.7,0,-3.31
406,Michael Beasley,beaslmi01,PF,30,LAL,3,10,-5.7,0.387,0,0.667,10.4,20.6,15.5,0,0,0,34,23.7,-0.1,0,-0.1,-0.27,-15.1,-7.6,-22.7,-0.1,-8.81
407,Kenrich Williams,willike04,SF,24,NOP,2,15,-6.3,0,0.5,0,0,14.2,7,0,0,0,0,5.3,0,0,0,-0.121,-7.9,-2.5,-10.4,0,-3.12
408,Devin Harris,harride01,PG,35,DAL,1,6,-7.7,0,0.5,0,0,0,0,20,0,0,0,13.8,0,0,0,-0.286,-13.5,-8.8,-22.3,0,-6.69
409,Zach Lofton,loftoza01,SG,26,DET,1,4,-9.9,0,1,0,0,0,0,0,12,0,50,20.9,0,0,0,-0.427,-15.3,8,-7.4,0,-2.22
410,T.J. Leaf,leaftj01,PF,21,IND,4,23,-10.2,0,0.25,0,10.3,9.8,10,9.6,0,3.8,20,19.3,-0.2,0,-0.2,-0.37,-14.7,0.9,-13.8,-0.1,-7.14
411,DeVaughn Akoon-Purcell,akoonde01,SG,25,DEN,1,3,-18.3,0.174,0.5,1,0,0,0,0,0,0,0,39.7,0,0,0,-0.549,-19.9,-10,-29.9,0,-8.97
412,C.J. Williams,willicj01,SG,28,MIN,2,12,-18.4,0,1,0,0,0,0,0,0,0,50,13.5,-0.1,0,-0.1,-0.419,-14.5,-2.9,-17.4,0,-6.22
413,Timothe Luwawu-Cabarrot,luwawti01,SF,23,OKC,2,3,-26.1,0,0.5,0,0,35.4,16.9,0,0,0,0,26.2,0,0,0,-0.548,-24.7,-8.5,-33.2,0,-9.96
414,Ike Anigbogu,anigbik01,C,20,IND,1,3,-27.1,0,0,0,0,37.7,19.2,0,0,29.2,33.3,44.3,-0.1,0,-0.1,-1.018,-46,8.5,-37.5,0,-12.25
415,Udonis Haslem,hasleud01,C,38,MIA,1,4,-45.3,0,1,0,0,25.8,12.9,0,0,0,50,40.4,-0.1,0,-0.1,-1.104,-35.7,-6,-41.7,0,-13.51
416,Damion Lee,leeda03,SG,26,GSW,1,2,-46.1,0,0.5,0,0,0,0,0,0,0,0,42.4,0,0,0,-0.999,-32.8,-13.8,-46.6,0,-13.98
417,Wade Baldwin,baldwwa01,PG,22,POR,1,3,-52.7,0,0.5,0,0,61.3,33.6,0,0,0,50,56.7,-0.1,0,-0.1,-1.464,-54.9,-10,-64.9,0,-20.47
