Rk,Player,Salary,Pos,Age,Tm,G,MP,PER,TS%,3PAr,FTr,ORB%,DRB%,TRB%,AST%,STL%,BLK%,TOV%,USG%,OWS,DWS,WS,WS/48,OBPM,DBPM,BPM,VORP,
484,Troy Williams,"$34,183",SF,24,SAC,18,286,11.2,0.55,0.471,0.172,3.2,17.1,10,4.6,1.6,2.4,7.9,14.7,0.2,0.3,0.5,0.077,-1.9,-0.2,-2,0,$14.63
202,Shaquille Harrison,"$50,000",PG,25,CHI,43,750,10.9,0.463,0.264,0.338,2.2,14.5,8.3,13.3,3.2,1.9,11.4,16.4,-0.5,0.9,0.5,0.031,-3.8,1.8,-2.1,0,$10.00
416,Pascal Siakam,"$1,544,951",PF,24,TOR,52,1635,18.3,0.633,0.205,0.309,5.6,18,11.9,13.5,1.5,1.7,12.8,19,3.8,2.1,5.9,0.173,2,1.7,3.7,2.3,$3.82
67,Malcolm Brogdon,"$1,544,951",SG,26,MIL,46,1358,17.6,0.62,0.31,0.209,3.7,11.9,8.1,16.2,1.2,0.7,11.3,20.3,3.1,1.8,4.9,0.174,1.8,-0.1,1.7,1.3,$3.17
337,Monte Morris,"$1,349,383",PG,23,DEN,51,1256,16.5,0.573,0.32,0.104,1.8,9.6,5.7,22,1.9,0.1,6.9,16.9,2.9,1.1,4,0.153,1.7,-1.4,0.3,0.7,$2.96
372,Cameron Payne,"$174,112",PG,24,TOT,40,712,11.7,0.519,0.377,0.184,2,9.2,5.5,22.5,1.9,1.1,15.7,17.7,0.1,0.4,0.5,0.033,-2,-1.5,-3.5,-0.3,$2.87
438,Emanuel Terry,"$35,000",PF,22,PHO,2,20,20.2,0.654,0,0.333,11.1,22.8,16.9,8.1,7.2,0,22.5,19.2,0,0,0.1,0.131,-1,3,2,0,$2.86
288,Kevon Looney,"$1,567,007",C,22,GSW,51,1073,17.7,0.641,0.041,0.317,14.2,16,15.2,11.5,1.3,3.4,10.9,12.3,3.2,1.2,4.4,0.197,2.5,1.9,4.3,1.7,$2.81
133,Spencer Dinwiddie,"$1,656,092",PG,25,BRK,49,1399,17.7,0.598,0.44,0.418,1.6,7.7,4.6,27.9,1,0.6,13.9,24.8,3.3,0.8,4.1,0.142,3,-2.6,0.4,0.8,$2.48
11,Jarrett Allen,"$2,034,120",C,20,BRK,51,1365,19.2,0.626,0.084,0.466,10.3,24.6,17.4,8.4,1.1,4.5,13.3,16.3,3,2,5,0.176,-0.1,3,2.8,1.7,$2.46
76,Thomas Bryant,"$1,378,242",C,21,WAS,41,783,21,0.709,0.153,0.298,7.6,25.7,16.4,8.5,0.9,3.3,9.8,16.1,2.4,0.8,3.2,0.196,1,0.4,1.4,0.7,$2.32
236,Demetrius Jackson,"$92,857",PG,24,PHI,6,39,21,0.656,0.4,0.267,5.7,2.7,4.1,19.7,2.4,0,5.6,19.1,0.2,0,0.2,0.236,4.4,-3.4,1,0,$2.15
115,Mitch Creek,"$46,582",SF,26,BRK,2,19,15.1,0.518,0,0.8,5.6,22.7,14.1,7.3,2.5,0,0,15,0,0,0.1,0.165,-2.9,0.1,-2.7,0,$2.15
405,Domantas Sabonis,"$2,659,800",C,22,IND,49,1220,22.9,0.647,0.02,0.413,12,29,20.7,17.5,1.2,1.7,16.3,23.1,3.3,2.2,5.5,0.217,2.1,2.1,4.1,1.9,$2.07
221,Richaun Holmes,"$1,600,520",C,25,PHO,47,773,22.7,0.697,0,0.474,10.9,20.4,15.6,8.3,1.8,6.1,11.8,17.5,2.4,0.8,3.2,0.201,1.1,2.1,3.3,1,$2.00
40,Malik Beasley,"$1,773,840",SG,22,DEN,51,1186,15.2,0.629,0.538,0.087,1.8,10,6,7.8,1.4,0.5,6.2,17.5,2.5,0.9,3.4,0.138,2.3,-1.9,0.4,0.7,$1.92
439,Daniel Theis,"$1,378,242",C,26,BOS,38,565,17.3,0.618,0.246,0.335,10.9,18.2,14.5,10.5,1,3.5,9.9,16.2,1.5,0.9,2.4,0.203,1,1.4,2.4,0.6,$1.74
350,Nerlens Noel,"$1,757,429",C,24,OKC,47,675,19.9,0.606,0,0.273,11.8,21.2,16.4,5,3.2,8.4,12.8,13.6,1.2,1.8,3,0.212,-1.7,6.1,4.4,1.1,$1.71
21,Ryan Arcidiacono,"$1,349,383",PG,24,CHI,51,1287,10.5,0.587,0.661,0.198,1.2,8.8,5,19,1.9,0.1,14,10.5,1.5,0.8,2.3,0.085,-0.5,-0.7,-1.2,0.3,$1.70
160,Dorian Finney-Smith,"$1,544,951",SF,25,DAL,51,1253,11.6,0.566,0.484,0.229,7.7,11.8,9.8,4.4,2,1.7,12.2,13.4,1.1,1.5,2.5,0.098,-0.3,1.3,1,1,$1.62
457,Noah Vonleh,"$1,621,415",PF,23,NYK,51,1358,14.4,0.556,0.326,0.371,7.1,27.7,17,11.5,1.4,2.8,15,14.5,1.3,1.3,2.6,0.093,-1.2,2.1,0.9,1,$1.60
271,Kyle Kuzma,"$1,689,840",SF,23,LAL,48,1574,14.9,0.558,0.397,0.228,2.6,15.1,9.1,11.3,1,0.9,11.1,24,1.1,1.6,2.7,0.083,-0.1,-0.9,-1,0.4,$1.60
263,Maxi Kleber,"$1,378,242",PF,27,DAL,46,874,13.4,0.574,0.594,0.21,6.4,15.6,11.1,5.5,1.3,5.3,10.6,13.3,1,1.2,2.2,0.122,-0.7,2.7,2,0.9,$1.60
473,Derrick White,"$1,667,160",PG,24,SAS,44,1113,15,0.589,0.258,0.268,2.2,12.4,7.4,19.8,2,1.7,15.4,16.9,1.5,1.1,2.6,0.112,0.5,0.7,1.2,0.9,$1.56
398,Mitchell Robinson,"$1,485,440",C,20,NYK,36,618,18.7,0.663,0,0.405,12.4,12.4,12.4,4.8,2,9.7,11.8,11.1,1.4,0.8,2.2,0.169,0.2,5.2,5.4,1.1,$1.48
104,John Collins,"$2,299,080",PF,21,ATL,35,1042,21.8,0.643,0.189,0.288,12.6,22.6,17.5,12.7,0.5,1.1,12.6,23.4,2.9,0.5,3.4,0.156,3.2,-1.4,1.8,1,$1.48
298,Shelvin Mack,"$1,000,000",PG,28,MEM,51,1162,11.7,0.51,0.325,0.2,1.7,8.3,5,24.2,1.8,0.2,12.8,18.3,0.3,1.1,1.4,0.056,-1.9,-1.5,-3.4,-0.4,$1.40
253,Derrick Jones,"$1,512,601",SF,21,MIA,37,668,16.7,0.578,0.256,0.36,10.5,15.2,12.8,4.1,2.2,3.3,9.6,16.6,1,1,2.1,0.15,-0.5,1.1,0.6,0.4,$1.39
208,Juan Hernangomez,"$2,166,360",PF,23,DEN,49,1150,12.7,0.614,0.572,0.288,5.6,16.8,11.2,5.1,0.9,1.6,9.8,12.6,1.9,1.1,3,0.124,0.4,-0.3,0,0.6,$1.38
311,T.J. McConnell,"$1,600,520",PG,26,PHI,46,967,13.7,0.575,0.115,0.103,2.1,8.9,5.6,26.1,2.6,1.1,18.6,14,1.1,1.1,2.2,0.11,-1.2,0,-1.3,0.2,$1.37
414,Landry Shamet,"$1,703,640",SG,21,PHI,52,1041,11.4,0.614,0.705,0.154,1.5,6.3,4,7.8,1.1,0.6,6.6,15.3,1.7,0.7,2.3,0.107,1.4,-2.4,-1.1,0.2,$1.35
313,JaVale McGee,"$2,393,887",C,31,LAL,45,988,20.4,0.606,0.019,0.242,11.7,20.3,16.2,5.3,1.4,7.7,14.3,19.7,1.4,1.9,3.2,0.157,-1.6,3.6,1.9,1,$1.34
209,Willy Hernangomez,"$1,544,951",C,24,CHO,43,597,20.7,0.587,0.127,0.461,16.1,27.6,21.8,10.5,0.9,2.2,14.1,22.9,1.3,0.7,2,0.161,0.3,-0.4,-0.2,0.3,$1.29
400,Derrick Rose,"$2,176,260",PG,30,MIN,38,1101,19.6,0.565,0.222,0.215,2.4,8.1,5.2,27.5,1,0.8,9.3,26.2,2.4,0.4,2.8,0.124,2.9,-2.6,0.2,0.6,$1.29
5,Bam Adebayo,"$2,955,840",C,21,MIA,50,1112,17.2,0.614,0.033,0.519,9.8,22.4,16.1,13.6,1.6,3.1,17.4,15.4,2,1.8,3.8,0.163,-0.7,3.1,2.4,1.2,$1.29
203,Josh Hart,"$1,655,160",SG,23,LAL,52,1397,10,0.532,0.594,0.18,2.1,12.7,7.6,7.4,1.8,1.9,10.8,14.3,0.3,1.7,2.1,0.072,-1.3,1.2,-0.1,0.7,$1.27
345,Larry Nance,"$2,272,391",C,26,CLE,42,1061,18.5,0.579,0.148,0.307,9.1,24.6,16.5,18,2.8,2.3,14.7,15.2,1.9,0.9,2.8,0.128,1,2.5,3.5,1.5,$1.23
495,Ivica Zubac,"$1,544,951",C,21,LAL,31,471,20.5,0.64,0,0.367,11.3,20.8,16.2,7.3,0.4,4.2,12.7,20.7,1.2,0.6,1.9,0.189,-0.7,0.4,-0.3,0.2,$1.23
374,Gary Payton,"$84,034",PG,26,WAS,3,16,37.3,0.688,0.25,0,6.7,7.1,6.9,46.2,8.9,5.4,11.1,24.1,0.1,0,0.1,0.369,10,5.5,15.4,0.1,$1.19
275,Jake Layman,"$1,544,951",SF,24,POR,41,696,14.5,0.612,0.454,0.115,5,12.3,8.7,5.4,1.2,1.6,9.1,16,1.1,0.6,1.8,0.121,0.8,-0.8,0,0.3,$1.17
356,Royce O'Neale,"$1,378,242",SF,25,UTA,53,963,8.9,0.571,0.457,0.156,1.7,17.8,9.8,10,1.7,1.3,17.8,11.5,0.2,1.5,1.6,0.082,-2.7,2.3,-0.4,0.4,$1.16
244,Jonas Jerebko,"$2,165,481",PF,31,GSW,47,894,13.7,0.605,0.544,0.226,7.1,20,13.8,10.5,0.9,0.9,11.2,14.9,1.7,0.8,2.5,0.134,1.3,-0.8,0.4,0.5,$1.15
289,Brook Lopez,"$3,382,000",C,30,MIL,50,1399,14,0.603,0.689,0.13,1.5,12.9,7.6,4.9,0.7,6.5,8.7,16.6,1.4,2.5,3.9,0.133,0,2.4,2.4,1.6,$1.15
451,Myles Turner,"$3,410,284",C,22,IND,46,1299,18.1,0.569,0.205,0.228,5.7,22.3,14.2,8.9,1.1,8.4,11.4,20,1.2,2.7,3.9,0.143,-1.6,4.6,3,1.6,$1.14
148,James Ennis,"$1,621,415",SF,28,HOU,37,856,11.4,0.633,0.578,0.289,4.3,9.5,6.8,4.1,1.8,1.5,9.5,11.8,1.4,0.4,1.8,0.1,0.1,-0.7,-0.6,0.3,$1.11
82,Bruno Caboclo,"$90,079",SF,23,MEM,5,115,9.7,0.455,0.793,0.31,4.9,12.3,8.5,6.2,1.3,6.7,8.3,14.2,0,0.2,0.1,0.059,-3,2.4,-0.7,0,$1.11
73,Sterling Brown,"$1,378,242",SG,23,MIL,39,620,11.5,0.587,0.517,0.106,3.7,14.8,9.6,10.6,1.1,0.6,12.5,14.6,0.6,0.9,1.5,0.118,-0.8,0,-0.8,0.2,$1.09
190,Jeff Green,"$2,393,887",PF,32,WAS,49,1349,13.8,0.608,0.437,0.26,3.6,14.9,9.1,9.5,0.9,1.5,11.3,17.3,1.9,0.7,2.6,0.092,0.1,-1.1,-1,0.3,$1.09
108,Pat Connaughton,"$1,641,000",SG,26,MIL,31,546,13.6,0.535,0.595,0.119,5.1,15.4,10.5,14.9,1.1,2.4,8.8,15,0.7,0.9,1.6,0.139,0,1.2,1.2,0.4,$0.98
252,Damian Jones,"$1,544,951",C,23,GSW,24,410,15.5,0.72,0,0.5,8.5,11.1,9.8,8.7,1.4,5.2,15.1,11,1,0.5,1.5,0.171,0.9,2.3,3.2,0.5,$0.97
196,Montrezl Harrell,"$6,000,000",C,25,LAC,52,1348,23.9,0.639,0.015,0.511,10.3,16.9,13.8,10.5,1.7,4,10.4,22.4,4.1,1.6,5.8,0.206,2.8,1.7,4.5,2.2,$0.97
211,Buddy Hield,"$3,833,760",SG,26,SAC,51,1605,17.4,0.604,0.467,0.121,4,12.4,8.1,11.2,0.8,1,9.8,24.3,2.8,0.8,3.7,0.109,3.2,-2.3,1,1.2,$0.97
70,Bruce Brown,"$838,464",SG,22,DET,43,859,7.4,0.465,0.283,0.193,3.9,12.6,8,9.9,1.2,2.1,12.2,13,-0.2,0.9,0.8,0.044,-3.9,1.6,-2.4,-0.1,$0.95
131,Hamidou Diallo,"$838,464",SG,20,OKC,42,502,10.3,0.499,0.146,0.367,7.3,11.6,9.5,4.5,1.7,1.7,10.3,16.6,0.1,0.7,0.8,0.079,-4,-0.3,-4.3,-0.3,$0.95
43,Jordan Bell,"$1,378,252",C,24,GSW,45,500,13.9,0.55,0.009,0.193,7.6,16.8,12.4,13.8,1.4,5.9,16.3,12,0.6,0.7,1.3,0.122,-2,3.3,1.2,0.4,$0.94
417,Ben Simmons,"$6,434,520",PG,22,PHI,51,1710,21.2,0.589,0.002,0.466,7.5,22.2,15.1,37.2,1.8,1.9,19.4,22.2,3.6,2.4,6,0.169,2,2.8,4.8,2.9,$0.93
97,Tyson Chandler,"$2,393,887",C,36,TOT,45,780,12.3,0.63,0.01,0.814,12,25.1,18.7,5.5,1.2,2,21,8.9,1.1,1.1,2.2,0.135,-2.3,1.9,-0.3,0.3,$0.92
378,Jakob Poeltl,"$2,947,320",C,23,SAS,49,722,18.6,0.632,0,0.396,15.7,19.3,17.5,11.2,0.6,3.7,14.3,14.1,2,0.7,2.7,0.181,1.6,1.5,3.1,0.9,$0.92
314,Rodney McGruder,"$1,544,951",SG,27,MIA,47,1208,9.3,0.513,0.473,0.13,3.6,11.4,7.5,11.7,1.1,0.6,12.3,16,0.3,1.1,1.4,0.055,-1.6,-0.4,-2.1,0,$0.91
113,Torrey Craig,"$2,000,000",SF,28,DEN,46,1051,10.1,0.536,0.5,0.197,7.2,12.7,9.9,5.8,1.3,2.4,12.1,12.8,0.8,1,1.8,0.083,-0.8,0.6,-0.2,0.5,$0.90
359,Jahlil Okafor,"$1,567,007",C,23,NOP,33,436,20,0.621,0.006,0.275,12.4,21.4,17,4.4,0.8,4,11.1,20.5,1,0.4,1.4,0.149,-0.8,-1.2,-1.9,0,$0.89
315,Alfonzo McKinnie,"$1,349,383",SF,26,GSW,42,621,11.4,0.56,0.412,0.159,9.9,17.2,13.7,3.3,0.8,1.2,9.3,14.7,0.7,0.5,1.2,0.093,-0.8,-2.2,-3.1,-0.2,$0.89
446,Karl-Anthony Towns,"$7,839,435",C,23,MIN,51,1687,24.9,0.603,0.283,0.325,10.8,28.7,19.6,15.8,1.4,4.8,13.1,27.3,4.3,2.5,6.9,0.195,3.9,2.6,6.5,3.6,$0.88
94,Willie Cauley-Stein,"$4,696,875",C,25,SAC,51,1446,18,0.549,0.004,0.31,8.8,23.4,15.9,13.4,2,1.8,9.5,19.2,2.3,1.8,4.1,0.136,-0.2,1.9,1.7,1.3,$0.87
137,Damyean Dotson,"$1,378,242",SG,24,NYK,42,1055,11.6,0.543,0.462,0.142,2.3,12.9,7.4,7.9,1.7,0.4,7.6,15.9,0.8,0.4,1.2,0.055,-0.5,-1.1,-1.7,0.1,$0.87
408,Tomas Satoransky,"$3,129,187",SG,27,WAS,51,1219,13.9,0.589,0.3,0.279,3.6,9.9,6.7,22.7,2,0.6,15.5,13.9,2,0.7,2.7,0.107,0,-0.7,-0.8,0.4,$0.86
402,Terry Rozier,"$3,050,390",PG,24,BOS,52,1195,13.3,0.495,0.499,0.145,2.2,16.9,9.5,18.7,1.9,1.1,8.9,18.3,0.8,1.8,2.6,0.106,-0.8,0.7,0,0.6,$0.85
122,Ed Davis,"$4,449,000",C,29,BRK,52,959,17.8,0.631,0.01,0.48,17.1,34,25.5,6.3,1.4,1.6,15.2,12.7,2.2,1.5,3.7,0.187,-0.5,1.5,1,0.7,$0.83
346,Shabazz Napier,"$1,942,422",PG,27,BRK,41,717,16.3,0.546,0.484,0.352,1.9,9.2,5.5,19.9,2.2,1.4,11.8,24.5,0.9,0.7,1.6,0.109,0.7,-1.2,-0.5,0.3,$0.82
270,Rodions Kurucs,"$1,618,320",SF,20,BRK,36,757,12.4,0.575,0.357,0.211,5.2,13.9,9.6,4.8,1.5,0.9,12.6,18.6,0.6,0.7,1.3,0.081,-1.4,-0.9,-2.3,-0.1,$0.80
165,Tim Frazier,"$1,621,415",PG,28,NOP,40,749,11.6,0.551,0.411,0.196,3.6,12.2,8,28.3,1.2,0.4,22.6,12.2,0.9,0.3,1.3,0.081,-0.5,-1.5,-2,0,$0.80
340,Jamal Murray,"$3,499,800",PG,21,DEN,47,1574,15.4,0.528,0.328,0.192,3.1,11.1,7.1,21.6,1.2,1,12,25.4,1.6,1.2,2.8,0.085,0.5,-1.4,-0.9,0.4,$0.80
77,Reggie Bullock,"$2,500,000",SG,27,DET,41,1260,10.4,0.553,0.66,0.146,1.6,8,4.6,12.3,0.8,0.3,10.1,16.5,1.1,0.9,2,0.076,0.3,-1.2,-0.9,0.3,$0.80
488,Delon Wright,"$2,536,898",PG,26,TOR,47,858,14.3,0.529,0.315,0.181,4.7,10,7.4,16.3,2.3,1.4,11,16.7,1,1.1,2,0.114,-0.1,0.9,0.8,0.6,$0.79
109,Quinn Cook,"$1,544,951",PG,25,GSW,43,644,13.8,0.564,0.447,0.073,2.4,13.2,8,16.3,1.1,0.4,10.2,20.7,0.7,0.4,1.2,0.089,0.3,-2.6,-2.3,0,$0.78
328,Donovan Mitchell,"$3,111,480",SG,22,UTA,49,1622,16.3,0.522,0.345,0.248,2.2,10.3,6.3,20.8,2.2,0.9,11.3,31.3,0.1,2.3,2.4,0.071,0.2,-0.3,0,0.8,$0.77
335,Marcus Morris,"$5,375,000",PF,29,BOS,48,1315,16.4,0.609,0.466,0.203,3.5,20.2,11.8,7.8,1.1,1.1,9.5,20.9,2.2,1.9,4.1,0.149,0.9,-0.7,0.2,0.7,$0.76
158,Terrance Ferguson,"$2,118,840",SG,20,OKC,43,1006,6.8,0.564,0.626,0.109,2.1,6,4,3.9,1.1,0.9,9.1,10.7,0.6,1,1.6,0.078,-1.7,-0.4,-2,0,$0.76
407,Dario Saric,"$2,526,840",PF,24,TOT,50,1236,11.6,0.536,0.473,0.209,6.2,18.1,12.2,8.7,1,0.4,11.4,17.2,0.9,1,1.9,0.074,-0.7,-1,-1.7,0.1,$0.75
366,Zaza Pachulia,"$2,393,887",C,34,DET,40,586,15.4,0.534,0.03,0.654,13.4,21.5,17.3,14.8,2.2,1.6,16.6,14.9,0.9,0.9,1.8,0.149,-1.2,3.1,1.8,0.6,$0.75
62,Corey Brewer,"$265,988",SF,32,PHI,6,134,10.9,0.483,0.289,0.289,1.6,10.1,6,9.3,4.2,1.2,10.6,17.8,-0.1,0.2,0.2,0.059,-3.2,1.2,-2,0,$0.75
75,Jalen Brunson,"$1,230,000",PG,22,DAL,43,727,10.8,0.504,0.286,0.192,1.7,8.9,5.4,20,1.3,0.1,11.2,18.2,0.3,0.5,0.9,0.059,-2.1,-1.5,-3.6,-0.3,$0.73
467,Brad Wanamaker,"$838,464",PG,29,BOS,23,206,14.5,0.599,0.438,0.219,1,10.4,5.7,22,2.1,0.4,15.6,17.4,0.3,0.3,0.6,0.141,-0.6,-1.2,-1.8,0,$0.72
161,Bryn Forbes,"$3,125,000",PG,25,SAS,53,1519,11.6,0.578,0.515,0.094,0.7,10.2,5.5,10.7,1,0.2,9.7,17.8,1.4,0.8,2.2,0.07,1,-1.9,-0.9,0.4,$0.70
117,Dante Cunningham,"$2,500,000",PF,31,SAS,48,769,10.8,0.591,0.42,0.107,6.2,17.5,12,7.4,1.3,1.4,11.6,8.9,1,0.7,1.7,0.105,-0.3,0.9,0.7,0.5,$0.68
105,Zach Collins,"$3,628,920",C,21,POR,52,969,13.7,0.574,0.301,0.294,8.3,16.1,12.3,7.5,0.9,3.5,14.1,16.4,1.2,1.1,2.3,0.113,-0.6,0.9,0.3,0.6,$0.63
163,De'Aaron Fox,"$5,470,920",PG,21,SAC,50,1572,18.2,0.55,0.22,0.39,2,10.3,6.1,32.6,2.5,1.4,16.1,24.9,2,1.5,3.4,0.105,1.2,-0.2,0.9,1.2,$0.62
255,Tyus Jones,"$2,444,053",PG,22,MIN,43,873,12.6,0.461,0.312,0.16,1.6,7.3,4.4,26.3,3,0.3,9.6,13.5,0.8,0.7,1.5,0.083,-1.1,-0.7,-1.9,0,$0.61
240,Justin Jackson,"$2,807,880",SF,23,SAC,50,1065,10.3,0.549,0.541,0.164,2.4,11.8,7,8,1,1,6.3,13,1.1,0.6,1.7,0.075,-0.6,-0.9,-1.4,0.2,$0.61
93,Omri Casspi,"$2,176,260",SF,30,MEM,36,520,16.1,0.606,0.267,0.36,3.7,22.3,12.7,8.3,1.9,1.7,11,18.3,0.6,0.8,1.3,0.124,-2,0.3,-1.6,0,$0.60
433,Jayson Tatum,"$6,700,800",SF,20,BOS,52,1608,15.8,0.552,0.324,0.218,3.4,17.8,10.6,8.9,1.5,2.3,9.2,22.5,1.5,2.5,4,0.118,-0.9,0.5,-0.4,0.6,$0.60
135,Luka Doncic,"$6,560,640",SG,19,DAL,49,1571,19.2,0.556,0.431,0.395,3.7,19.1,11.6,28.3,1.7,0.7,14.9,28.6,2,1.9,3.9,0.12,2.9,0.8,3.7,2.3,$0.59
323,Darius Miller,"$2,205,000",SF,28,NOP,47,1168,8.5,0.569,0.77,0.13,0.6,6.6,3.7,8.5,1.3,1.4,10.4,12.5,0.8,0.4,1.3,0.052,0.3,-1.1,-0.8,0.3,$0.59
13,Al-Farouq Aminu,"$6,957,105",PF,28,POR,52,1538,13.3,0.571,0.509,0.304,5.7,22.7,14.4,5.5,1.5,1.1,8.7,13,2.2,1.9,4.1,0.128,0.3,1,1.3,1.3,$0.59
283,Caris LeVert,"$1,702,800",SF,24,BRK,14,416,18.3,0.557,0.299,0.299,3.6,11.9,7.7,21.1,2,0.9,11.5,26.5,0.6,0.4,1,0.113,1.4,-0.6,0.8,0.3,$0.59
486,Justise Winslow,"$3,448,926",PF,22,MIA,45,1319,12.9,0.516,0.333,0.198,3.3,15.6,9.4,21.9,1.7,0.9,15,20.6,0.3,1.6,2,0.071,-0.9,0.6,-0.3,0.6,$0.58
266,Furkan Korkmaz,"$1,740,000",SG,21,PHI,41,592,11.7,0.533,0.612,0.168,2.4,14.6,8.7,11.2,2,0.3,9.1,17.9,0.4,0.6,1,0.083,-0.6,-1.3,-1.9,0,$0.57
184,Jerami Grant,"$8,653,847",PF,24,OKC,51,1641,13.9,0.597,0.323,0.302,3.2,13,8,4.1,1.3,3.6,7.2,14.7,2.5,2.4,4.9,0.142,-0.8,1.6,0.7,1.1,$0.57
267,Luke Kornet,"$1,619,000",PF,23,NYK,24,366,17.4,0.594,0.654,0.173,3.9,13.7,8.6,13.1,1.8,2.8,8.9,18.2,0.7,0.2,0.9,0.124,2.2,-0.5,1.7,0.3,$0.56
483,Robert Williams,"$1,654,440",C,21,BOS,22,198,20.6,0.749,0,0.27,10.2,19.5,14.8,3.5,1.5,14.5,16.2,10.7,0.4,0.5,0.9,0.227,-1.7,8,6.4,0.4,$0.54
238,Jaren Jackson,"$5,915,040",PF,19,MEM,52,1339,16.8,0.592,0.234,0.32,5.4,15.7,10.4,7.6,1.8,5.5,12.7,22.9,1.1,2.1,3.2,0.114,-1.3,1.9,0.7,0.9,$0.54
24,Deandre Ayton,"$8,165,160",C,20,PHO,47,1448,21.5,0.619,0.004,0.22,11.4,27.4,19.3,11.2,1.2,2.6,11.8,21.1,3.3,1.1,4.4,0.146,0.8,0.6,1.3,1.2,$0.54
23,D.J. Augustin,"$7,250,000",PG,31,ORL,51,1429,15.2,0.627,0.49,0.367,2.1,6.4,4.2,24.4,0.9,0,14.2,17.1,3.2,0.7,3.9,0.132,1.8,-2.7,-1,0.4,$0.54
63,Mikal Bridges,"$3,552,960",SF,22,PHO,53,1431,11.1,0.561,0.572,0.156,2.4,10.2,6.3,8.4,2.6,1.7,9.1,12.3,1.1,0.8,1.9,0.062,-0.4,0.6,0.2,0.8,$0.53
388,Julius Randle,"$8,641,000",C,24,NOP,47,1390,21.6,0.613,0.139,0.477,7.8,25,16.6,15.1,0.9,1.7,13.7,26.3,3.2,1.2,4.5,0.154,1.8,-0.2,1.5,1.2,$0.52
47,Patrick Beverley,"$5,027,028",PG,30,LAC,52,1381,10.7,0.535,0.604,0.299,3.6,14.4,9.2,17.4,1.3,1.5,13.6,12.4,1.5,1.2,2.6,0.091,0.7,0.9,1.6,1.2,$0.52
58,Devin Booker,"$3,314,365",SG,22,PHO,40,1385,19,0.572,0.342,0.324,1.7,10.2,5.9,34,1.3,0.4,15.5,32.1,1.6,0.1,1.7,0.06,3.2,-3.2,0.1,0.7,$0.51
20,OG Anunoby,"$1,952,760",SF,21,TOR,42,843,9.6,0.519,0.509,0.139,4.2,11.3,7.8,4.7,1.5,1,8.5,16,0.2,0.9,1,0.059,-1.2,-0.5,-1.7,0.1,$0.51
494,Ante Zizic,"$1,952,760",C,22,CLE,36,565,16.8,0.575,0,0.403,10.8,25.1,17.7,6.7,0.7,2.1,12.3,18.9,0.9,0.2,1,0.088,-2.2,-1.8,-4,-0.3,$0.51
459,Dwyane Wade,"$2,393,887",SG,37,MIA,40,1014,14.7,0.507,0.304,0.268,3.4,11.8,7.6,28,1.3,1.5,14.7,26.5,0.1,1.1,1.2,0.056,-0.6,-0.7,-1.3,0.2,$0.50
427,Omari Spellman,"$1,620,480",PF,21,ATL,34,585,12,0.519,0.52,0.203,9.1,15.6,12.3,6.6,1.6,3.1,11.5,15.1,0.4,0.4,0.8,0.064,-1.4,0.1,-1.3,0.1,$0.49
428,Nik Stauskas,"$1,621,415",SG,25,POR,44,673,10.9,0.545,0.546,0.157,1.6,10.7,6.3,12.8,1,0.5,14,17.9,0.3,0.4,0.8,0.055,-0.9,-1.8,-2.7,-0.1,$0.49
354,Jusuf Nurkic,"$11,111,111",C,24,POR,51,1397,23.3,0.561,0.043,0.442,13.6,26.2,20,17.8,1.9,4.6,14.7,24.5,2.9,2.5,5.4,0.185,1.3,4,5.3,2.6,$0.49
458,Nikola Vucevic,"$12,750,000",C,28,ORL,51,1597,25.6,0.578,0.184,0.167,9.1,32.9,20.7,22.7,1.5,3,10.3,27.9,3.4,2.6,6.1,0.182,3.3,3,6.3,3.4,$0.48
50,Nemanja Bjelica,"$6,500,000",PF,30,SAC,50,1194,15.7,0.594,0.434,0.16,6.7,19.2,12.8,11.4,1.5,2.9,12.6,16.7,1.8,1.3,3.1,0.123,0.9,1.3,2.2,1.3,$0.48
485,D.J. Wilson,"$2,534,280",PF,22,MIL,22,394,13.6,0.591,0.472,0.185,5.6,20.1,13.3,7,1.2,3.1,8.6,13.7,0.5,0.7,1.2,0.152,-0.8,1.7,0.9,0.3,$0.47
64,Miles Bridges,"$3,206,640",SF,20,CHO,49,927,12,0.534,0.407,0.198,3.3,17.7,10.4,7.8,1.2,2.8,8.9,15.1,0.6,0.9,1.5,0.077,-1.9,0.5,-1.4,0.1,$0.47
387,Chasson Randle,"$869,094",PG,25,WAS,21,324,11,0.594,0.5,0.37,2,7,4.4,17.5,1.8,0.3,17.7,17.2,0.3,0.1,0.4,0.058,-1.1,-2.6,-3.7,-0.1,$0.46
404,D'Angelo Russell,"$7,019,698",PG,22,BRK,52,1541,19.1,0.535,0.412,0.115,2,11.7,6.9,38.2,1.9,0.8,13.5,30.2,1.8,1.4,3.2,0.101,3.4,-0.8,2.7,1.8,$0.46
130,Cheick Diallo,"$1,544,951",PF,22,NOP,34,337,15.1,0.591,0.021,0.316,9,26.5,17.9,4,1.8,4,16.3,15.9,0.3,0.5,0.7,0.102,-3.4,0.8,-2.6,-0.1,$0.45
90,Wendell Carter,"$4,441,200",C,19,CHI,44,1110,15.4,0.541,0.086,0.302,8.5,21.5,15,11.1,1.1,4.5,13.4,19.2,0.7,1.3,2,0.087,-2.5,2.2,-0.3,0.5,$0.45
365,Kelly Oubre,"$3,208,630",SF,23,TOT,51,1356,14,0.545,0.429,0.29,3.5,15.1,9.2,6,1.7,2.8,9.5,22.4,0.5,0.9,1.4,0.05,-1.5,-1.4,-2.9,-0.3,$0.44
48,Khem Birch,"$1,378,242",C,26,ORL,20,178,16.4,0.572,0.026,0.5,8.9,20.6,14.6,8.7,1.7,4.7,7.9,12.4,0.3,0.3,0.6,0.165,-2.4,2.9,0.5,0.1,$0.44
386,Ivan Rabb,"$1,378,242",PF,21,MEM,23,194,18.4,0.63,0.033,0.361,14.5,25.6,19.9,12.5,0.5,2,18.5,20.3,0.3,0.2,0.6,0.14,-1.5,0,-1.5,0,$0.44
222,Rodney Hood,"$3,472,887",SG,26,CLE,44,1204,13.4,0.545,0.335,0.246,1.6,8.8,5.1,11.8,1.5,0.4,6.8,19.4,1.6,-0.1,1.5,0.06,0.3,-2.9,-2.6,-0.2,$0.43
106,Darren Collison,"$10,000,000",PG,31,IND,51,1410,15.7,0.562,0.313,0.261,1.8,9.6,5.8,28.6,2.6,0.5,15,16.3,2.3,2,4.3,0.147,0.6,0.2,0.8,1,$0.43
118,Seth Curry,"$2,795,000",SG,28,POR,46,820,9.7,0.586,0.547,0.037,2,6.8,4.4,7.5,1.1,0.7,12,14.6,0.7,0.5,1.2,0.068,-0.2,-1.5,-1.7,0.1,$0.43
302,Thon Maker,"$2,799,720",C,21,MIL,35,409,13.1,0.546,0.582,0.276,4.6,18.8,12.2,5.8,1.1,3.8,5.7,16.4,0.4,0.8,1.2,0.137,-1.4,0.8,-0.6,0.1,$0.43
86,Clint Capela,"$15,293,104",C,24,HOU,42,1436,24.5,0.642,0,0.349,15.7,26,20.7,7.5,0.9,4.5,10.1,19.4,5,1.4,6.4,0.213,1.6,1,2.6,1.7,$0.42
197,Devin Harris,"$2,393,887",PG,35,DAL,39,583,11.8,0.536,0.554,0.324,1.1,9.7,5.5,13.2,2.1,1.1,10.7,19.1,0.4,0.6,1,0.083,-0.8,-0.6,-1.4,0.1,$0.42
188,Gerald Green,"$2,393,887",SG,33,HOU,47,992,10.7,0.553,0.784,0.101,2.5,12.1,7.1,4.4,0.8,1.5,8.2,18.2,0.7,0.3,1,0.048,-0.7,-3.2,-3.9,-0.5,$0.42
176,Shai Gilgeous-Alexander,"$3,375,360",PG,20,LAC,52,1355,12,0.538,0.188,0.256,2.8,7.7,5.4,16,1.9,1.6,16,17.8,0.4,1,1.4,0.051,-1.3,0.2,-1.1,0.3,$0.41
46,Davis Bertans,"$7,000,000",PF,26,SAS,47,969,14.9,0.689,0.774,0.106,2,16.1,9.1,8.1,1.3,1.9,9.2,13.8,2,0.9,2.9,0.144,3,-0.2,2.9,1.2,$0.41
199,Joe Harris,"$8,333,333",SG,27,BRK,49,1455,13.6,0.635,0.514,0.157,2.6,10.9,6.7,12.8,0.9,0.5,13.1,17.3,2.5,0.9,3.4,0.113,1.7,-0.9,0.8,1,$0.41
220,Rondae Hollis-Jefferson,"$2,470,357",SF,24,BRK,42,946,12.6,0.462,0.104,0.387,6.6,19.9,13.2,12,1.6,1.8,10.1,21.3,-0.2,1.1,1,0.05,-3.9,1,-2.9,-0.2,$0.40
182,Devonte' Graham,"$988,464",PG,23,CHO,28,359,10.9,0.493,0.557,0.174,0.6,8.5,4.5,23.7,2.2,0,12.7,16.9,0.1,0.3,0.4,0.055,-1.2,-2.4,-3.6,-0.1,$0.40
273,Jeremy Lamb,"$7,488,372",SG,26,CHO,48,1370,15.9,0.544,0.323,0.252,2.9,18.1,10.4,10.7,1.6,0.8,6.7,21.9,1.7,1.3,3,0.105,0.1,-0.8,-0.7,0.4,$0.40
159,Yogi Ferrell,"$3,000,000",PG,25,SAC,41,604,13.3,0.545,0.402,0.172,1.5,10.5,5.9,17.6,1.4,0.6,8,16.3,0.9,0.4,1.2,0.096,-0.3,-1.8,-2.1,0,$0.40
125,Sam Dekker,"$2,760,095",SF-PF,24,TOT,32,554,15.6,0.548,0.191,0.164,7.4,15,11.1,8.1,2.7,0.9,7.1,16.4,0.7,0.4,1.1,0.095,-0.9,-0.3,-1.2,0.1,$0.40
348,Georges Niang,"$1,512,601",PF,25,UTA,39,290,11.4,0.584,0.694,0.092,1.9,15.7,8.9,10.2,1.2,0.8,10.5,16.9,0.3,0.4,0.6,0.103,-0.6,-0.7,-1.2,0.1,$0.40
177,Rudy Gobert,"$23,241,573",C,26,UTA,53,1672,24.5,0.675,0,0.69,13,31.3,22.2,10.9,1.4,5.6,12.2,17.5,5.6,3.6,9.2,0.266,2,5.3,7.3,4,$0.40
55,Bojan Bogdanovic,"$10,500,000",SF,29,IND,51,1612,14.6,0.607,0.377,0.285,1.8,12.2,7.1,8,1.2,0,10.2,20.3,2.3,1.8,4.1,0.121,0.8,-1.3,-0.5,0.6,$0.39
78,Trey Burke,"$1,795,015",PG,26,NYK,33,689,15.9,0.496,0.24,0.209,2.2,7.5,4.7,23.2,1.5,0.6,6.9,25.8,0.5,0.1,0.7,0.046,0.1,-3.3,-3.2,-0.2,$0.39
71,Jaylen Brown,"$5,169,960",SG,22,BOS,47,1221,13,0.534,0.349,0.253,3.9,13.9,8.9,7.7,1.7,1.8,10.7,22,0.3,1.8,2,0.08,-1.8,-0.1,-2,0,$0.39
391,Josh Richardson,"$9,367,200",SG,25,MIA,48,1659,14.2,0.53,0.448,0.228,2.3,9.1,5.7,17.3,1.6,1.2,9.2,22.2,1.8,1.7,3.6,0.103,1,-0.7,0.4,1,$0.38
342,Mike Muscala,"$5,000,000",PF,27,PHI,45,991,10.7,0.566,0.716,0.261,5.6,14.9,10.4,8.2,0.8,2.2,12.3,14.4,1,1,1.9,0.093,-0.1,-0.3,-0.3,0.4,$0.38
42,Marco Belinelli,"$6,153,846",SG,32,SAS,51,1141,13.9,0.575,0.577,0.201,0.9,10.4,5.7,12.3,1,0.6,8.3,20.4,1.6,0.7,2.3,0.096,1.7,-2.5,-0.8,0.3,$0.37
200,Tobias Harris,"$14,800,000",PF,26,LAC,52,1807,19.2,0.612,0.303,0.265,2.1,21.4,12.1,12.5,1,1,9.8,23.3,3.8,1.7,5.5,0.145,2.3,-0.4,1.9,1.8,$0.37
116,Jae Crowder,"$7,305,825",SF,28,UTA,52,1428,12.1,0.539,0.651,0.279,3.1,15.5,9.3,8.9,1.3,1.2,9.2,19.2,0.8,1.9,2.7,0.09,0,0.2,0.2,0.8,$0.37
18,Giannis Antetokounmpo,"$24,157,304",PF,24,MIL,47,1558,29.3,0.628,0.143,0.531,7.7,30.2,19.6,29.5,2.1,3.7,15.5,31.6,5.1,3.8,8.9,0.274,4.6,5.2,9.9,4.7,$0.37
52,Eric Bledsoe,"$15,000,000",PG,29,MIL,50,1469,19.2,0.58,0.387,0.223,3.8,11.8,8,27,2.4,1.2,13.5,22.6,3,2.5,5.5,0.179,2.5,1.1,3.6,2.1,$0.37
216,Aaron Holiday,"$1,911,960",PG,22,IND,32,353,13.6,0.511,0.526,0.195,1,13.6,7.4,18.8,1.8,2.8,10.7,23.1,0.1,0.5,0.7,0.088,-1,-0.3,-1.2,0.1,$0.37
25,Dwayne Bacon,"$1,378,242",SG,23,CHO,24,256,12.5,0.629,0.289,0.145,1.2,15.3,8.2,10,0.6,0.3,12,16.8,0.3,0.1,0.5,0.089,-1.4,-2.3,-3.6,-0.1,$0.36
358,Semi Ojeleye,"$1,378,242",PF,24,BOS,38,392,8.6,0.526,0.58,0.179,4.3,11.8,8,4.1,0.7,0.5,9,14.6,0.1,0.4,0.5,0.064,-2.5,-2,-4.5,-0.2,$0.36
344,Abdel Nader,"$1,378,242",SF,25,OKC,33,319,9.9,0.554,0.38,0.139,1.9,17,9.4,3.8,1,0.5,10.2,16.3,0.1,0.4,0.5,0.081,-4,-1.9,-5.9,-0.3,$0.36
481,Lou Williams,"$8,000,000",SG,32,LAC,46,1193,20.9,0.549,0.262,0.422,1.7,10.2,6.1,32.9,1.3,0.4,12.2,31.8,2.3,0.7,2.9,0.118,2.8,-2.4,0.3,0.7,$0.36
462,Kemba Walker,"$12,000,000",PG,28,CHO,51,1747,20.7,0.556,0.45,0.262,1.6,11.7,6.6,27.4,1.7,1.3,10.6,30.7,2.9,1.4,4.3,0.119,4.4,-1.4,3,2.2,$0.36
204,Isaiah Hartenstein,"$838,464",PF,20,HOU,24,193,10.4,0.552,0.15,0.35,11.8,12.7,12.2,8.9,1.3,4.4,20.6,13.1,0.2,0.1,0.3,0.081,-2.8,1,-1.8,0,$0.36
66,Ryan Broekhoff,"$838,464",SG,28,DAL,21,143,11.5,0.604,0.744,0.047,1.5,12.5,7.1,10.5,0.3,1.2,10.2,14.5,0.2,0.1,0.3,0.093,-0.5,-1.7,-2.2,0,$0.36
56,Jonah Bolden,"$1,690,000",PF,23,PHI,26,330,11.5,0.58,0.538,0.225,8,22.4,15.4,6.6,1.1,5.5,20.7,14.1,0,0.5,0.6,0.082,-2.6,2.1,-0.5,0.1,$0.36
227,Chandler Hutchison,"$1,991,520",SF,22,CHI,44,895,8.9,0.507,0.239,0.182,3.7,18.7,11.2,5.5,1.2,0.6,10,12.3,0,0.7,0.7,0.035,-4.2,-0.1,-4.3,-0.5,$0.35
349,Joakim Noah,"$1,731,173",C,33,MEM,25,331,14.6,0.518,0,0.446,10.5,29.3,19.6,15.7,1.7,4.1,19.7,18.8,0,0.6,0.6,0.085,-4.6,3.5,-1.1,0.1,$0.35
185,Jerian Grant,"$2,639,314",PG,26,ORL,44,776,9.7,0.493,0.485,0.181,2.2,9.3,5.7,22.8,2.3,0.4,19.2,12.9,0.1,0.8,0.9,0.054,-2.6,-0.3,-2.9,-0.2,$0.34
251,Nikola Jokic,"$24,605,181",C,23,DEN,50,1571,27.7,0.598,0.243,0.293,9.8,26.6,18.2,38.6,2.2,2,15.3,27.4,5.7,2.6,8.3,0.252,6.8,3.5,10.3,4.9,$0.34
491,Thaddeus Young,"$13,764,045",PF,30,IND,51,1527,16.6,0.572,0.144,0.175,8.9,14.3,11.7,9.5,2.5,1.4,10.6,18.1,2.1,2.5,4.6,0.143,0.7,1.9,2.6,1.8,$0.33
121,Anthony Davis,"$25,434,263",C,25,NOP,41,1519,30.9,0.595,0.145,0.441,9.8,27.5,18.9,18.9,2.2,5.8,7.5,29.7,6,2.4,8.5,0.268,5.4,3.8,9.2,4.3,$0.33
246,Amir Johnson,"$2,393,887",C,31,PHI,37,354,13.6,0.611,0.233,0.291,8.1,20.3,14.4,18.2,1.5,1.8,22.1,17.7,0.4,0.5,0.8,0.113,-1.2,0.7,-0.4,0.1,$0.33
89,Vince Carter,"$2,393,887",SF,42,ATL,47,755,10.9,0.543,0.669,0.105,3,14.9,8.8,8.7,1.6,1.7,10.3,16.6,0.4,0.5,0.8,0.052,-1.1,-1.2,-2.3,-0.1,$0.33
233,Kyrie Irving,"$20,099,189",PG,26,BOS,44,1439,25.3,0.601,0.351,0.196,3.9,12.1,8,35.8,2.6,1.2,12.2,29.4,4.5,2.2,6.7,0.223,6.7,0.7,7.4,3.4,$0.33
382,Dwight Powell,"$9,631,250",C,27,DAL,47,774,19.8,0.65,0.26,0.512,8.7,17.9,13.4,9.4,1.4,3,10.8,18.9,2.2,1,3.2,0.201,1.7,1.1,2.8,0.9,$0.33
37,Aron Baynes,"$5,193,600",C,32,BOS,34,507,15.1,0.574,0.324,0.311,12.6,18.4,15.5,10.3,0.6,3.9,14.3,16.6,0.9,0.7,1.7,0.159,-0.3,1.3,1,0.4,$0.33
449,P.J. Tucker,"$7,969,537",PF,33,HOU,51,1809,9.4,0.551,0.714,0.139,4.5,15.5,9.8,4.9,2.1,1,10.7,10.1,1.4,1.2,2.6,0.069,-0.5,0.8,0.3,1,$0.33
15,Kyle Anderson,"$8,641,000",SF,25,MEM,43,1281,13,0.569,0.123,0.232,4.2,18.7,11.3,15.4,2.1,2.8,16,12.9,0.9,1.9,2.8,0.105,-2.1,3.5,1.4,1.1,$0.32
456,Fred VanVleet,"$8,653,847",PG,24,TOR,47,1261,13.3,0.529,0.495,0.194,1.7,9,5.4,23,1.5,0.8,11.3,17.7,1.6,1.2,2.8,0.106,0.8,-0.7,0,0.6,$0.32
31,J.J. Barea,"$3,710,850",PG,34,DAL,38,752,16.6,0.495,0.332,0.203,1.9,11.4,6.8,47.4,1.4,0.1,14.7,27.8,0.6,0.6,1.2,0.079,1.3,-2,-0.7,0.2,$0.32
234,Jonathan Isaac,"$4,969,080",PF,21,ORL,46,1178,11.3,0.512,0.381,0.255,4.8,17.5,11,5.9,1.5,3.7,11.5,15.6,0,1.5,1.6,0.063,-3.1,1.8,-1.3,0.2,$0.32
279,Alex Len,"$4,350,000",C,25,ATL,47,927,16.1,0.548,0.221,0.341,11.8,19.5,15.6,7.9,0.9,4.2,13.5,22.7,0.7,0.7,1.4,0.073,-1.7,-0.5,-2.2,0,$0.32
186,Danny Green,"$10,000,000",SG,31,TOR,51,1478,11.7,0.594,0.671,0.062,3.4,12.1,7.8,6,1.5,2.3,10.5,13.8,1.5,1.7,3.2,0.104,1,1.3,2.3,1.6,$0.32
420,Marcus Smart,"$11,660,716",SG,24,BOS,51,1364,12.9,0.556,0.633,0.255,2.6,8.5,5.5,19.6,3.2,1.3,16.2,13.8,1.5,2.2,3.7,0.13,0.5,1.6,2.1,1.4,$0.32
172,Rudy Gay,"$10,087,200",PF,32,SAS,43,1170,18.3,0.598,0.227,0.186,4,22,13.1,13.9,1.6,1.9,12.1,21.8,1.8,1.4,3.2,0.131,1,0.8,1.8,1.1,$0.32
226,Kevin Huerter,"$2,250,960",SG,20,ATL,47,1268,9.6,0.528,0.55,0.1,3.1,9.5,6.2,14.2,1.5,1.3,15.2,15.3,0.2,0.5,0.7,0.027,-1.3,-0.9,-2.1,0,$0.31
389,J.J. Redick,"$12,250,000",SG,34,PHI,50,1553,15.2,0.6,0.576,0.236,1.1,6.3,3.8,13.5,0.6,0.5,8.4,22.5,3.1,0.8,3.8,0.119,2.6,-3.6,-1,0.4,$0.31
30,Mohamed Bamba,"$4,865,040",C,20,ORL,47,766,15.1,0.539,0.288,0.259,8.8,24.5,16.5,7.7,0.8,7,13.7,18,0.3,1.2,1.5,0.096,-3.3,2.8,-0.4,0.3,$0.31
124,Dewayne Dedmon,"$7,200,000",C,29,ATL,41,1015,15.2,0.588,0.396,0.19,6.8,25.7,16,8.3,2,3.4,13.9,16.6,1.1,1.2,2.2,0.106,-1,1.5,0.6,0.7,$0.31
257,Cory Joseph,"$7,945,000",PG,27,IND,51,1306,11.3,0.503,0.329,0.087,1.7,13,7.5,20.1,2.1,0.8,14.1,13.9,0.5,1.9,2.4,0.087,-1.7,1.2,-0.5,0.5,$0.30
321,Khris Middleton,"$13,000,000",SF,27,MIL,48,1499,15.9,0.563,0.44,0.227,1.7,16.5,9.5,19,1.7,0.2,12.7,23.8,1.6,2.4,3.9,0.126,0.6,0.2,0.8,1.1,$0.30
194,James Harden,"$30,431,854",SG,29,HOU,48,1797,30.6,0.618,0.553,0.489,2.9,17.6,10,42.4,2.7,1.6,15.8,40.3,7.4,1.7,9.1,0.242,11.1,0.5,11.7,6.2,$0.30
155,Derrick Favors,"$16,900,000",C,27,UTA,52,1209,20.6,0.614,0.15,0.396,13,20.6,16.8,7.4,1.5,4.3,10.5,18.6,2.9,2.2,5,0.2,1,2.8,3.7,1.8,$0.30
280,Kawhi Leonard,"$23,114,067",SF,27,TOR,39,1367,26.9,0.61,0.253,0.398,4.3,19.8,12.2,15.1,2.6,1.1,8.3,30.1,4.6,2.2,6.8,0.237,4.7,0.8,5.5,2.6,$0.29
430,Lance Stephenson,"$4,449,000",SG,28,LAL,51,806,13.5,0.553,0.442,0.165,3,15.9,9.7,18.1,1.8,0.5,15.9,21,0.3,1,1.3,0.077,-0.9,-0.3,-1.1,0.2,$0.29
235,Wesley Iwundu,"$1,378,242",SF,24,ORL,38,636,7.4,0.5,0.258,0.377,2.7,11.5,7,6.7,1.2,1.3,12,13.8,-0.1,0.5,0.4,0.034,-4.4,-0.1,-4.5,-0.4,$0.29
347,Raul Neto,"$2,150,000",PG,26,UTA,19,228,13.9,0.617,0.386,0.2,1,12.9,7,25.2,1.7,0,19.1,17.7,0.3,0.3,0.6,0.122,-0.7,-0.7,-1.4,0,$0.28
173,Paul George,"$30,560,700",SF,28,OKC,50,1801,24.6,0.592,0.439,0.319,4.3,18.9,11.5,17.7,3,1.1,10,29.3,5.1,3.4,8.5,0.226,5.2,1,6.2,3.7,$0.28
4,Steven Adams,"$24,157,304",C,25,OKC,49,1666,20,0.611,0.002,0.398,14,16.1,15.1,7.4,2.1,1.9,11.5,16.9,4,2.7,6.7,0.193,1.4,2,3.4,2.3,$0.28
379,Quincy Pondexter,"$2,165,481",SF,30,SAS,38,211,14.1,0.653,0.381,0.833,3.7,15.5,9.7,10.4,1.8,0.4,14.8,14,0.4,0.2,0.6,0.141,0.1,-0.7,-0.6,0.1,$0.28
284,Damian Lillard,"$27,977,689",PG,28,POR,51,1801,24,0.592,0.396,0.353,2.5,11,6.8,28.8,1.5,1.1,11.1,30.1,6,1.5,7.6,0.201,6.3,-1.1,5.2,3.2,$0.27
174,Taj Gibson,"$14,000,000",PF,33,MIN,50,1279,16.9,0.608,0.086,0.301,10.6,17.8,14.2,7.3,1.5,1.9,11.4,16.1,2.6,1.2,3.8,0.143,0.6,0.8,1.4,1.1,$0.27
376,Mason Plumlee,"$12,917,808",C,28,DEN,51,1000,18.7,0.609,0.019,0.5,11.1,21.4,16.3,18,2.3,3.9,18.9,17,1.8,1.7,3.5,0.168,0.5,3.7,4.2,1.6,$0.27
8,LaMarcus Aldridge,"$22,347,015",C,33,SAS,53,1734,22.8,0.573,0.022,0.327,10.3,19.3,14.9,12.8,0.8,3.1,9.4,27.3,4.3,1.7,6,0.165,1.3,0.3,1.6,1.6,$0.27
297,Trey Lyles,"$3,364,249",PF,23,DEN,49,915,12.5,0.491,0.386,0.241,4.6,19.6,12.1,10.7,1.4,2,11,23.4,-0.2,1.1,0.9,0.049,-2.7,-0.8,-3.5,-0.3,$0.27
111,Robert Covington,"$10,464,092",SF,28,TOT,35,1203,13.4,0.58,0.622,0.246,2.5,14.7,8.6,5.3,2.9,3.2,10.5,15.6,1,1.7,2.7,0.108,0.5,2.2,2.7,1.4,$0.26
169,Langston Galloway,"$7,000,000",SG,27,DET,48,1048,10.2,0.519,0.657,0.153,3.3,9,6,7.5,1,0.3,4.1,16,1,0.8,1.8,0.084,-0.1,-1.3,-1.5,0.1,$0.26
318,Salah Mejri,"$1,567,007",C,32,DAL,16,108,15.6,0.587,0.071,0.286,12.3,25.2,18.9,8.3,0.9,2.3,11.3,14,0.2,0.1,0.4,0.163,-1.6,1,-0.7,0,$0.26
147,Joel Embiid,"$25,467,250",C,24,PHI,48,1603,25.7,0.593,0.212,0.539,8.1,34.1,21.5,18.5,0.8,4.5,13.6,33.3,3.7,2.8,6.5,0.195,1.6,2,3.6,2.3,$0.26
29,Lonzo Ball,"$7,461,960",PG,21,LAL,47,1423,12,0.487,0.5,0.105,4,13.7,9,23.7,2.3,1.1,17.8,16.9,0,1.9,1.9,0.063,-0.8,1.6,0.8,1,$0.25
143,Kevin Durant,"$30,000,000",PF,30,GSW,51,1812,24.7,0.62,0.266,0.372,1.6,19.4,10.8,25.8,1.1,2.7,12.7,30.6,5.6,1.9,7.6,0.2,4,0.2,4.2,2.8,$0.25
276,T.J. Leaf,"$2,407,560",PF,21,IND,30,246,14.2,0.556,0.232,0.171,7.9,17.7,12.9,8.3,0.8,2.2,9.3,17.2,0.3,0.3,0.6,0.117,-1.7,-0.3,-2.1,0,$0.25
26,Marvin Bagley,"$7,305,600",PF,19,SAC,37,874,17.4,0.569,0.124,0.404,10,19.2,14.5,5.5,1,3.5,12.9,22.8,0.9,0.9,1.8,0.096,-1.7,-0.5,-2.2,0,$0.25
312,Doug McDermott,"$7,333,334",SF,27,IND,51,891,10.3,0.606,0.563,0.199,1.3,7.1,4.2,6.5,0.6,0.6,9,15.2,1,0.7,1.8,0.096,-0.3,-2.1,-2.4,-0.1,$0.25
281,Meyers Leonard,"$10,595,506",C,26,POR,48,702,16.9,0.682,0.465,0.202,6.2,22.5,14.5,12.1,0.9,1,14,15.1,1.8,0.7,2.6,0.175,2.1,0,2,0.7,$0.25
231,Joe Ingles,"$13,045,455",SF,31,UTA,53,1654,12.5,0.557,0.57,0.179,1.1,12.4,6.8,23.2,2.1,0.6,17.4,17.6,0.9,2.3,3.2,0.093,0.2,1.1,1.3,1.4,$0.25
44,DeAndre' Bembry,"$1,634,640",SG,24,ATL,51,1282,10,0.492,0.302,0.219,2.4,16,9.1,15.2,2.4,1.9,17.1,17,-0.8,1.1,0.4,0.014,-3.5,1.1,-2.4,-0.1,$0.24
81,Jimmy Butler,"$20,445,779",SF-SG,29,TOT,40,1325,21.1,0.578,0.234,0.359,5.7,10.5,8.1,17.6,3,1.5,8.3,23,3.3,1.7,5,0.181,2.9,0.7,3.6,1.9,$0.24
232,Brandon Ingram,"$5,757,120",SF,21,LAL,41,1362,12.8,0.541,0.126,0.388,2.5,12.2,7.5,13.2,0.9,1.5,13.9,22.9,0.1,1.3,1.4,0.05,-2.6,-0.2,-2.8,-0.3,$0.24
189,JaMychal Green,"$7,866,667",PF,28,MEM,40,890,15.4,0.584,0.31,0.258,8.9,23.4,16,6.8,1.9,2.8,15.6,20.9,0.5,1.4,1.9,0.101,-1.8,0.9,-1,0.2,$0.24
256,DeAndre Jordan,"$22,900,000",C,30,DAL,50,1554,18.2,0.672,0,0.613,11.4,35.4,23.7,9.5,1,2.8,21.3,14.3,2.8,2.7,5.5,0.171,-0.9,3.5,2.7,1.8,$0.24
440,Khyri Thomas,"$838,464",SG,22,DET,14,120,10.4,0.524,0.564,0.231,1.7,9.5,5.4,5,1.6,2.8,6.5,16.3,0.1,0.1,0.2,0.078,-2.5,-0.2,-2.6,0,$0.24
84,Kentavious Caldwell-Pope,"$12,000,000",SG,25,LAL,52,1242,12.5,0.573,0.566,0.244,2.5,9.1,5.9,6.4,1.6,0.3,7.3,16.8,1.6,1.2,2.8,0.106,0.4,-1.1,-0.7,0.4,$0.23
168,Danilo Gallinari,"$21,587,579",SF,30,LAC,44,1377,19.5,0.622,0.425,0.432,3.2,16.5,10.1,12,1.1,0.7,8.4,22.6,4,1,5,0.175,3.8,-1.2,2.6,1.6,$0.23
331,Greg Monroe,"$2,165,481",C,28,TOR,36,385,13.6,0.482,0.028,0.393,15.7,23.9,19.9,5.6,1.5,1.7,14.6,22.1,-0.1,0.6,0.5,0.065,-4.4,-0.5,-5,-0.3,$0.23
230,Ersan Ilyasova,"$7,000,000",PF,31,MIL,38,667,11.5,0.527,0.419,0.152,8,17.8,13.2,6.9,1.7,1.2,11.5,16,0.4,1.2,1.6,0.114,-1.7,0.7,-1,0.2,$0.23
218,Justin Holiday,"$4,384,616",SG,29,TOT,53,1728,9.6,0.506,0.645,0.13,1.5,12.4,6.9,9.1,2.4,1.3,11.7,15.6,-0.7,1.7,1,0.028,-1.6,0.9,-0.7,0.6,$0.23
175,Harry Giles,"$2,207,040",PF,20,SAC,38,481,13.9,0.513,0.025,0.239,7.8,19.6,13.6,16.3,2.3,2.5,16.5,22.9,-0.1,0.6,0.5,0.049,-3.2,1.4,-1.8,0,$0.23
268,Kyle Korver,"$7,560,000",SG-PF,37,TOT,47,881,12.7,0.62,0.706,0.158,0.7,12.1,6.4,8.1,0.7,0.8,10.3,18.5,1.1,0.6,1.7,0.094,0.8,-2.1,-1.3,0.2,$0.22
304,Lauri Markkanen,"$4,536,120",PF,21,CHI,29,914,15.4,0.542,0.446,0.175,3.7,23.9,13.7,5.3,1.3,2.2,9,24.2,0.1,1,1,0.055,-1.6,-1.3,-2.9,-0.2,$0.22
370,Patrick Patterson,"$5,451,600",PF,29,OKC,51,745,8.7,0.501,0.631,0.149,4.9,12,8.4,4.8,0.8,1.3,8,12.3,0.4,0.8,1.2,0.076,-2.5,-0.7,-3.2,-0.2,$0.22
368,Tony Parker,"$5,000,000",PG,36,CHO,44,816,15.8,0.512,0.103,0.294,1.3,7.2,4.2,34.1,1,0.5,12.2,25.5,0.7,0.4,1.1,0.063,-1.1,-3.7,-4.9,-0.6,$0.22
213,Nene Hilario,"$3,651,480",C,36,HOU,24,316,12.8,0.597,0.03,0.439,5.8,22.2,13.7,7,1.1,2.1,7.1,11.6,0.6,0.2,0.8,0.128,-2.8,-0.1,-2.9,-0.1,$0.22
306,Frank Mason,"$1,378,242",PG,24,SAC,33,383,12.3,0.484,0.338,0.353,1.1,8.9,4.9,28,1.9,0.9,15.6,20.1,0,0.3,0.3,0.038,-2.5,-2.3,-4.8,-0.3,$0.22
237,Frank Jackson,"$1,378,242",PG,20,NOP,37,515,8.9,0.538,0.393,0.185,1.9,9.2,5.6,8,1,0,11.1,17.4,0.1,0.1,0.3,0.025,-2,-3,-5,-0.4,$0.22
425,Tony Snell,"$10,607,143",SG,27,MIL,50,850,11.6,0.606,0.599,0.153,2.7,9.6,6.4,6,1,1,6.9,13.7,1.2,1.1,2.3,0.131,0,-0.6,-0.6,0.3,$0.22
324,Patty Mills,"$11,571,429",PG,30,SAS,53,1259,13.4,0.581,0.592,0.189,1.4,9.4,5.5,17,1.5,0.6,12.3,17.6,1.7,0.8,2.5,0.095,1.7,-1.5,0.2,0.7,$0.22
303,Boban Marjanovic,"$7,000,000",C,30,LAC,33,342,24.9,0.673,0.016,0.656,14.7,26.1,20.6,9.4,1.1,3.9,17.5,24.7,1.1,0.5,1.5,0.217,1,0.4,1.4,0.3,$0.21
260,Luke Kennard,"$3,275,280",SG,22,DET,32,648,10.3,0.527,0.487,0.109,0.8,15.3,7.7,10.2,0.9,0.8,10.1,18.2,0.1,0.6,0.7,0.052,-2.3,-0.7,-3,-0.2,$0.21
435,Garrett Temple,"$8,000,000",SG,32,MEM,49,1530,8.8,0.551,0.543,0.196,1.3,10.3,5.7,6.9,1.6,1.6,11.4,14.1,0.1,1.6,1.7,0.053,-1.9,0.6,-1.3,0.3,$0.21
339,Emmanuel Mudiay,"$4,294,480",PG,22,NYK,39,1036,15.9,0.533,0.275,0.259,2.4,10,6.1,24.8,1.4,1.1,13.4,25.4,0.6,0.3,0.9,0.042,0.4,-2.1,-1.6,0.1,$0.21
401,Terrence Ross,"$10,500,000",SG,27,ORL,52,1378,14.8,0.553,0.505,0.118,1.5,12.2,6.7,9.7,1.7,1.2,7.4,23.1,0.8,1.4,2.2,0.076,0.5,-1.4,-0.9,0.4,$0.21
127,Luol Deng,"$2,393,887",SF,33,MIN,12,148,17,0.612,0.413,0.391,6.4,16.9,11.6,4.9,2.3,1.2,8.5,16.7,0.3,0.2,0.5,0.147,0.5,-0.8,-0.3,0.1,$0.21
83,Jose Calderon,"$2,393,887",PG,37,DET,42,598,6.9,0.446,0.487,0.096,1.6,8.7,5,25.5,1.3,0.4,22.6,11,-0.1,0.5,0.5,0.036,-4.2,-1,-5.2,-0.5,$0.21
452,Ekpe Udoh,"$3,360,000",C,31,UTA,32,183,16.6,0.704,0,0.432,6.6,15.4,11.1,10.5,0.8,7.1,15.4,12.2,0.4,0.3,0.7,0.185,-1.5,4.2,2.7,0.2,$0.21
327,Nikola Mirotic,"$12,500,000",PF,27,NOP,32,925,17.9,0.591,0.568,0.248,5.4,24.2,15,5.3,1.1,2.3,7.6,21.8,1.7,0.9,2.6,0.135,1.7,-1.7,0.1,0.5,$0.21
448,Allonzo Trier,"$3,382,000",SG,23,NYK,44,979,12.9,0.564,0.219,0.421,2.5,12,7,14.3,1,1.2,16.5,21,0.4,0.3,0.7,0.034,-1.9,-1.7,-3.6,-0.4,$0.21
363,Kelly Olynyk,"$12,137,527",PF,27,MIA,47,934,14.8,0.611,0.64,0.363,4.8,18.3,11.5,12.2,1.4,1.4,15.5,18.8,1.3,1.2,2.5,0.129,0.9,0,0.9,0.7,$0.21
482,Marvin Williams,"$14,087,500",PF,32,CHO,50,1399,12.8,0.556,0.608,0.144,3.3,18.1,10.6,6.2,1.6,2.1,5.8,14.9,1.5,1.5,2.9,0.101,0.3,0.5,0.8,1,$0.21
134,Donte DiVincenzo,"$2,481,000",SG,22,MIL,23,358,8.6,0.492,0.645,0.103,4,11.7,8.1,9.7,1.6,1.4,13.9,15.3,-0.1,0.5,0.5,0.062,-2.4,0.5,-1.9,0,$0.20
381,Bobby Portis,"$2,494,346",PF,23,CHI,21,497,16.3,0.515,0.258,0.19,9.6,23.6,16.6,10.2,0.9,1.4,9.4,26.3,0.1,0.4,0.5,0.053,-1.5,-1.7,-3.2,-0.1,$0.20
493,Cody Zeller,"$13,528,090",C,26,CHO,35,857,16.5,0.618,0.069,0.329,9,18.5,13.7,12.6,1.4,2.8,14.5,15.5,1.8,0.9,2.7,0.152,0.4,1.9,2.2,0.9,$0.20
355,David Nwaba,"$1,512,601",SG,26,CLE,21,345,11.9,0.517,0.354,0.505,3.1,16.2,9.4,6.4,1.9,1.7,6.9,16.5,0.2,0.1,0.3,0.047,-2.1,-1.4,-3.5,-0.1,$0.20
466,Taurean Waller-Prince,"$2,526,840",SF,24,ATL,30,817,11.4,0.557,0.521,0.202,1.8,13.9,7.7,10.6,1.7,1.1,14.8,21,0,0.5,0.5,0.029,-1.2,-1.5,-2.7,-0.1,$0.20
468,T.J. Warren,"$11,750,000",SF,25,PHO,43,1360,16.6,0.58,0.295,0.203,2.5,12,7.2,7.8,1.8,1.8,7.2,22.8,1.7,0.5,2.3,0.08,0.4,-1.7,-1.2,0.3,$0.20
412,Wayne Selden,"$1,544,951",SG,24,TOT,45,719,9,0.516,0.391,0.196,2.9,7.8,5.3,13,1,0.9,12.9,18,-0.1,0.4,0.3,0.021,-3,-1.9,-4.9,-0.5,$0.19
54,Bogdan Bogdanovic,"$9,000,000",SG,26,SAC,39,1096,15.1,0.54,0.429,0.193,1.7,11.8,6.6,21.3,1.7,0.5,11.7,23.5,0.9,0.8,1.7,0.075,1,-1.6,-0.5,0.4,$0.19
361,Josh Okogie,"$2,160,720",SG,20,MIN,43,948,8.1,0.468,0.442,0.332,2.6,11.8,7.1,7.2,2,1.4,10.7,16.5,-0.4,0.8,0.4,0.019,-2.9,0,-2.9,-0.2,$0.19
259,Enes Kanter,"$18,622,514",C,26,NYK,44,1128,22,0.585,0.047,0.276,15.3,28.1,21.4,12.9,0.8,1.3,13.1,22.7,2.6,0.8,3.4,0.145,1.4,-0.3,1.1,0.9,$0.18
119,Stephen Curry,"$37,457,154",PG,30,GSW,40,1373,26.9,0.671,0.588,0.242,2.4,13.2,8,25.2,1.6,0.9,11.6,30.9,5.5,1.2,6.7,0.235,9.5,-2.1,7.4,3.3,$0.18
217,Jrue Holiday,"$25,976,111",SG,28,NOP,52,1914,19.5,0.559,0.298,0.238,3.5,10.3,7,31.9,2.1,1.9,14.9,25,3.2,1.4,4.6,0.115,3,-0.1,2.9,2.4,$0.18
261,Michael Kidd-Gilchrist,"$13,000,000",PF,25,CHO,44,871,15,0.559,0.129,0.398,9.3,15.2,12.2,7,1.4,3.3,9.6,16.9,1.4,0.9,2.3,0.126,-0.9,0.8,-0.1,0.4,$0.18
228,Serge Ibaka,"$21,666,667",C,29,TOR,49,1423,18,0.577,0.203,0.203,7.8,20.3,14.2,7.6,0.8,3.8,11.5,23.1,1.8,2,3.8,0.129,-0.4,0.9,0.5,0.9,$0.18
330,Malik Monk,"$3,447,480",SG,20,CHO,48,898,13,0.529,0.542,0.181,1.1,9.1,5,15,1.5,1.1,11.6,25.5,0,0.6,0.6,0.035,-0.2,-2.9,-3.1,-0.3,$0.17
107,Mike Conley,"$30,521,116",PG,31,MEM,51,1722,20.4,0.557,0.378,0.317,1.9,9.7,5.7,33.1,2,1,9.5,27,3.4,1.8,5.3,0.147,4,-1.1,2.9,2.1,$0.17
191,Blake Griffin,"$32,088,932",PF,29,DET,48,1749,21.6,0.591,0.359,0.422,3.8,21.2,12.1,26.7,1.1,1,14.4,30.3,3.5,2.1,5.5,0.151,4.5,0.8,5.3,3.2,$0.17
332,E'Twaun Moore,"$8,808,685",SF,29,NOP,44,1294,11.4,0.563,0.314,0.109,2.7,6.1,4.5,9.4,1.2,0.5,9.3,16.9,1.2,0.3,1.5,0.057,0.1,-1.9,-1.8,0.1,$0.17
229,Andre Iguodala,"$16,000,000",SF,35,GSW,46,1082,12.8,0.568,0.473,0.264,3.4,13.7,8.8,16.5,1.8,2.9,13.8,10.2,1.6,1.2,2.7,0.12,0.2,1.8,2,1.1,$0.17
286,Shaun Livingston,"$8,307,692",PG,33,GSW,40,616,12.9,0.535,0.013,0.279,5.1,8.7,7,16.6,1.6,2.6,12.2,13.6,0.9,0.5,1.4,0.109,-1.6,0.4,-1.2,0.1,$0.17
258,Frank Kaminsky,"$3,627,842",C,25,CHO,24,271,16.1,0.583,0.443,0.361,7.5,16.4,11.9,14.4,0.9,1.6,13.8,20.6,0.4,0.2,0.6,0.108,0.7,-1.3,-0.6,0.1,$0.17
140,Andre Drummond,"$25,434,263",C,25,DET,47,1559,20.9,0.523,0.046,0.346,16.4,33.2,24.4,6.2,2.3,4.1,13.1,23.6,1,3.2,4.2,0.129,-2.3,2.9,0.7,1,$0.17
241,Reggie Jackson,"$17,043,478",PG,28,DET,50,1450,13.6,0.529,0.458,0.241,2.4,8.8,5.4,23.7,1.2,0.3,11.5,22.5,1.5,1.2,2.8,0.091,0.9,-1.5,-0.6,0.5,$0.16
454,Jonas Valanciunas,"$16,539,326",C,26,TOR,30,564,24.9,0.639,0.116,0.363,10.5,30.4,20.7,8.5,1.1,3.3,11.5,25.7,1.7,1,2.7,0.228,1,0.4,1.4,0.5,$0.16
410,Mike Scott,"$4,320,500",PF,30,LAC,49,681,9.4,0.504,0.587,0.075,3.5,20.8,12.4,8.3,1.2,0.9,9.8,15.2,0.1,0.7,0.7,0.051,-1.6,-0.5,-2.2,0,$0.16
170,Marc Gasol,"$24,119,025",C,34,MEM,52,1757,17,0.539,0.327,0.301,3.4,26.4,14.6,23,1.7,3.5,13.6,22.5,1,2.9,3.9,0.106,-0.4,3.3,2.9,2.2,$0.16
39,Bradley Beal,"$25,434,263",SG,25,WAS,51,1889,19.6,0.57,0.371,0.248,3.3,12,7.5,22.7,1.8,1.8,11.2,28.2,2.9,1.2,4.1,0.104,3,-0.9,2.1,1.9,$0.16
146,Wayne Ellington,"$6,270,000",SG,31,MIA,25,533,11,0.547,0.842,0.087,1.2,8.2,4.7,8,2.2,0.5,6.8,16.4,0.4,0.6,1,0.093,0.8,-1.1,-0.3,0.2,$0.16
442,Klay Thompson,"$18,988,725",SG,28,GSW,50,1708,16.2,0.558,0.408,0.121,1.4,10.8,6.3,9,1.6,1.6,7.4,26.2,1.5,1.4,2.9,0.082,0.5,-2.2,-1.7,0.1,$0.15
353,James Nunnally,"$655,632",SF,28,TOT,15,102,7.4,0.503,0.735,0.118,0,5.4,2.7,9.7,0.5,0,2.7,15.3,0.1,0,0.1,0.038,-1.6,-4.8,-6.4,-0.1,$0.15
223,Al Horford,"$28,928,710",C,32,BOS,42,1186,19.4,0.601,0.305,0.107,7.1,18.4,12.7,19.2,1.3,4.8,13.6,18.4,2.4,2,4.4,0.177,1.5,3.3,4.9,2.1,$0.15
310,CJ McCollum,"$25,759,766",SG,27,POR,51,1733,16.8,0.55,0.334,0.159,2.8,9.1,6,13,1.2,0.8,7.7,25.8,2.6,1.2,3.8,0.106,1.7,-1.9,-0.3,0.7,$0.15
242,LeBron James,"$35,654,150",PF,34,LAL,35,1219,26,0.597,0.291,0.4,2.9,21.4,12.5,34.5,1.7,1.6,13.1,31.1,3.2,1.8,5,0.198,5.6,1.9,7.5,2.9,$0.14
445,Anthony Tolliver,"$5,750,000",PF,33,MIN,35,533,9,0.605,0.882,0.235,2.2,13.9,7.9,4.7,1,1.6,12.6,11.8,0.4,0.3,0.8,0.069,-0.7,-0.8,-1.5,0.1,$0.14
179,Aaron Gordon,"$21,590,909",PF,23,ORL,48,1616,15.5,0.54,0.332,0.244,5.6,19.1,12.2,15.9,1,1.7,11.3,21.5,1.3,1.7,3,0.089,0.1,0.6,0.7,1.1,$0.14
383,Norman Powell,"$9,367,200",SG,25,TOR,31,578,13.4,0.605,0.423,0.19,0.8,10.1,5.5,11.5,1.9,1,12,17.2,0.7,0.6,1.3,0.111,0.1,-0.2,-0.1,0.3,$0.14
285,Jeremy Lin,"$13,768,421",PG,30,ATL,46,909,16.2,0.597,0.346,0.461,1.7,11,6.3,27.4,1.7,0.6,17.6,22.6,1.5,0.4,1.9,0.098,0.5,-2.5,-2,0,$0.14
409,Dennis Schroder,"$15,500,000",PG,25,OKC,50,1428,13.6,0.515,0.301,0.206,1.5,10.9,6.1,21.8,1.5,0.5,13.6,25,0.4,1.7,2.1,0.07,-1.6,-1.3,-2.9,-0.3,$0.14
292,Kyle Lowry,"$31,200,000",PG,32,TOR,42,1442,16.8,0.552,0.589,0.271,1.8,12,7,36.6,1.9,1.2,18.2,19.4,2.5,1.7,4.2,0.14,2.5,0.1,2.6,1.7,$0.13
475,Hassan Whiteside,"$25,434,263",C,29,MIA,44,1115,21.5,0.535,0.034,0.394,15.7,36.3,25.9,5.9,1.1,7.7,12.6,22.5,0.8,2.6,3.4,0.145,-3.3,3.2,-0.2,0.5,$0.13
403,Ricky Rubio,"$14,975,000",PG,28,UTA,46,1320,13.3,0.518,0.376,0.263,1.5,11.4,6.5,32.6,2.2,0.6,18.9,23.2,0.1,1.8,2,0.071,-0.8,0.3,-0.5,0.5,$0.13
373,Elfrid Payton,"$3,000,000",PG,24,NOP,19,512,12.7,0.504,0.216,0.181,2.9,11.2,7.2,28.5,2,0.8,19.6,18.6,0.1,0.3,0.4,0.042,-1.5,-0.7,-2.2,0,$0.13
487,Christian Wood,"$1,512,601",PF,23,MIL,6,37,23.8,0.636,0.235,0.353,12,31.6,22.4,8.3,0,0,9.2,24.6,0.1,0.1,0.2,0.237,0.4,-3.2,-2.8,0,$0.13
187,Draymond Green,"$17,469,565",PF,28,GSW,36,1129,13.1,0.489,0.373,0.208,3.7,22.9,13.7,28.5,2.5,2.6,26.7,13.3,0.5,1.8,2.3,0.097,-1.4,3.6,2.2,1.2,$0.13
443,Tristan Thompson,"$17,469,565",C,27,CLE,35,1043,18.8,0.547,0,0.258,15.9,26.2,20.8,11.3,1.3,1.3,12,17.5,1.9,0.4,2.3,0.108,0.5,0.2,0.7,0.7,$0.13
195,Maurice Harkless,"$10,837,079",SF,25,POR,32,693,11.1,0.537,0.347,0.15,5.3,13.5,9.5,5,2,3.2,10.2,12.5,0.5,0.9,1.4,0.095,-1.2,2.1,0.9,0.5,$0.13
1,Alex Abrines,"$5,455,236",SG,25,OKC,31,588,6.4,0.507,0.809,0.083,0.9,7.6,4.2,4.3,1.3,0.9,7.9,12.2,0.1,0.6,0.7,0.059,-2.3,-0.8,-3.1,-0.2,$0.13
336,Markieff Morris,"$8,600,000",PF,29,WAS,34,883,12.5,0.543,0.439,0.223,5,17,10.9,9.8,1.3,1.9,11.5,19.7,0.4,0.6,1.1,0.057,-1.2,-0.7,-1.9,0,$0.13
128,DeMar DeRozan,"$27,739,975",SG,29,SAS,49,1734,18.8,0.525,0.047,0.321,2.4,16.9,9.7,27.5,1.4,1.2,11.5,28.6,1.9,1.6,3.5,0.096,-0.1,0.3,0.1,0.9,$0.13
132,Gorgui Dieng,"$15,170,787",C,29,MIN,51,695,15.7,0.569,0.174,0.275,7.4,24.4,15.8,9.2,1.8,3.3,11.6,16.6,1,0.9,1.9,0.132,-1.5,1.7,0.2,0.4,$0.13
153,Dante Exum,"$9,600,000",PG,23,UTA,39,637,12.7,0.53,0.252,0.368,2.6,8.5,5.6,25.4,1.1,0.6,14.5,21.4,0.5,0.7,1.2,0.088,-1.6,-1.4,-3,-0.2,$0.13
325,Paul Millsap,"$29,730,769",PF,33,DEN,43,1109,18.6,0.569,0.212,0.391,8.6,19.1,13.9,10.5,2.4,2.9,10.9,20.1,2,1.7,3.7,0.16,0.6,1.7,2.4,1.2,$0.12
35,Nicolas Batum,"$24,000,000",SF,30,CHO,51,1577,12.1,0.594,0.489,0.188,3,15.3,9.1,14.8,1.5,1.5,17.4,13.1,1.5,1.4,2.9,0.088,0,1.2,1.2,1.3,$0.12
69,MarShon Brooks,"$1,656,092",SG,30,MEM,29,387,11.9,0.518,0.32,0.195,3.5,10.1,6.7,11.3,1.2,1,10.3,24,-0.2,0.3,0.2,0.021,-2.9,-2.5,-5.4,-0.3,$0.12
480,Kenrich Williams,"$838,464",SF,24,NOP,16,158,8.6,0.524,0.364,0.091,6.1,19.5,13,5.7,0.3,1.6,13.3,13.8,0,0.1,0.1,0.034,-3.1,-1.6,-4.8,-0.1,$0.12
362,Victor Oladipo,"$21,000,000",SG,26,IND,36,1147,17.8,0.519,0.367,0.24,2.1,17.2,9.8,25.1,2.5,0.9,11.2,27.7,0.6,1.9,2.5,0.106,1.3,0.9,2.2,1.2,$0.12
98,Wilson Chandler,"$12,800,562",PF,31,PHI,36,951,9.2,0.561,0.57,0.087,5.1,13.5,9.5,10,1.1,1.5,15.4,11.2,0.6,0.9,1.5,0.077,-0.7,0.7,0,0.5,$0.12
411,Thabo Sefolosha,"$5,250,000",SF,34,UTA,26,289,11.5,0.616,0.483,0.241,1.5,25.9,13.8,4.8,3.8,0.3,18.9,11.8,0,0.6,0.6,0.105,-3.2,3,-0.3,0.1,$0.11
41,Michael Beasley,"$3,500,000",PF,30,LAL,24,257,17.7,0.556,0.106,0.262,5,16.1,10.8,14.3,1.6,3.1,14.2,29.5,0,0.4,0.4,0.072,-2.8,-0.2,-2.9,-0.1,$0.11
307,Wesley Matthews,"$18,622,514",SF,32,DAL,44,1312,11.5,0.556,0.561,0.235,1.7,6.6,4.2,11.6,1.2,0.8,10.1,18.7,1.2,0.9,2.1,0.078,0.4,-1.2,-0.8,0.4,$0.11
489,Guerschon Yabusele,"$2,667,600",PF,23,BOS,29,164,12,0.526,0.362,0.255,9.7,11.8,10.7,9.9,2.1,3.8,17.4,16.6,0.1,0.3,0.3,0.099,-2.2,1.8,-0.4,0.1,$0.11
225,Dwight Howard,"$5,337,000",C,33,WAS,9,230,17.7,0.638,0,0.696,11.2,29,19.9,2.6,1.4,1.5,15.1,19.8,0.4,0.3,0.6,0.133,-3,-2.1,-5.2,-0.2,$0.11
357,Kyle O'Quinn,"$4,449,000",C,28,IND,28,199,15.9,0.51,0.135,0.135,9.7,26.8,18.5,22.6,0.7,6.7,17.8,20.8,0.1,0.4,0.5,0.114,-2.8,4.1,1.3,0.2,$0.11
181,Marcin Gortat,"$13,565,218",C,34,LAC,45,734,13.5,0.571,0,0.262,10,26.1,18.3,12.2,0.4,2.5,19.4,14.6,0.7,0.8,1.5,0.097,-2,1.5,-0.6,0.3,$0.11
87,DeMarre Carroll,"$15,400,000",SF,32,BRK,41,1026,12.1,0.542,0.534,0.424,4.3,16.9,10.6,6.5,0.7,0.4,9.4,19.2,1,0.8,1.7,0.081,-0.8,-1.7,-2.5,-0.1,$0.11
198,Gary Harris,"$16,517,857",SG,24,DEN,32,956,13.9,0.526,0.389,0.225,2.5,8.6,5.6,13.1,1.6,1.3,8,21.9,1,0.8,1.8,0.093,0.2,-1.4,-1.3,0.2,$0.11
141,Jared Dudley,"$9,530,000",PF,33,BRK,43,944,7.1,0.523,0.637,0.184,2.8,10.8,6.8,9.2,1.4,1.1,15.3,10.9,0.2,0.8,1,0.051,-1.9,0.8,-1.1,0.2,$0.10
421,Dennis Smith,"$3,819,960",PG,21,DAL,32,908,11.7,0.527,0.35,0.23,2.2,9.1,5.7,24,2.1,1,20.3,23.1,-0.5,1,0.4,0.023,-1.8,-0.1,-1.9,0,$0.10
79,Alec Burks,"$11,536,515",SG,27,TOT,49,1177,13.2,0.523,0.354,0.307,2.4,17.2,9.5,14.3,1.2,1.4,10.5,20.1,0.7,0.5,1.2,0.05,-1.2,-1,-2.3,-0.1,$0.10
249,Tyler Johnson,"$19,245,370",PG,26,MIA,42,1071,13.1,0.548,0.505,0.227,1.8,9.8,5.7,15.4,1.8,1.5,12.1,19.3,0.8,1.2,2,0.087,-0.1,-0.3,-0.5,0.4,$0.10
32,Harrison Barnes,"$24,107,258",PF,26,DAL,47,1522,13.6,0.543,0.434,0.289,2.6,11.2,7,6.2,1,0.5,7.8,23.4,1.3,1.2,2.5,0.08,-0.4,-2,-2.4,-0.2,$0.10
248,Stanley Johnson,"$3,940,402",SF,22,DET,45,892,9.4,0.469,0.515,0.145,2.8,18,10,9.4,2.5,1.1,13.3,19.4,-0.9,1.3,0.4,0.021,-3.5,1.1,-2.4,-0.1,$0.10
472,Russell Westbrook,"$35,654,150",PG,30,OKC,43,1523,20.4,0.482,0.233,0.31,4.2,27.9,15.9,46.7,3,0.8,16.7,30.8,0.4,3.2,3.6,0.115,1.5,4.3,5.8,3,$0.10
399,Rajon Rondo,"$9,000,000",PG,32,LAL,18,493,13.7,0.501,0.248,0.098,2.8,15.8,9.6,36.9,1.7,0.3,20.4,16.8,0.3,0.6,0.9,0.092,-1.3,0.2,-1.1,0.1,$0.10
415,Iman Shumpert,"$11,011,234",SG,28,SAC,40,1034,10.1,0.506,0.58,0.12,1.9,10.3,6,10.2,2.1,1.5,9.1,15.4,0.3,0.9,1.1,0.052,-0.7,0.2,-0.6,0.4,$0.10
142,Kris Dunn,"$4,221,000",PG,24,CHI,26,805,12.9,0.493,0.143,0.157,0.8,13.9,7.3,32.5,2.4,1.4,17.3,21.2,-0.4,0.8,0.4,0.025,-2.5,0.5,-2,0,$0.09
434,Jeff Teague,"$19,000,000",PG,30,MIN,31,939,14.8,0.522,0.28,0.379,1.2,7.4,4.3,37.2,1.8,1.2,17.4,18.5,1.2,0.6,1.8,0.09,-0.2,-2.1,-2.3,-0.1,$0.09
110,DeMarcus Cousins,"$5,337,000",C,28,GSW,6,134,20.5,0.561,0.206,0.397,5,27,16.5,25.7,2.5,2.5,14,27.3,0.2,0.2,0.5,0.166,0.5,1.9,2.5,0.2,$0.09
492,Trae Young,"$5,356,440",PG,20,ATL,51,1530,14.1,0.522,0.386,0.305,2.3,8.9,5.5,37.8,1.4,0.7,20,27,0.1,0.4,0.5,0.017,-0.2,-3,-3.3,-0.5,$0.09
22,Trevor Ariza,"$15,000,000",SF,33,TOT,47,1658,11.4,0.519,0.597,0.208,2.1,16,9,14.6,2,0.6,12.4,16.3,0.4,1,1.4,0.041,-0.6,-0.1,-0.7,0.5,$0.09
206,Gordon Hayward,"$31,214,295",PF,28,BOS,47,1209,14.6,0.535,0.406,0.257,3.5,15.5,9.5,18.3,1.8,1.1,12.8,19.2,1.2,1.8,2.9,0.117,-0.4,0.8,0.4,0.7,$0.09
193,Tim Hardaway,"$17,325,000",SG,26,NYK,46,1499,14.6,0.531,0.464,0.321,1.8,9.8,5.6,13.3,1.3,0.3,8.9,25.7,1.2,0.3,1.6,0.051,1.3,-3.1,-1.8,0.1,$0.09
282,Jon Leuer,"$10,002,681",PF,29,DET,31,343,14.5,0.635,0.091,0.293,6.6,20.9,13.4,5.7,1.7,1,15.8,16.5,0.4,0.5,0.9,0.123,-2.6,0.4,-2.2,0,$0.09
103,Jordan Clarkson,"$12,500,000",SG,26,CLE,51,1346,17.5,0.544,0.365,0.139,3.8,10.5,7,16.1,1.4,0.6,9.9,28.4,1.2,-0.1,1.1,0.04,1.9,-3.7,-1.8,0.1,$0.09
214,George Hill,"$19,000,000",PG,32,TOT,38,875,11.3,0.548,0.377,0.212,3.2,7.7,5.6,14,1.9,0.4,11.6,14.3,0.9,0.7,1.6,0.09,-0.7,-0.7,-1.4,0.1,$0.08
19,Carmelo Anthony,"$2,393,887",PF,34,HOU,10,294,11.2,0.513,0.529,0.182,3.3,17.9,10.3,2.7,0.7,2,5.8,20.5,0.1,0.1,0.2,0.038,-2.9,-3.5,-6.4,-0.3,$0.08
91,Michael Carter-Williams,"$1,200,000",PG,27,HOU,16,145,12.9,0.476,0.311,0.426,2.2,8,5,23.3,3.1,3.5,12.1,24.7,0,0.1,0.1,0.034,-3,-1,-4,-0.1,$0.08
305,Jarell Martin,"$2,416,222",PF,24,ORL,28,234,8.8,0.517,0.423,0.113,3.2,18.5,10.6,8.1,0.4,2.5,11.8,15.8,0,0.2,0.2,0.039,-4.3,-0.7,-4.9,-0.2,$0.08
380,Otto Porter,"$26,011,913",SF,25,WAS,39,1119,15.1,0.554,0.405,0.135,3.4,18.3,10.6,9.9,2.5,1.5,8,18.3,1,1.1,2.1,0.091,-0.3,0.5,0.2,0.6,$0.08
154,Kenneth Faried,"$13,764,045",C,29,TOT,18,302,21.7,0.61,0.091,0.436,13.6,22.7,18.1,5.1,1.3,3,9.6,20.7,0.8,0.3,1.1,0.173,-0.5,-1.2,-1.7,0,$0.08
450,Evan Turner,"$17,868,852",PG,30,POR,51,1228,11.5,0.507,0.12,0.222,2.8,17.3,10.2,22.4,1.1,0.9,18.6,16.3,0.3,1.1,1.4,0.057,-2.4,0.7,-1.7,0.1,$0.08
371,Chris Paul,"$35,654,150",PG,33,HOU,29,943,18.6,0.553,0.464,0.281,2,12.4,7,38.4,3.1,0.7,17,22.4,1.8,0.8,2.6,0.133,2.1,-0.9,1.2,0.8,$0.07
74,Troy Brown,"$2,749,080",SF,19,WAS,28,204,10.9,0.471,0.238,0.333,2.1,17.2,9.5,16.8,1.9,0.4,8.8,16.6,0,0.1,0.2,0.043,-3.9,-1.1,-4.9,-0.2,$0.07
364,Cedi Osman,"$2,775,000",SF,23,CLE,50,1594,10.6,0.528,0.44,0.236,1.9,15.1,8.2,10.7,1.2,0.5,12.4,18.8,0.2,0,0.2,0.007,-1.1,-1.9,-3,-0.4,$0.07
274,Zach LaVine,"$19,500,000",SG,23,CHI,45,1525,17.6,0.56,0.283,0.321,1.6,12.5,7,22.2,1.4,1,14.5,31.1,0.4,1,1.4,0.045,0.8,-1.6,-0.8,0.4,$0.07
49,Bismack Biyombo,"$17,000,000",C,26,CHO,26,398,15.5,0.595,0,0.524,11.2,24.8,18,5.6,0.8,6.3,13.7,12.6,0.7,0.6,1.2,0.147,-2.4,2.8,0.4,0.2,$0.07
269,Kosta Koufos,"$8,739,500",C,29,SAC,29,365,13,0.493,0,0.14,11.1,27.3,19,9.4,1.5,3.1,15,15.1,0.1,0.5,0.6,0.078,-3.8,1.9,-1.9,0,$0.07
464,John Wall,"$19,169,800",PG,28,WAS,32,1104,18.3,0.527,0.306,0.317,1.5,10.3,5.8,40,2.1,2.3,16.1,29.1,0.5,0.8,1.3,0.058,1.1,-0.9,0.1,0.6,$0.07
33,Will Barton,"$11,830,358",SG,28,DEN,12,296,15.8,0.566,0.413,0.198,4.4,15.5,10,18,0.5,2.1,11.4,21.5,0.5,0.3,0.8,0.123,0.9,-1.1,-0.2,0.1,$0.07
38,Kent Bazemore,"$18,089,887",SG,29,ATL,37,995,14.4,0.543,0.415,0.271,2.2,13.7,7.8,14.3,2.9,2.7,13.8,22.1,0.2,1,1.2,0.059,-0.8,0.6,-0.2,0.5,$0.07
397,Jerome Robinson,"$3,046,200",SG,21,LAC,16,141,10.3,0.578,0.588,0.039,2.3,9.4,6,3.1,0.7,1.1,3.7,16.2,0.1,0.1,0.2,0.074,0,-3.1,-3.1,0,$0.07
301,Ian Mahinmi,"$15,944,154",C,32,WAS,30,436,12.5,0.562,0.15,0.738,9.6,17.3,13.4,7.2,2.5,3,15.2,12.3,0.5,0.5,1,0.111,-2.1,2,-0.1,0.2,$0.06
126,Matthew Dellavedova,"$9,607,500",PG,28,TOT,35,533,12.8,0.596,0.545,0.2,1,9.7,5.3,30.7,0.5,0,21.1,18.6,0.7,0,0.6,0.058,0,-4.7,-4.7,-0.4,$0.06
247,James Johnson,"$14,651,700",PF,31,MIA,34,716,10.6,0.506,0.381,0.148,2.2,13.7,7.9,16.9,1.4,1.6,13.6,17.9,0.1,0.8,0.9,0.058,-2.4,0.2,-2.2,0,$0.06
171,Pau Gasol,"$16,800,000",C,38,SAS,22,291,18.1,0.561,0.133,0.427,6.9,35.5,21.4,19.2,0.7,3.8,12.7,15.4,0.6,0.4,1,0.164,-1,2.9,1.9,0.3,$0.06
156,Cristiano Felicio,"$8,470,980",C,26,CHI,31,294,12.4,0.595,0.032,0.365,9.2,21,15.1,8.1,0.7,0.6,16.1,13,0.3,0.2,0.5,0.089,-3.2,-0.6,-3.9,-0.1,$0.06
162,Evan Fournier,"$17,000,000",SG,26,ORL,51,1595,11.4,0.522,0.44,0.156,1.7,8.8,5.2,17.7,1.4,0.4,12.6,22.6,-0.2,1.2,1,0.029,-0.8,-1.7,-2.4,-0.2,$0.06
460,Moritz Wagner,"$1,762,080",C,21,LAL,18,115,11.6,0.49,0.491,0.264,7.4,17.2,12.5,9.8,1.2,2.1,13.2,24.5,-0.1,0.1,0.1,0.03,-2.9,-1.5,-4.4,-0.1,$0.06
145,Henry Ellenson,"$1,857,480",PF,22,DET,2,25,14.9,0.551,0.4,0.2,0,40.9,19.5,6.3,0,0,0,18.5,0,0,0.1,0.148,-3.7,-2.6,-6.4,0,$0.05
296,Tyler Lydon,"$1,874,640",PF,22,DEN,20,79,8.9,0.606,0.625,0.188,6.9,12.5,9.7,6.5,1.3,0,18.8,11.6,0.1,0.1,0.1,0.071,-1.2,-1.6,-2.8,0,$0.05
207,John Henson,"$11,327,466",C,28,MIL,14,188,17.4,0.553,0.463,0.149,9.4,28.5,19.6,10.2,1.7,5,14.4,18.7,0.1,0.5,0.6,0.153,-1.6,3.2,1.7,0.2,$0.05
422,Ish Smith,"$6,000,000",PG,30,DET,25,580,8.7,0.474,0.367,0.081,0.2,8.6,4.2,19.2,0.9,1,10.2,18.7,-0.1,0.5,0.3,0.028,-3,-1.4,-4.4,-0.4,$0.05
396,Glenn Robinson,"$4,075,000",SF,25,DET,31,424,6.9,0.483,0.359,0.282,2.2,7.8,4.9,4.5,1.3,1,10.2,14.7,-0.1,0.4,0.2,0.026,-4.4,-0.5,-4.9,-0.3,$0.05
250,Wesley Johnson,"$6,134,520",SF,31,NOP,25,374,7.2,0.528,0.57,0.105,2.9,12.1,7.6,5.3,1.4,1.6,11.8,11.3,0.1,0.2,0.3,0.037,-1.9,-0.4,-2.4,0,$0.05
152,Tyreke Evans,"$12,400,000",SG,29,IND,44,906,12.7,0.497,0.345,0.239,3,11.7,7.4,16.7,2.4,1,14.1,26.9,-0.8,1.4,0.6,0.031,-2.3,-0.5,-2.9,-0.2,$0.05
167,Markelle Fultz,"$8,339,880",PG,20,PHI,19,427,10.5,0.452,0.09,0.239,6.7,10.7,8.8,19.6,1.9,0.9,12.7,19.3,-0.1,0.4,0.4,0.04,-2.9,-0.1,-3,-0.1,$0.05
180,Eric Gordon,"$13,500,375",SG,30,HOU,40,1309,11.2,0.517,0.583,0.196,1.2,8.2,4.6,10.1,0.8,1,8.7,22.9,0.5,0.2,0.6,0.023,-1,-3.6,-4.6,-0.9,$0.04
157,Raymond Felton,"$2,393,887",PG,34,OKC,15,166,10.8,0.438,0.395,0.118,1.8,11.3,6.5,22.5,1.7,2,12.1,22.3,-0.1,0.2,0.1,0.03,-3.9,-0.9,-4.8,-0.1,$0.04
215,Solomon Hill,"$12,252,928",SF,27,NOP,33,695,6.9,0.503,0.548,0.185,4.5,11.1,7.9,7.6,1.2,1,14.6,9.4,0.2,0.3,0.5,0.035,-1.5,0,-1.5,0.1,$0.04
377,Miles Plumlee,"$12,500,000",C,30,ATL,18,173,18.9,0.654,0,0.625,9.6,14.5,12,14.9,1.6,2,14,16.7,0.4,0.1,0.5,0.145,0.3,-0.2,0.1,0.1,$0.04
14,Justin Anderson,"$2,516,048",SF,25,ATL,26,226,9.5,0.478,0.487,0.263,5.1,14.5,9.7,6.8,2.2,2.6,13.3,17.5,-0.1,0.2,0.1,0.012,-3.9,-0.5,-4.4,-0.1,$0.04
393,Austin Rivers,"$12,650,000",SG-PG,26,TOT,48,1356,7.8,0.5,0.582,0.159,1.5,8.4,4.9,12.7,1.1,1.1,11.1,14.6,0.2,0.3,0.5,0.018,-1.9,-1.7,-3.6,-0.5,$0.04
424,Jason Smith,"$5,450,000",C-PF,32,TOT,18,170,10.6,0.507,0.38,0.28,8.9,21.9,15.3,10.3,0.8,3.5,17.6,17.1,0,0.2,0.2,0.055,-3.9,0.3,-3.6,-0.1,$0.04
316,Ben McLemore,"$5,460,000",SG,25,SAC,19,158,10.6,0.541,0.641,0.188,1.9,9.4,5.6,3.4,1.8,1.6,6.7,19.4,0.1,0.1,0.2,0.055,-1,-2.7,-3.7,-0.1,$0.04
367,Jabari Parker,"$20,000,000",PF,23,CHI,39,1042,14.7,0.543,0.246,0.233,4.3,20.8,12.5,13.8,1.1,1.2,14.1,25.2,-0.2,0.9,0.7,0.03,-2,-0.7,-2.7,-0.2,$0.04
120,Troy Daniels,"$3,258,539",SG,27,PHO,27,356,10.2,0.572,0.758,0.117,1.9,7.4,4.6,3.8,2.2,0.5,11.2,18.4,0,0.1,0.1,0.018,-0.6,-3.3,-3.9,-0.2,$0.03
277,Courtney Lee,"$12,253,780",SG,33,NYK,12,160,13.9,0.527,0.34,0.298,3.8,14.4,8.9,14.9,2.4,1.1,8.6,15.4,0.2,0.1,0.3,0.085,-0.9,-0.1,-1,0,$0.02
322,C.J. Miles,"$8,333,333",SF,31,TOR,38,540,7.4,0.466,0.66,0.2,2,10.6,6.4,5.2,1.5,1.4,8.4,18.8,-0.3,0.6,0.2,0.019,-2.6,-1.3,-3.9,-0.3,$0.02
476,Andrew Wiggins,"$25,467,250",SF,23,MIN,47,1630,12,0.485,0.291,0.273,3.5,10.8,7.1,10.1,1.5,1.3,9.3,24.6,-0.5,1.1,0.6,0.017,-1.9,-1.2,-3.1,-0.5,$0.02
139,Goran Dragic,"$18,109,175",PG,32,MIA,14,408,13.3,0.51,0.372,0.266,2.1,9.1,5.6,26.8,1.2,0.8,14.3,25.6,0.1,0.4,0.4,0.052,-0.6,-2,-2.6,-0.1,$0.02
112,Allen Crabbe,"$18,500,000",SG,26,BRK,28,732,7.4,0.501,0.677,0.153,1.9,12.3,7.1,5.8,1.1,0.9,10.8,17.1,-0.2,0.6,0.4,0.024,-2,-1,-3,-0.2,$0.02
290,Robin Lopez,"$14,357,750",C,30,CHI,44,742,11.6,0.549,0.08,0.19,8.6,9.9,9.3,8.5,0.5,4.7,19.1,18,-0.2,0.5,0.3,0.019,-4,0.7,-3.3,-0.2,$0.02
441,Lance Thomas,"$7,119,650",PF,30,NYK,23,373,6.8,0.481,0.385,0.269,3,13.8,8.2,4.1,1.9,1.4,13,11.4,-0.1,0.2,0.1,0.013,-4.1,0.1,-3.9,-0.2,$0.01
36,Jerryd Bayless,"$8,575,916",PG,30,MIN,14,278,9.9,0.442,0.473,0.109,1.9,10.2,6,26,1.6,0.3,11.5,19.6,-0.1,0.2,0.1,0.016,-1.5,-2.2,-3.7,-0.1,$0.01
461,Dion Waiters,"$11,550,000",SG,27,MIA,12,225,9.9,0.467,0.553,0.068,0.5,13.3,6.8,19.1,0.9,0.4,9.4,22.2,-0.1,0.2,0.1,0.013,-2,-2.4,-4.5,-0.1,$0.01
291,Kevin Love,"$24,119,025",PF,30,CLE,4,136,15.7,0.478,0.369,0.508,7.9,37.7,22.2,15.9,0.4,0.6,11.2,28.9,0,0.1,0.1,0.026,-2,-2.6,-4.6,-0.1,$0.00
385,Zhou Qi,"$506,134",PF,23,HOU,1,1,81.4,1,0,0,0,0,0,0,0,0,0,43.4,0,0,0,1.264,22.5,-13.3,9.2,0,$0.00
455,Jarred Vanderbilt,"$838,464",PF,19,DEN,1,4,23.1,0.568,,,0,82,41,28.5,12.4,0,53.2,20.1,0,0,0,0.088,-10,14.8,4.8,0,$0.00
57,Isaac Bonga,"$1,000,000",PG,19,LAL,7,28,10.4,0.331,0.222,0.778,11.4,7.1,9.1,22,5,0,14.2,20.8,-0.1,0,0,-0.005,-3.9,1.6,-2.4,0,$0.00
308,Luc Mbah a Moute,"$4,320,500",PF,32,LAC,4,61,6.9,0.495,0.333,0.278,3.6,8.4,6.1,4.6,0.8,1.3,9,15.4,0,0,0,0.011,-3.1,-1.9,-5,0,$0.00
426,Ray Spalding,"$838,464",PF,21,DAL,1,1,0,,,,0,0,0,0,0,0,,0,0,0,0,0.004,-6.2,0.7,-5.5,0,$0.00
369,Chandler Parsons,"$24,107,258",SF,30,MEM,3,46,7,0.5,0.588,0,2.4,7.7,5,7.1,1.1,2.1,10.5,18.8,0,0,0,-0.003,-3.6,-2,-5.6,0,$0.00
463,Lonnie Walker,"$2,357,160",SG,20,SAS,4,29,8.4,0.455,0.364,0,0,26.3,13.3,4.7,1.7,2.9,8.3,18.2,0,0,0,0.001,-6.1,-0.4,-6.5,0,$0.00
490,Nick Young,"$311,070",SG,33,DEN,4,37,2.5,0.5,0.889,0,0,3,1.5,6.8,0,2.4,18.2,12.7,0,0,0,-0.021,-4,-2.9,-6.9,0,$0.00
390,Davon Reed,"$1,378,242",SG,23,IND,6,15,3.7,0.5,0.333,0,0,7.3,3.7,16.7,0,0,25,11.6,0,0,0,0.001,-5.9,-3,-9,0,$0.00
333,Eric Moreland,"$239,035",PF,27,PHO,1,5,4,,,,0,68.5,33.8,0,0,0,,0,0,0,0,0.076,-14,-3.9,-17.9,0,$0.00
351,Dirk Nowitzki,"$5,000,000",PF,40,DAL,20,205,7.3,0.464,0.633,0.122,0,16.4,8.4,5.2,0.2,2.4,5,20.7,-0.1,0.2,0,0.011,-4.1,-2.4,-6.5,-0.2,$0.00
45,Dragan Bender,"$4,661,280",PF,21,PHO,20,242,10.2,0.514,0.514,0.324,6.9,16.5,11.6,7.8,1,1,14.2,17.6,0,0.1,0,0.008,-2.8,-2.4,-5.2,-0.2,$0.00
272,Skal Labissiere,"$1,544,951",PF,22,SAC,12,101,6.4,0.518,0.37,0.407,2,18.9,10.3,6.3,0.9,1.7,15.9,15.5,-0.1,0.1,0,0.014,-4.9,-1,-5.9,-0.1,$0.00
166,Channing Frye,"$2,393,887",C,35,CLE,26,268,7.8,0.493,0.667,0.138,1.6,16.1,8.5,8.7,0.9,1.3,9.8,16.7,0,0,0,-0.003,-2.5,-2.9,-5.4,-0.2,$0.00
68,Dillon Brooks,"$1,378,242",SF,23,MEM,18,330,7.8,0.499,0.328,0.246,3.1,7.9,5.4,7.8,1.5,1.2,12.3,21.3,-0.3,0.3,0,-0.001,-4.2,-1.7,-6,-0.3,$0.00
136,Tyler Dorsey,"$1,378,242",SG,22,ATL,27,251,7.9,0.448,0.438,0.292,3.7,14.8,9.1,9.5,1.3,0.3,9.1,17.8,-0.1,0.1,0,-0.007,-4.2,-2.6,-6.7,-0.3,$0.00
465,Tyrone Wallace,"$1,349,383",PG,24,LAC,39,396,8.7,0.45,0.089,0.267,4.4,12.2,8.4,7.7,1.9,1.4,9.4,19.3,-0.4,0.4,0,-0.002,-4.7,-0.7,-5.4,-0.3,$0.00
16,Ryan Anderson,"$20,421,546",PF,30,PHO,15,278,4.7,0.423,0.567,0.233,5.6,12.7,9.1,8.1,0.5,0.3,15.4,12.2,-0.2,0,-0.2,-0.037,-4.2,-2,-6.2,-0.3,-$0.01
423,J.R. Smith,"$14,720,000",SG,33,CLE,11,222,7.9,0.444,0.494,0.127,0,9.4,4.5,13.9,2.5,1.2,11.7,18.7,-0.2,0.1,-0.2,-0.04,-3.3,-2,-5.3,-0.2,-$0.01
436,Milos Teodosic,"$6,300,000",PG,31,LAC,15,150,6.7,0.557,0.675,0.175,2.2,8.9,5.6,29,0.9,0.5,32.8,18.1,-0.1,0.1,-0.1,-0.017,-2.7,-3.1,-5.9,-0.1,-$0.02
264,Brandon Knight,"$14,631,250",PG,27,HOU,12,118,0.9,0.347,0.681,0.234,0.9,7.9,4.3,10.9,0.8,0,8.8,20.9,-0.3,0,-0.3,-0.123,-6.6,-5.1,-11.7,-0.3,-$0.02
60,Avery Bradley,"$12,000,000",SG,28,LAC,46,1376,5.9,0.466,0.405,0.057,2.7,6.8,4.8,9.2,0.9,0.8,12.7,14.5,-0.8,0.6,-0.3,-0.01,-2.3,-0.7,-2.9,-0.3,-$0.03
205,Udonis Haslem,"$2,393,887",C,38,MIA,3,14,-4.6,0.333,0.333,0,7.5,30.5,18.9,0,0,0,25,24.3,-0.1,0,-0.1,-0.236,-16.2,-7.5,-23.7,-0.1,-$0.04
210,Mario Hezonja,"$6,500,000",SF,23,NYK,43,814,10,0.478,0.341,0.224,2.1,17.5,9.5,8.2,2.4,0.6,12.6,20.7,-0.9,0.6,-0.3,-0.015,-3.9,-0.9,-4.8,-0.6,-$0.05
61,Tony Bradley,"$1,679,520",C,21,UTA,1,9,-10.4,0,0,0,24.5,12.1,18.2,0,0,0,25,19.1,-0.1,0,-0.1,-0.343,-17.4,-5.6,-22.9,0,-$0.06
341,Dzanan Musa,"$1,632,240",SG,19,BRK,7,26,5.6,0.403,0.429,0.143,4.1,8.3,6.2,6.5,3.7,0,16.8,29.1,-0.1,0,-0.1,-0.172,-7.9,-2.3,-10.2,-0.1,-$0.06
100,Marquese Chriss,"$3,206,160",PF,21,HOU,15,101,3.9,0.402,0.455,0.212,7.5,23.1,15,8.7,1,3.3,25,20.7,-0.3,0.1,-0.2,-0.108,-8.8,-0.7,-9.5,-0.2,-$0.06
392,Malachi Richardson,"$1,569,360",SG,23,TOR,22,103,1.1,0.481,0.862,0.172,2.1,11.3,6.8,0,0.5,0,20.4,16.3,-0.2,0.1,-0.1,-0.06,-5.9,-4.5,-10.5,-0.2,-$0.06
295,Timothe Luwawu-Cabarrot,"$1,544,951",SF,23,OKC,21,123,3.6,0.383,0.512,0.14,3.3,11.9,7.5,4.1,1.5,0.7,9.9,16.7,-0.2,0.2,-0.1,-0.025,-6.6,-1.7,-8.3,-0.2,-$0.06
183,Treveon Graham,"$1,512,601",SG,25,BRK,15,343,3.5,0.402,0.588,0.2,3.7,11,7.4,6.2,0.7,0.9,13,12.3,-0.3,0.2,-0.1,-0.016,-4.2,-0.2,-4.5,-0.2,-$0.07
418,Jonathon Simmons,"$6,000,000",SG,29,ORL,41,845,7.6,0.445,0.29,0.252,2.9,10.1,6.4,16.2,1,1.4,15,19.4,-1,0.6,-0.4,-0.022,-4.9,-0.9,-5.7,-0.8,-$0.07
343,Sviatoslav Mykhailiuk,"$1,487,694",SF,21,LAL,37,406,5.6,0.444,0.656,0.125,2.1,5.8,4,10.1,1.5,0,12.9,15.8,-0.4,0.3,-0.1,-0.011,-3.6,-2,-5.5,-0.4,-$0.07
17,Ike Anigbogu,"$1,378,242",C,20,IND,3,6,-5.9,0,0,0,19,36.3,27.8,19.3,0,14.9,25,29,-0.1,0,-0.1,-0.471,-22.3,8.6,-13.8,0,-$0.07
151,Jawun Evans,"$1,378,242",PG,22,PHO,4,46,1,0.2,0.2,0,2.4,22.3,12.2,22.4,2.1,0,28.6,13.2,-0.2,0,-0.1,-0.139,-9.9,0.3,-9.6,-0.1,-$0.07
444,Sindarius Thornwell,"$1,378,242",SG,24,LAC,35,181,3.7,0.508,0.313,0.594,1.2,14.1,7.9,7.1,1,0.9,24.4,12.5,-0.2,0.1,-0.1,-0.016,-5.4,-0.5,-5.9,-0.2,-$0.07
192,Daniel Hamilton,"$1,349,383",SG,23,ATL,19,204,7.2,0.455,0.383,0.1,5.1,19.8,12.3,14.8,1.4,0.4,20.3,15.6,-0.2,0.1,-0.1,-0.022,-4.8,-0.8,-5.6,-0.2,-$0.07
164,Melvin Frazier,"$1,050,000",SG,22,ORL,3,16,-9.7,0,0.333,0,0,6.9,3.4,0,3.1,0,25,11,-0.1,0,-0.1,-0.239,-14.1,0.3,-13.8,0,-$0.10
10,Grayson Allen,"$2,074,320",SG,23,UTA,25,267,4.3,0.456,0.625,0.288,0.4,3.7,2,8.6,0.5,0.9,11.3,21.3,-0.4,0.2,-0.2,-0.029,-4.6,-3.4,-8,-0.4,-$0.10
319,De'Anthony Melton,"$949,000",PG,20,PHO,33,675,9.7,0.45,0.399,0.093,2.6,11.8,7.2,22.8,3.6,2.1,21.5,16.4,-0.7,0.6,-0.1,-0.01,-3.5,1.2,-2.3,-0.1,-$0.11
102,Ian Clark,"$1,757,429",SG,27,NOP,35,457,5.8,0.475,0.503,0.084,1.2,9.4,5.4,11.6,0.7,0.7,14.9,15.8,-0.3,0.1,-0.2,-0.021,-3.5,-2.5,-6,-0.5,-$0.11
320,Chimezie Metu,"$838,464",PF,21,SAS,21,112,9.5,0.429,0.044,0.378,8,18.5,13.3,13.4,2.2,1.5,18.6,25.3,-0.3,0.1,-0.1,-0.051,-6.9,-0.1,-7,-0.1,-$0.12
447,Gary Trent,"$838,464",SG,20,POR,7,33,3.2,0.373,0.471,0.235,0,12.5,6.4,4.3,0,2.4,5.1,25.3,-0.1,0,-0.1,-0.12,-7.9,-4.5,-12.4,-0.1,-$0.12
245,Alize Johnson,"$838,464",PF,22,IND,11,32,-0.4,0.255,0.2,0.4,3.6,23.8,13.9,0,0,2.8,0,16,-0.1,0,-0.1,-0.099,-12.7,-4.2,-16.9,-0.1,-$0.12
34,Keita Bates-Diop,"$838,464",SF,23,MIN,5,32,-2.8,0.253,0.455,0.182,0,20.4,10,0,0,2.7,7.8,16.9,-0.1,0,-0.1,-0.188,-12.7,-4.4,-17.1,-0.1,-$0.12
65,Isaiah Briscoe,"$838,464",PG,22,ORL,27,298,5.3,0.426,0.205,0.192,0.7,11.9,6.2,22.1,0.5,0,15.1,14.6,-0.2,0.2,-0.1,-0.012,-5.8,-2.2,-8,-0.4,-$0.12
150,Jacob Evans,"$1,644,240",SG,21,GSW,23,99,-1.3,0.256,0.24,0.04,1.1,8.4,4.9,15.4,0.5,0.9,19.1,13.5,-0.3,0,-0.2,-0.116,-8.8,-2.3,-11.1,-0.2,-$0.12
72,Lorenzo Brown,"$800,000",PG,28,TOR,26,212,6.5,0.38,0.394,0.042,2.6,13,7.9,17.3,2.7,1.9,18.1,17.8,-0.4,0.3,-0.1,-0.029,-5.4,1.4,-4,-0.1,-$0.13
51,Antonio Blakeney,"$1,349,383",SG,22,CHI,40,578,11.6,0.502,0.246,0.197,1.1,11.1,6.1,6.5,0.8,1.2,7.5,25.4,-0.5,0.3,-0.2,-0.018,-4.5,-3.7,-8.1,-0.9,-$0.15
419,Anfernee Simons,"$1,835,520",SG,19,POR,10,57,-4.7,0.291,0.333,0.167,0,12.7,6.5,9.5,0,0,18.9,23.6,-0.3,0,-0.3,-0.267,-12.3,-3.8,-16.1,-0.2,-$0.16
432,Caleb Swanigan,"$1,740,000",PF,21,POR,18,145,3.2,0.372,0.114,0.159,9.7,27.7,19,6.3,1.3,0,25.4,18.4,-0.4,0.2,-0.3,-0.086,-8.9,-0.6,-9.5,-0.3,-$0.17
265,Kevin Knox,"$3,739,920",PF,19,NYK,44,1216,9,0.475,0.399,0.235,3.1,13.4,8,5.1,1,1,9.3,22.2,-1,0.4,-0.7,-0.026,-3.2,-2.7,-5.9,-1.2,-$0.19
352,Frank Ntilikina,"$4,155,720",PG,20,NYK,41,872,6.3,0.419,0.4,0.102,1.2,9,4.9,19.2,1.7,1.4,15.8,16.6,-1.2,0.3,-0.8,-0.046,-4.1,-1.1,-5.2,-0.7,-$0.19
28,Wade Baldwin,"$1,544,951",PG,22,POR,16,94,1.4,0.396,0.273,0.333,2.3,14.3,8.4,16.9,0.5,1.7,27,23.3,-0.4,0.1,-0.3,-0.152,-9.3,-1.3,-10.7,-0.2,-$0.19
114,Jamal Crawford,"$2,393,887",SG,38,PHO,43,774,9.5,0.477,0.422,0.252,1,6.5,3.7,27.3,1.2,0.9,17.4,20.3,-0.4,0,-0.5,-0.028,-3.4,-4,-7.4,-1,-$0.21
239,Josh Jackson,"$6,041,520",SG,21,PHO,53,1234,9.7,0.474,0.266,0.258,3.6,17.2,10.3,14.9,1.9,2.4,17.9,24.1,-2.3,0.8,-1.5,-0.06,-5.1,-0.1,-5.2,-1,-$0.25
360,Elie Okobo,"$1,238,464",PG,21,PHO,35,638,7.7,0.479,0.432,0.146,1.4,10.9,6.1,18.2,1.7,0.7,17,17.9,-0.6,0.2,-0.4,-0.029,-3.7,-1.9,-5.6,-0.6,-$0.32
88,Jevon Carter,"$838,464",PG,23,MEM,19,298,4.1,0.346,0.552,0.103,1.5,6.7,4.1,16.1,2.5,1.6,13.3,16,-0.7,0.3,-0.3,-0.056,-5.9,-0.1,-6,-0.3,-$0.36
413,Collin Sexton,"$4,068,600",PG,20,CLE,52,1542,9.9,0.486,0.178,0.212,2.5,9.1,5.7,15.4,0.8,0.2,13.2,25.2,-1.2,-0.4,-1.6,-0.051,-3.2,-3.7,-6.9,-1.9,-$0.39
2,Quincy Acy,"$210,384",PF,28,PHO,10,123,3,0.379,0.833,0.556,2.7,20.4,11.5,8.3,0.4,2.7,15.2,9.3,-0.1,0,-0.1,-0.021,-5.5,-0.2,-5.6,-0.1,-$0.48
201,Andrew Harrison,"$200,000",SG-PG,24,TOT,17,187,6,0.443,0.472,0.34,3.5,8.5,5.9,17.2,1.1,0.9,16.5,16.9,-0.1,0,-0.1,-0.029,-3.6,-3,-6.5,-0.2,-$0.50
27,Ron Baker,"$170,915",SG,25,TOT,15,152,2.6,0.309,0.65,0.3,0.7,7.3,3.9,12.7,1.9,0.6,18.1,7.7,-0.2,0.1,-0.1,-0.036,-5.7,-0.7,-6.5,-0.2,-$0.59
309,Patrick McCaw,"$323,529",SG,23,TOT,9,101,0.7,0.267,0.5,0.125,3.3,12.9,8.1,8.4,2.4,0,32.2,10.7,-0.3,0.1,-0.2,-0.101,-7.5,0.6,-6.8,-0.1,-$0.62
85,Isaiah Canaan,"$97,635",PG,27,TOT,20,516,7.3,0.515,0.561,0.152,1.1,9.7,5.4,17,1.1,0,17.6,14.3,-0.1,0,-0.1,-0.007,-2.5,-2.5,-5,-0.4,-$1.02
,,,,,,,,,,,,,,,,,,,,,,,,,,,,
,,,,,,,,,,,,,,,,,,,,,,,,,,,,
,,,,,,,,,,,,,,,,,,,,,,,,,,,,
,,,,,,,,,,,,,,,,,,,,,,,,,,,,
,,,,,,,,,,,,,,,,,,,,,,,,,,,,
,,,,,,,,,,,,,,,,,,,,,,,,,,,,
,,,,,,,,,,,,,,,,,,,,,,,,,,,,
,,,,,,,,,,,,,,,,,,,,,,,,,,,,
,,,,,,,,,,,,,,,,,,,,,,,,,,,,
,,,,,,,,,,,,,,,,,,,,,,,,,,,,
,,,,,,,,,,,,,,,,,,,,,,,,,,,,
,,,,,,,,,,,,,,,,,,,,,,,,,,,,
,,,,,,,,,,,,,,,,,,,,,,,,,,,,
,,,,,,,,,,,,,,,,,,,,,,,,,,,,
,,,,,,,,,,,,,,,,,,,,,,,,,,,,
,,,,,,,,,,,,,,,,,,,,,,,,,,,,
,,,,,,,,,,,,,,,,,,,,,,,,,,,,
,,,,,,,,,,,,,,,,,,,,,,,,,,,,
,,,,,,,,,,,,,,,,,,,,,,,,,,,,
,,,,,,,,,,,,,,,,,,,,,,,,,,,,
,,,,,,,,,,,,,,,,,,,,,,,,,,,,
,,,,,,,,,,,,,,,,,,,,,,,,,,,,
,,,,,,,,,,,,,,,,,,,,,,,,,,,,
,,,,,,,,,,,,,,,,,,,,,,,,,,,,
,,,,,,,,,,,,,,,,,,,,,,,,,,,,
,,,,,,,,,,,,,,,,,,,,,,,,,,,,
,,,,,,,,,,,,,,,,,,,,,,,,,,,,
,,,,,,,,,,,,,,,,,,,,,,,,,,,,
,,,,,,,,,,,,,,,,,,,,,,,,,,,,
,,,,,,,,,,,,,,,,,,,,,,,,,,,,
,,,,,,,,,,,,,,,,,,,,,,,,,,,,
,,,,,,,,,,,,,,,,,,,,,,,,,,,,
,,,,,,,,,,,,,,,,,,,,,,,,,,,,
,,,,,,,,,,,,,,,,,,,,,,,,,,,,
,,,,,,,,,,,,,,,,,,,,,,,,,,,,
,,,,,,,,,,,,,,,,,,,,,,,,,,,,
,,,,,,,,,,,,,,,,,,,,,,,,,,,,
,,,,,,,,,,,,,,,,,,,,,,,,,,,,
,,,,,,,,,,,,,,,,,,,,,,,,,,,,
,,,,,,,,,,,,,,,,,,,,,,,,,,,,
,,,,,,,,,,,,,,,,,,,,,,,,,,,,
,,,,,,,,,,,,,,,,,,,,,,,,,,,,
,,,,,,,,,,,,,,,,,,,,,,,,,,,,
,,,,,,,,,,,,,,,,,,,,,,,,,,,,
,,,,,,,,,,,,,,,,,,,,,,,,,,,,
,,,,,,,,,,,,,,,,,,,,,,,,,,,,
,,,,,,,,,,,,,,,,,,,,,,,,,,,,
,,,,,,,,,,,,,,,,,,,,,,,,,,,,
,,,,,,,,,,,,,,,,,,,,,,,,,,,,
,,,,,,,,,,,,,,,,,,,,,,,,,,,,
,,,,,,,,,,,,,,,,,,,,,,,,,,,,
,,,,,,,,,,,,,,,,,,,,,,,,,,,,
,,,,,,,,,,,,,,,,,,,,,,,,,,,,
,,,,,,,,,,,,,,,,,,,,,,,,,,,,
,,,,,,,,,,,,,,,,,,,,,,,,,,,,
