,Unnamed: 0,age,assist_percentage,block_percentage,box_plus_minus,defensive_box_plus_minus,defensive_rebound_percentage,defensive_win_shares,free_throw_attempt_rate,games_played,minutes_played,name,offensive_box_plus_minus,offensive_rebound_percentage,offensive_win_shares,player_efficiency_rating,positions,slug,steal_percentage,team,three_point_attempt_rate,total_rebound_percentage,true_shooting_percentage,turnover_percentage,usage_percentage,value_over_replacement_player,win_shares,win_shares_per_48_minutes,filename
0,0,28,15.4,1.1,-0.5,0.7000000000000001,14.0,0.2,0.103,14,204,Tariq Abdul-Wahad,-1.2,7.6,0.2,12.4,['SHOOTING GUARD'],abdulta01,1.5,DALLAS MAVERICKS,0.017,10.8,0.47,10.3,15.0,0.1,0.4,0.104,advanced_2003.csv
1,1,26,14.7,0.9,1.7000000000000002,-0.4,17.8,2.3,0.457,81,3087,Shareef Abdur-Rahim,2.1,6.7,7.4,19.9,['POWER FORWARD'],abdursh01,1.5,ATLANTA HAWKS,0.051,12.5,0.5660000000000001,13.0,24.2,2.8,9.7,0.151,advanced_2003.csv
2,2,25,9.8,0.30000000000000004,-5.5,-2.3,6.8,1.0,0.289,66,1360,Courtney Alexander,-3.2,3.3,0.1,9.3,['POINT GUARD'],alexaco02,1.2,NEW ORLEANS HORNETS,0.113,5.0,0.45899999999999996,10.7,21.3,-1.2,1.1,0.04,advanced_2003.csv
3,3,24,4.4,2.6,-3.9,0.6000000000000001,14.9,2.6,0.153,80,2318,Malik Allen,-4.6,6.5,-1.7000000000000002,9.9,['POWER FORWARD'],allenma01,0.9,MIAMI HEAT,0.005,10.6,0.455,13.2,19.7,-1.1,0.9,0.018000000000000002,advanced_2003.csv
4,4,27,17.5,0.5,1.9,-2.6,12.1,0.5,0.243,47,1683,Ray Allen*,4.5,3.1,3.8,19.9,['SHOOTING GUARD'],allenra02,1.8,MILWAUKEE BUCKS,0.387,7.6,0.5640000000000001,11.6,27.8,1.6,4.3,0.12300000000000001,advanced_2003.csv
5,5,27,27.3,0.2,6.4,-0.7000000000000001,11.4,1.0,0.268,29,1197,Ray Allen*,7.1,4.7,3.8,23.3,['SHOOTING GUARD'],allenra02,2.1,SEATTLE SUPERSONICS,0.396,8.0,0.5670000000000001,11.5,27.7,2.5,4.8,0.193,advanced_2003.csv
6,6,26,34.0,1.1,-1.5,-2.1,10.4,0.5,0.161,47,980,Rafer Alston,0.6000000000000001,2.3,0.7000000000000001,14.4,['POINT GUARD'],alstora01,2.1,TORONTO RAPTORS,0.38799999999999996,6.2,0.51,19.3,20.7,0.1,1.2,0.059,advanced_2003.csv
7,7,32,6.8,1.1,-7.5,-0.5,12.5,0.4,0.441,50,474,John Amaechi,-7.0,6.9,-1.1,3.1,['CENTER'],amaecjo01,1.6,UTAH JAZZ,0.0,9.8,0.35100000000000003,19.4,17.0,-0.7000000000000001,-0.7000000000000001,-0.07,advanced_2003.csv
8,8,24,6.3,5.3,-2.7,2.1,22.3,1.7000000000000002,0.491,59,907,Chris Andersen,-4.8,13.3,-0.5,14.0,['CENTER'],anderch01,1.7000000000000002,DENVER NUGGETS,0.004,17.6,0.44,14.8,19.9,-0.2,1.1,0.059,advanced_2003.csv
9,9,28,20.7,0.5,2.5,-0.6000000000000001,10.0,2.2,0.32299999999999995,76,2556,Derek Anderson,3.1,2.5,5.9,16.9,['POINT GUARD'],anderde01,1.9,PORTLAND TRAIL BLAZERS,0.39799999999999996,6.2,0.556,11.9,19.5,2.9,8.1,0.153,advanced_2003.csv
10,10,32,30.3,0.1,-0.5,0.1,12.1,0.8,0.151,38,689,Kenny Anderson,-0.7000000000000001,2.9,0.7000000000000001,15.9,['POINT GUARD'],anderke01,3.2,SEATTLE SUPERSONICS,0.022000000000000002,7.4,0.471,11.8,19.1,0.30000000000000004,1.5,0.107,advanced_2003.csv
11,11,32,29.0,0.6000000000000001,-4.6,-0.9,8.2,0.5,0.147,23,446,Kenny Anderson,-3.7,3.6,-0.4,10.2,['POINT GUARD'],anderke01,2.2,NEW ORLEANS HORNETS,0.013,5.9,0.435,20.8,20.6,-0.30000000000000004,0.1,0.009000000000000001,advanced_2003.csv
12,12,29,8.3,0.8,-0.8,-0.2,13.2,1.4,0.354,82,1731,Shandon Anderson,-0.6000000000000001,4.2,1.2,13.4,['SMALL FORWARD'],andersh01,2.2,NEW YORK KNICKS,0.261,8.6,0.5529999999999999,15.5,19.6,0.5,2.7,0.07400000000000001,advanced_2003.csv
13,13,22,6.1,2.9,-11.7,-2.2,17.0,0.0,0.9,12,72,Robert Archibald,-9.5,9.5,-0.30000000000000004,2.4,['POWER FORWARD'],archiro01,0.0,MEMPHIS GRIZZLIES,0.0,13.3,0.34,20.0,21.8,-0.2,-0.2,-0.158,advanced_2003.csv
14,14,21,30.0,0.4,2.2,-1.6,10.6,0.7000000000000001,0.397,82,2866,Gilbert Arenas,3.9,3.6,5.8,18.6,['POINT GUARD'],arenagi01,2.2,GOLDEN STATE WARRIORS,0.265,7.2,0.54,17.3,24.9,3.1,6.5,0.109,advanced_2003.csv
15,15,22,4.8,1.1,-9.5,-1.8,6.6,0.1,0.222,17,69,Brandon Armstrong,-7.7,0.0,-0.2,3.9,['SHOOTING GUARD'],armstbr01,2.3,NEW JERSEY NETS,0.222,3.3,0.405,14.4,22.6,-0.1,-0.1,-0.05,advanced_2003.csv
16,16,34,21.7,0.4,1.2,0.30000000000000004,10.2,2.2,0.292,82,2350,Darrell Armstrong,0.8,4.3,2.7,14.6,['POINT GUARD'],armstda01,3.0,ORLANDO MAGIC,0.361,7.2,0.53,18.1,16.9,1.9,4.9,0.1,advanced_2003.csv
17,17,23,33.1,0.30000000000000004,-3.7,-2.8,6.1,0.2,0.20199999999999999,44,287,Carlos Arroyo,-0.9,4.8,0.1,14.1,['POINT GUARD'],arroyca01,2.2,UTAH JAZZ,0.064,5.5,0.51,20.2,23.8,-0.1,0.30000000000000004,0.057,advanced_2003.csv
18,18,28,22.4,0.2,-2.8,-2.3,6.5,1.2,0.105,65,1398,Chucky Atkins,-0.5,1.8,0.30000000000000004,10.1,['POINT GUARD'],atkinch01,1.1,DETROIT PISTONS,0.52,4.1,0.475,13.7,19.4,-0.30000000000000004,1.5,0.053,advanced_2003.csv
19,19,34,12.5,0.8,-3.5,0.2,12.7,1.0,0.375,70,862,Stacey Augmon,-3.8,3.5,0.2,9.3,['SHOOTING GUARD'],augmost01,1.7000000000000002,NEW ORLEANS HORNETS,0.036000000000000004,8.0,0.474,15.2,13.9,-0.30000000000000004,1.2,0.067,advanced_2003.csv
20,20,22,8.2,2.9,-6.3,0.5,18.6,0.1,0.154,10,76,Dalibor Bagarić,-6.7,10.3,-0.2,7.1,['CENTER'],bagarda01,2.0,CHICAGO BULLS,0.0,14.5,0.342,15.3,19.1,-0.1,-0.1,-0.048,advanced_2003.csv
21,21,31,5.3,2.5,-3.4,0.5,13.3,1.1,0.517,52,942,Vin Baker,-4.0,10.5,0.5,10.6,['CENTER'],bakervi01,1.2,BOSTON CELTICS,0.019,11.9,0.531,19.4,15.5,-0.30000000000000004,1.6,0.08199999999999999,advanced_2003.csv
22,22,31,25.0,0.5,2.9,0.6000000000000001,12.2,2.5,0.27899999999999997,75,2480,Brent Barry,2.3,2.2,4.8,15.8,['SHOOTING GUARD'],barrybr01,2.5,SEATTLE SUPERSONICS,0.508,7.1,0.597,18.0,14.9,3.0,7.3,0.141,advanced_2003.csv
23,23,33,25.5,0.7000000000000001,3.0,0.1,12.0,2.2,0.236,80,1473,Jon Barry,2.9,2.6,3.4,17.9,['SHOOTING GUARD'],barryjo01,2.4,DETROIT PISTONS,0.505,7.2,0.593,14.8,17.9,1.9,5.6,0.183,advanced_2003.csv
24,24,27,0.0,7.3,-5.2,-0.4,21.3,0.2,0.48,16,106,Maceo Baston,-4.8,4.1,0.2,18.0,['POWER FORWARD'],bastoma01,2.0,TORONTO RAPTORS,0.0,12.4,0.6609999999999999,16.5,15.6,-0.1,0.30000000000000004,0.153,advanced_2003.csv
25,25,27,13.5,0.0,-14.4,-2.0,19.2,0.1,0.118,12,46,Mengke Bateer,-12.5,5.3,-0.30000000000000004,-8.4,['CENTER'],bateeme01,0.0,SAN ANTONIO SPURS,0.17600000000000002,12.6,0.252,25.1,24.1,-0.1,-0.2,-0.248,advanced_2003.csv
26,26,25,6.9,0.9,-3.9,-1.7000000000000002,15.6,0.7000000000000001,0.188,75,1248,Mike Batiste,-2.2,7.5,0.0,12.2,['POWER FORWARD'],batismi01,1.7000000000000002,MEMPHIS GRIZZLIES,0.173,11.6,0.476,12.0,20.7,-0.6000000000000001,0.8,0.028999999999999998,advanced_2003.csv
27,27,26,5.2,3.8,-0.1,1.8,19.7,2.5,0.32,67,1683,Tony Battie,-2.0,9.7,3.3,15.2,['CENTER'],battito01,1.0,BOSTON CELTICS,0.013999999999999999,14.6,0.578,10.2,12.9,0.8,5.8,0.16399999999999998,advanced_2003.csv
28,28,24,6.8,2.5,3.6,1.2,10.1,1.5,0.255,78,2383,Shane Battier,2.4,6.1,4.8,15.0,['SMALL FORWARD'],battish01,2.2,MEMPHIS GRIZZLIES,0.38,8.1,0.597,9.7,13.2,3.4,6.2,0.126,advanced_2003.csv
29,29,24,3.8,2.3,-5.2,-2.0,16.0,0.5,0.5,55,682,Lonny Baxter,-3.2,10.7,0.4,11.3,['CENTER'],baxtelo01,0.7000000000000001,CHICAGO BULLS,0.01,13.4,0.521,15.5,19.3,-0.5,0.9,0.063,advanced_2003.csv
30,30,26,6.8,0.5,-0.5,1.2,9.2,1.2,0.161,75,1173,Raja Bell,-1.7000000000000002,4.4,0.5,7.9,['SHOOTING GUARD'],bellra01,2.3,DALLAS MAVERICKS,0.242,6.8,0.509,16.0,10.4,0.5,1.7000000000000002,0.069,advanced_2003.csv
31,31,22,8.6,5.0,-0.8,0.9,12.2,1.0,0.331,46,819,Jonathan Bender,-1.7000000000000002,5.9,0.7000000000000001,13.3,['SMALL FORWARD'],bendejo01,0.5,INDIANA PACERS,0.209,9.1,0.521,12.6,18.4,0.2,1.7000000000000002,0.099,advanced_2003.csv
32,32,24,10.4,0.9,-5.8,-2.5,15.1,0.1,0.37200000000000005,9,152,Corey Benjamin,-3.3,7.8,0.0,7.3,['SHOOTING GUARD'],benjaco01,0.30000000000000004,ATLANTA HAWKS,0.302,11.6,0.4,10.7,16.9,-0.1,0.0,0.004,advanced_2003.csv
33,33,30,25.7,0.30000000000000004,-2.8,-1.3,8.0,1.4,0.21100000000000002,72,1807,Travis Best,-1.5,1.6,0.5,11.2,['POINT GUARD'],besttr01,1.3,MIAMI HEAT,0.187,4.7,0.473,14.3,19.4,-0.4,1.8,0.048,advanced_2003.csv
34,34,24,24.3,0.30000000000000004,1.0,-0.9,6.3,2.0,0.267,55,1835,Mike Bibby,1.9,2.1,3.5,17.6,['POINT GUARD'],bibbymi01,2.0,SACRAMENTO KINGS,0.196,4.3,0.5589999999999999,14.0,21.9,1.4,5.6,0.146,advanced_2003.csv
35,35,26,23.7,0.5,4.2,-0.7000000000000001,12.2,2.9,0.416,74,2327,Chauncey Billups,5.0,1.9,7.0,20.4,['POINT GUARD'],billuch01,1.5,DETROIT PISTONS,0.43700000000000006,7.0,0.5820000000000001,11.5,24.1,3.7,9.9,0.204,advanced_2003.csv
36,36,34,8.9,1.7000000000000002,-0.7000000000000001,1.9,17.9,0.9,0.261,50,836,Corie Blount,-2.6,9.1,0.2,9.6,['CENTER'],blounco01,2.0,CHICAGO BULLS,0.0,13.5,0.502,22.3,10.2,0.30000000000000004,1.1,0.064,advanced_2003.csv
37,37,27,7.0,4.6,-4.3,1.7000000000000002,16.7,1.3,0.371,54,885,Mark Blount,-6.0,7.8,-0.9,9.6,['CENTER'],blounma01,1.3,DENVER NUGGETS,0.0,12.0,0.452,18.4,19.1,-0.5,0.4,0.02,advanced_2003.csv
38,38,27,6.8,2.6,-0.6000000000000001,2.4,17.1,0.8,0.5,27,518,Mark Blount,-3.0,10.4,0.6000000000000001,12.2,['CENTER'],blounma01,2.0,BOSTON CELTICS,0.0,13.7,0.615,25.3,11.7,0.2,1.4,0.126,advanced_2003.csv
39,39,26,3.3,4.5,-3.5,1.2,16.0,0.7000000000000001,0.395,47,575,Calvin Booth,-4.8,6.5,0.2,9.9,['CENTER'],boothca01,1.0,SEATTLE SUPERSONICS,0.017,11.2,0.494,13.6,13.2,-0.2,0.8,0.07100000000000001,advanced_2003.csv
40,40,21,9.3,1.7000000000000002,0.2,-0.1,22.7,1.8,0.311,81,2049,Carlos Boozer,0.30000000000000004,10.8,4.2,17.9,['POWER FORWARD'],boozeca01,1.5,CLEVELAND CAVALIERS,0.002,16.6,0.5770000000000001,12.8,17.1,1.1,5.9,0.139,advanced_2003.csv
41,41,24,26.6,0.0,9.8,8.0,0.0,0.0,0.0,2,5,Ruben Boumtje-Boumtje,1.8,24.2,0.0,18.4,['CENTER'],boumtru01,10.7,PORTLAND TRAIL BLAZERS,0.0,12.1,0.0,0.0,9.2,0.0,0.0,0.114,advanced_2003.csv
42,42,31,6.8,1.1,1.5,1.2,7.8,2.7,0.18600000000000003,82,2566,Bruce Bowen,0.30000000000000004,2.8,2.4,9.1,['SMALL FORWARD'],bowenbr01,1.4,SAN ANTONIO SPURS,0.478,5.4,0.5630000000000001,12.2,10.7,2.3,5.1,0.096,advanced_2003.csv
43,43,27,9.3,2.3,1.1,3.2,9.7,1.6,0.208,62,996,Ryan Bowen,-2.1,8.7,0.6000000000000001,12.7,['SHOOTING GUARD'],bowenry01,3.4,DENVER NUGGETS,0.036000000000000004,9.2,0.519,16.7,11.5,0.8,2.1,0.102,advanced_2003.csv
44,44,26,26.8,0.2,-2.3,-4.6,4.2,-0.4,0.431,68,1321,Earl Boykins,2.2,2.9,3.9,17.6,['POINT GUARD'],boykiea01,1.5,GOLDEN STATE WARRIORS,0.166,3.5,0.5429999999999999,11.7,20.1,-0.1,3.5,0.127,advanced_2003.csv
45,45,23,8.4,1.7000000000000002,-2.6,-0.2,22.4,0.9,0.213,67,1314,Michael Bradley,-2.5,13.5,0.7000000000000001,12.8,['POWER FORWARD'],bradlmi01,0.7000000000000001,TORONTO RAPTORS,0.019,17.7,0.49200000000000005,18.1,14.6,-0.2,1.5,0.055999999999999994,advanced_2003.csv
46,46,30,4.6,7.3,4.3,4.7,20.7,3.5,0.467,81,1731,Shawn Bradley,-0.4,9.6,3.9,18.3,['CENTER'],bradlsh01,1.9,DALLAS MAVERICKS,0.003,15.1,0.601,12.9,13.6,2.8,7.4,0.204,advanced_2003.csv
47,47,23,12.0,4.6,4.5,2.4,19.3,2.7,0.396,62,2454,Elton Brand,2.1,13.1,4.9,21.7,['POWER FORWARD'],brandel01,1.5,LOS ANGELES CLIPPERS,0.001,16.2,0.5429999999999999,13.2,22.4,4.1,7.6,0.149,advanced_2003.csv
48,48,22,19.2,0.2,-1.9,-2.0,9.8,1.2,0.239,64,1503,J.R. Bremer,0.1,1.3,1.8,12.7,['POINT GUARD'],bremejr01,1.3,BOSTON CELTICS,0.616,5.5,0.515,10.3,17.7,0.0,3.0,0.096,advanced_2003.csv
49,49,22,36.4,0.9,-3.1,-2.5,5.5,0.1,0.529,10,80,Jamison Brewer,-0.6000000000000001,7.2,0.1,13.4,['POINT GUARD'],breweja01,1.3,INDIANA PACERS,0.118,6.3,0.525,22.3,15.2,0.0,0.2,0.106,advanced_2003.csv
50,50,23,6.0,2.6,-5.3,-1.6,9.9,0.1,0.526,22,111,Primož Brezec,-3.7,13.5,0.0,10.9,['CENTER'],brezepr01,0.9,INDIANA PACERS,0.026,11.6,0.449,13.0,21.9,-0.1,0.1,0.047,advanced_2003.csv
51,51,23,4.2,0.0,-11.3,-3.4,12.4,0.0,0.22899999999999998,5,115,Damone Brown,-7.9,2.9,-0.30000000000000004,1.6,['POWER FORWARD'],brownda02,0.5,TORONTO RAPTORS,0.057,7.4,0.363,13.5,17.7,-0.30000000000000004,-0.2,-0.102,advanced_2003.csv
52,52,24,18.0,0.0,-5.5,-2.4,15.1,0.0,0.2,7,22,Devin Brown,-3.1,22.1,0.0,13.8,['SHOOTING GUARD'],brownde02,0.0,SAN ANTONIO SPURS,0.0,18.4,0.551,31.5,33.5,0.0,0.0,-0.023,advanced_2003.csv
53,53,24,12.1,1.1,-6.0,0.7000000000000001,12.1,0.1,0.24,3,71,Devin Brown,-6.7,6.3,-0.2,4.8,['SHOOTING GUARD'],brownde02,3.0,DENVER NUGGETS,0.04,9.0,0.326,12.6,19.8,-0.1,-0.1,-0.05,advanced_2003.csv
54,54,21,5.1,1.5,-4.4,1.0,16.6,1.1,0.187,51,666,Kedrick Brown,-5.4,7.4,-0.5,8.8,['SMALL FORWARD'],brownke01,2.7,BOSTON CELTICS,0.228,11.9,0.392,11.1,14.5,-0.4,0.5,0.037000000000000005,advanced_2003.csv
55,55,20,5.6,3.4,-2.7,0.7000000000000001,19.9,2.3,0.43200000000000005,80,1773,Kwame Brown,-3.4,8.5,0.2,13.6,['CENTER'],brownkw01,1.5,WASHINGTON WIZARDS,0.006,14.2,0.496,15.5,18.8,-0.30000000000000004,2.5,0.069,advanced_2003.csv
56,56,33,9.2,2.2,3.4,2.3,20.7,3.8,0.386,78,2609,P.J. Brown,1.1,10.7,6.4,17.6,['POWER FORWARD'],brownpj01,1.4,NEW ORLEANS HORNETS,0.005,15.6,0.5920000000000001,12.2,14.0,3.6,10.2,0.188,advanced_2003.csv
57,57,34,19.2,0.6000000000000001,-3.6,1.4,10.0,0.4,0.27899999999999997,32,262,Randy Brown,-5.0,1.3,-0.2,7.2,['POINT GUARD'],brownra02,3.4,PHOENIX SUNS,0.0,5.6,0.425,26.0,11.2,-0.1,0.2,0.031,advanced_2003.csv
58,58,23,41.6,0.0,-1.6,-0.4,14.9,0.2,0.237,15,168,Tierre Brown,-1.2,5.2,0.0,17.4,['POINT GUARD'],brownti01,4.0,CLEVELAND CAVALIERS,0.017,10.0,0.499,25.2,22.5,0.0,0.2,0.044000000000000004,advanced_2003.csv
59,59,30,29.0,1.1,-3.2,-1.4,8.3,0.1,0.24,17,196,Rick Brunson,-1.8,2.3,0.1,13.4,['POINT GUARD'],brunsri01,2.6,CHICAGO BULLS,0.12,5.4,0.5429999999999999,23.5,16.4,-0.1,0.30000000000000004,0.07,advanced_2003.csv
60,60,24,27.2,1.4,6.4,0.30000000000000004,15.3,4.0,0.371,82,3401,Kobe Bryant,6.1,3.5,11.0,26.2,['SHOOTING GUARD'],bryanko01,2.8,LOS ANGELES LAKERS,0.168,9.3,0.55,11.4,32.9,7.1,14.9,0.21,advanced_2003.csv
61,61,37,1.9,1.0,-9.3,-1.8,14.0,0.1,0.118,11,77,Mark Bryant,-7.5,10.5,-0.1,1.5,['POWER FORWARD'],bryanma01,0.7000000000000001,PHILADELPHIA 76ERS,0.0,12.2,0.336,21.9,13.3,-0.1,-0.1,-0.057,advanced_2003.csv
62,62,37,21.0,0.0,-12.1,-1.4,8.7,0.0,2.0,3,14,Mark Bryant,-10.7,7.9,-0.1,-5.0,['POWER FORWARD'],bryanma01,0.0,DENVER NUGGETS,0.0,8.3,0.266,51.5,12.3,0.0,0.0,-0.161,advanced_2003.csv
63,63,37,16.3,0.0,-9.8,0.6000000000000001,25.9,0.0,0.0,2,9,Mark Bryant,-10.4,0.0,0.0,-1.1,['POWER FORWARD'],bryanma01,0.0,BOSTON CELTICS,0.0,12.6,0.0,0.0,5.2,0.0,0.0,-0.019,advanced_2003.csv
64,64,26,10.1,0.8,0.0,0.7000000000000001,11.4,1.7000000000000002,0.204,75,1514,Greg Buckner,-0.6000000000000001,5.5,1.5,11.6,['SHOOTING GUARD'],buckngr01,2.5,PHILADELPHIA 76ERS,0.138,8.4,0.519,12.5,14.7,0.8,3.1,0.1,advanced_2003.csv
65,65,29,4.9,2.3,-7.7,-1.6,13.4,0.6000000000000001,0.196,62,783,Pat Burke,-6.1,8.1,-1.0,8.3,['CENTER'],burkepa01,1.3,ORLANDO MAGIC,0.024,10.7,0.415,12.8,21.1,-1.1,-0.30000000000000004,-0.021,advanced_2003.csv
66,66,22,14.1,0.9,1.7000000000000002,1.6,10.9,3.6,0.363,78,2858,Caron Butler,0.1,5.3,1.6,15.1,['SMALL FORWARD'],butleca01,2.6,MIAMI HEAT,0.104,8.0,0.502,13.8,22.9,2.7,5.1,0.08600000000000001,advanced_2003.csv
67,67,23,11.4,2.2,-3.8,-0.4,12.3,1.4,0.182,72,1514,Rasual Butler,-3.4,2.1,-1.4,9.5,['SHOOTING GUARD'],butlera01,0.8,MIAMI HEAT,0.299,7.1,0.43700000000000006,11.1,21.6,-0.7000000000000001,0.1,0.002,advanced_2003.csv
68,68,29,6.7,1.2,-4.8,-1.9,14.2,0.30000000000000004,0.42700000000000005,51,894,Jason Caffey,-2.9,8.9,0.30000000000000004,10.5,['POWER FORWARD'],caffeja01,1.1,MILWAUKEE BUCKS,0.0,11.5,0.501,16.0,18.3,-0.6000000000000001,0.6000000000000001,0.031,advanced_2003.csv
69,69,28,14.4,5.2,2.0,3.7,26.4,1.2,0.22,29,616,Marcus Camby,-1.7000000000000002,13.5,0.30000000000000004,17.5,['CENTER'],cambyma01,1.7000000000000002,DENVER NUGGETS,0.022000000000000002,19.7,0.444,9.8,19.9,0.6000000000000001,1.5,0.119,advanced_2003.csv
70,70,34,10.5,3.3,-1.9,1.0,18.5,1.1,0.466,41,685,Elden Campbell,-2.9,5.7,0.6000000000000001,15.0,['CENTER'],campbel01,1.9,NEW ORLEANS HORNETS,0.004,12.0,0.496,12.4,22.6,0.0,1.7000000000000002,0.122,advanced_2003.csv
71,71,34,7.6,3.4,-2.4,2.2,16.9,0.30000000000000004,0.43799999999999994,15,184,Elden Campbell,-4.6,8.2,0.0,10.8,['CENTER'],campbel01,2.7,SEATTLE SUPERSONICS,0.0,12.5,0.419,12.3,16.6,0.0,0.2,0.063,advanced_2003.csv
72,72,25,10.4,0.0,-4.2,-3.2,15.8,0.0,0.5,5,15,Brian Cardinal,-1.0,23.6,0.0,13.8,['POWER FORWARD'],cardibr01,0.0,WASHINGTON WIZARDS,0.25,19.7,0.41,17.0,18.5,0.0,0.0,0.051,advanced_2003.csv
73,73,27,37.9,0.4,-5.3,-0.5,9.3,1.1,0.215,49,912,Anthony Carter,-4.8,1.5,-1.3,9.9,['POINT GUARD'],cartean01,2.7,MIAMI HEAT,0.034,5.3,0.39,24.1,17.3,-0.8,-0.2,-0.012,advanced_2003.csv
74,74,26,20.4,2.0,2.7,-1.4,10.4,0.8,0.21100000000000002,43,1471,Vince Carter,4.1,4.4,3.4,21.9,['SHOOTING GUARD'],cartevi01,1.7000000000000002,TORONTO RAPTORS,0.172,7.3,0.532,8.2,28.1,1.7000000000000002,4.2,0.136,advanced_2003.csv
75,75,33,29.6,0.4,2.6,-2.0,12.4,0.8,0.385,78,2700,Sam Cassell,4.5,2.5,8.8,22.3,['POINT GUARD'],cassesa01,1.7000000000000002,MILWAUKEE BUCKS,0.14,7.4,0.5650000000000001,11.5,26.5,3.1,9.6,0.171,advanced_2003.csv
76,76,28,2.6,4.9,-1.0,1.8,26.7,2.5,0.484,73,1247,Kelvin Cato,-2.8,12.5,1.3,15.5,['CENTER'],catoke01,1.6,HOUSTON ROCKETS,0.016,19.8,0.535,15.3,13.6,0.30000000000000004,3.8,0.145,advanced_2003.csv
77,77,20,6.8,4.2,-0.30000000000000004,1.2,20.6,2.1,0.601,75,1827,Tyson Chandler,-1.5,10.4,1.8,15.8,['CENTER'],chandty01,1.0,CHICAGO BULLS,0.0,15.5,0.5650000000000001,18.1,18.1,0.8,3.9,0.102,advanced_2003.csv
78,78,31,11.7,0.4,-1.2,-0.1,10.5,1.7000000000000002,0.106,81,2351,Calbert Cheaney,-1.2,3.9,1.0,9.8,['SHOOTING GUARD'],cheanca01,1.5,UTAH JAZZ,0.038,7.3,0.514,13.7,15.5,0.5,2.8,0.055999999999999994,advanced_2003.csv
79,79,35,22.2,0.7000000000000001,-4.2,0.30000000000000004,2.2,0.2,0.15,12,106,Chris Childs,-4.5,3.2,-0.1,6.2,['POINT GUARD'],childch01,4.0,NEW JERSEY NETS,0.30000000000000004,2.7,0.35200000000000004,22.0,11.6,-0.1,0.1,0.038,advanced_2003.csv
80,80,32,19.3,0.9,4.2,2.9,10.6,4.7,0.312,80,2710,Doug Christie,1.3,2.5,4.2,15.0,['SHOOTING GUARD'],chrisdo01,3.3,SACRAMENTO KINGS,0.332,6.8,0.59,18.5,12.7,4.2,8.9,0.157,advanced_2003.csv
81,81,27,6.5,5.6,1.1,3.6,17.9,3.4,0.28400000000000003,80,1780,Keon Clark,-2.5,8.8,1.3,13.9,['CENTER'],clarkke01,1.1,SACRAMENTO KINGS,0.009000000000000001,13.6,0.528,15.6,14.9,1.4,4.7,0.127,advanced_2003.csv
82,82,24,26.9,1.0,0.0,0.2,8.0,0.6000000000000001,0.39299999999999996,30,471,Speedy Claxton,-0.1,5.7,0.6000000000000001,15.9,['POINT GUARD'],claxtsp01,2.5,SAN ANTONIO SPURS,0.076,6.9,0.509,17.1,20.2,0.2,1.2,0.125,advanced_2003.csv
83,83,25,25.7,0.0,-15.8,-1.0,13.0,0.1,0.17400000000000002,12,55,Mateen Cleaves,-14.8,2.1,-0.4,-3.7,['POINT GUARD'],cleavma01,1.8,SACRAMENTO KINGS,0.043,7.8,0.32299999999999995,36.1,31.1,-0.2,-0.4,-0.325,advanced_2003.csv
84,84,35,8.0,3.1,1.1,1.6,20.5,2.4,0.34299999999999997,64,1742,Derrick Coleman,-0.5,10.0,2.1,15.4,['CENTER'],colemde01,1.6,PHILADELPHIA 76ERS,0.135,15.2,0.525,14.3,17.3,1.4,4.5,0.124,advanced_2003.csv
85,85,34,16.6,0.6000000000000001,-6.1,-2.0,8.4,0.1,0.28600000000000003,21,516,Bimbo Coles,-4.1,2.1,-0.2,6.0,['POINT GUARD'],colesbi01,1.1,CLEVELAND CAVALIERS,0.21,5.2,0.381,11.8,12.8,-0.5,-0.1,-0.012,advanced_2003.csv
86,86,34,16.5,0.0,-6.9,-2.1,6.6,0.1,0.163,14,175,Bimbo Coles,-4.8,0.6000000000000001,0.0,8.8,['POINT GUARD'],colesbi01,1.8,BOSTON CELTICS,0.14300000000000002,3.6,0.495,16.0,16.6,-0.2,0.1,0.036000000000000004,advanced_2003.csv
87,87,25,1.8,0.7000000000000001,-5.8,-3.4,18.4,0.1,0.055999999999999994,13,104,Jason Collier,-2.3,13.6,0.2,15.0,['CENTER'],collija02,1.0,HOUSTON ROCKETS,0.0,16.1,0.488,5.1,17.3,-0.1,0.30000000000000004,0.126,advanced_2003.csv
88,88,24,5.2,1.1,-2.8,-1.4,7.8,0.2,0.721,22,421,Jarron Collins,-1.4,9.6,0.5,8.2,['CENTER'],collija03,0.6000000000000001,UTAH JAZZ,0.012,8.6,0.53,14.4,14.5,-0.1,0.7000000000000001,0.078,advanced_2003.csv
89,89,24,6.9,1.7000000000000002,-0.6000000000000001,1.8,13.9,3.0,0.6980000000000001,81,1900,Jason Collins,-2.3,8.2,1.7000000000000002,9.9,['CENTER'],collija04,1.3,NEW JERSEY NETS,0.012,11.1,0.521,16.1,12.5,0.7000000000000001,4.7,0.119,advanced_2003.csv
90,90,27,5.2,5.5,4.8,-0.30000000000000004,11.5,0.0,0.615,5,38,Chris Crawford,5.1,9.4,0.2,28.8,['POWER FORWARD'],crawfch01,2.8,ATLANTA HAWKS,0.231,10.5,0.726,10.8,22.3,0.1,0.2,0.316,advanced_2003.csv
91,91,22,28.8,0.9,-1.0,-2.0,9.0,1.1,0.16,80,1992,Jamal Crawford,0.9,1.2,1.6,15.4,['POINT GUARD'],crawfja01,2.0,CHICAGO BULLS,0.30000000000000004,5.1,0.496,13.4,22.2,0.5,2.8,0.067,advanced_2003.csv
92,92,27,14.9,1.5,0.0,-0.6000000000000001,19.9,0.8,0.311,49,633,Austin Croshere,0.6000000000000001,7.3,1.2,16.1,['POWER FORWARD'],croshau01,0.5,INDIANA PACERS,0.33,13.7,0.53,10.5,18.9,0.30000000000000004,2.0,0.151,advanced_2003.csv
93,93,33,26.7,0.0,-7.0,-2.8,9.5,0.1,0.366,12,180,John Crotty,-4.2,0.6000000000000001,0.0,7.6,['POINT GUARD'],crottjo01,0.9,DENVER NUGGETS,0.317,4.9,0.431,15.9,14.0,-0.2,0.1,0.031,advanced_2003.csv
94,94,20,4.4,2.9,-3.0,-2.0,16.4,1.1,0.501,81,1571,Eddy Curry,-1.0,8.3,2.3,17.5,['CENTER'],curryed01,0.6000000000000001,CHICAGO BULLS,0.0,12.4,0.607,16.4,23.6,-0.4,3.5,0.107,advanced_2003.csv
95,95,34,10.8,0.2,-2.3,0.9,8.6,1.7000000000000002,0.19699999999999998,78,1555,Michael Curry,-3.2,1.2,0.2,5.7,['SMALL FORWARD'],currymi01,1.6,DETROIT PISTONS,0.236,4.8,0.474,14.7,9.0,-0.1,2.0,0.06,advanced_2003.csv
96,96,27,4.6,5.1,0.1,0.30000000000000004,15.7,1.0,0.425,82,1978,Erick Dampier,-0.2,13.5,3.1,15.8,['CENTER'],dampier01,0.7000000000000001,GOLDEN STATE WARRIORS,0.004,14.6,0.5429999999999999,15.3,15.7,1.1,4.1,0.099,advanced_2003.csv
97,97,27,14.9,0.8,-0.9,-0.7000000000000001,8.4,0.8,0.409,67,872,Antonio Daniels,-0.30000000000000004,1.5,1.6,13.3,['SHOOTING GUARD'],daniean01,2.0,PORTLAND TRAIL BLAZERS,0.317,5.0,0.5720000000000001,12.7,13.3,0.2,2.3,0.128,advanced_2003.csv
98,98,34,11.9,2.3,-2.1,-0.1,19.3,1.1,0.43700000000000006,53,1894,Antonio Davis,-2.0,7.5,1.0,14.5,['CENTER'],davisan01,0.6000000000000001,TORONTO RAPTORS,0.0,13.1,0.483,13.4,21.3,0.0,2.2,0.055,advanced_2003.csv
99,99,23,30.5,0.8,2.7,-0.30000000000000004,8.1,2.2,0.16399999999999998,50,1889,Baron Davis,3.0,3.4,2.2,16.9,['POINT GUARD'],davisba01,2.6,NEW ORLEANS HORNETS,0.355,5.7,0.5,14.1,24.0,2.2,4.5,0.113,advanced_2003.csv
100,100,33,6.4,2.3,2.4,1.8,17.5,2.6,0.379,78,2282,Dale Davis,0.6000000000000001,12.3,4.3,14.5,['CENTER'],davisda01,1.2,PORTLAND TRAIL BLAZERS,0.0,14.9,0.5660000000000001,12.2,11.8,2.5,6.9,0.145,advanced_2003.csv
101,101,34,17.0,0.4,-5.3,-1.5,12.3,0.2,0.25,24,340,Emanual Davis,-3.8,1.7000000000000002,-0.30000000000000004,8.0,['SHOOTING GUARD'],davisem01,1.9,ATLANTA HAWKS,0.33,7.2,0.45,20.4,16.5,-0.30000000000000004,-0.1,-0.013,advanced_2003.csv
102,102,32,15.1,0.0,-3.7,-1.5,11.0,0.30000000000000004,0.076,43,328,Hubert Davis,-2.3,2.1,0.2,8.8,['SHOOTING GUARD'],davishu01,0.8,DETROIT PISTONS,0.456,6.5,0.484,11.9,13.6,-0.1,0.5,0.07100000000000001,advanced_2003.csv
103,103,23,26.5,0.8,-0.30000000000000004,-1.4,10.7,1.5,0.316,79,3131,Ricky Davis,1.0,3.4,1.5,16.1,['SHOOTING GUARD'],davisri01,2.0,CLEVELAND CAVALIERS,0.139,7.0,0.485,14.2,27.1,1.3,3.0,0.046,advanced_2003.csv
104,104,29,6.2,2.0,-1.4,0.6000000000000001,17.5,1.3,0.373,77,1327,Andrew DeClercq,-2.0,11.9,1.3,11.3,['CENTER'],declean01,1.5,ORLANDO MAGIC,0.0,14.6,0.562,20.5,13.8,0.2,2.6,0.095,advanced_2003.csv
105,105,29,14.0,0.4,0.2,-0.30000000000000004,11.9,2.1,0.155,67,1873,Tony Delk,0.5,2.4,2.5,13.7,['POINT GUARD'],delkto01,2.0,BOSTON CELTICS,0.5429999999999999,7.0,0.547,10.3,16.6,1.0,4.6,0.11699999999999999,advanced_2003.csv
106,106,24,28.3,0.30000000000000004,-6.3,-4.1,7.2,0.1,0.153,50,515,Dan Dickau,-2.2,2.1,-0.1,9.9,['POINT GUARD'],dickada01,1.4,ATLANTA HAWKS,0.359,4.8,0.504,22.6,20.9,-0.6000000000000001,0.0,0.001,advanced_2003.csv
107,107,27,14.1,0.8,-2.1,-1.3,6.4,0.0,0.208,6,87,Michael Dickerson,-0.8,1.3,0.1,10.0,['SHOOTING GUARD'],dickemi01,3.0,MEMPHIS GRIZZLIES,0.45799999999999996,3.9,0.5529999999999999,18.6,16.7,0.0,0.1,0.054000000000000006,advanced_2003.csv
108,108,21,6.9,6.1,-3.5,3.4,18.4,1.2,0.195,80,943,DeSagana Diop,-6.9,7.3,-1.4,6.7,['POWER FORWARD'],diopde01,1.8,CLEVELAND CAVALIERS,0.0,12.8,0.35600000000000004,25.1,10.3,-0.30000000000000004,-0.2,-0.012,advanced_2003.csv
109,109,34,16.7,2.9,2.9,3.6,17.8,4.4,0.38299999999999995,80,2384,Vlade Divac*,-0.6000000000000001,7.4,2.6,15.6,['CENTER'],divacvl01,1.8,SACRAMENTO KINGS,0.038,12.9,0.519,16.6,17.0,3.0,7.0,0.141,advanced_2003.csv
110,110,24,11.3,0.30000000000000004,-4.7,-2.4,10.8,0.5,0.17,42,647,Juan Dixon,-2.3,2.4,-0.5,11.0,['POINT GUARD'],dixonju01,2.2,WASHINGTON WIZARDS,0.31,6.6,0.46399999999999997,12.6,24.3,-0.4,0.1,0.005,advanced_2003.csv
111,111,25,6.6,1.1,-5.6,-1.1,17.7,0.7000000000000001,0.134,75,1041,Michael Doleac,-4.5,7.2,-0.4,8.9,['CENTER'],doleami01,0.8,NEW YORK KNICKS,0.0,12.3,0.451,11.9,18.3,-0.9,0.30000000000000004,0.013999999999999999,advanced_2003.csv
112,112,22,15.7,0.4,-4.4,-3.2,7.3,0.2,0.173,55,969,Keyon Dooling,-1.3,1.1,0.2,9.6,['SHOOTING GUARD'],doolike01,1.3,LOS ANGELES CLIPPERS,0.42200000000000004,4.2,0.494,14.5,19.3,-0.6000000000000001,0.30000000000000004,0.016,advanced_2003.csv
113,113,28,22.1,0.0,-4.7,-1.4,13.4,0.1,0.0,13,79,Bryce Drew,-3.4,5.8,0.0,9.4,['POINT GUARD'],drewbr01,1.4,NEW ORLEANS HORNETS,0.259,9.6,0.35200000000000004,10.0,17.3,-0.1,0.0,0.02,advanced_2003.csv
114,114,27,7.7,1.5,-3.3,-1.0,12.6,1.6,0.146,82,1984,Predrag Drobnjak,-2.3,6.5,0.8,12.5,['CENTER'],drobnpr01,1.3,SEATTLE SUPERSONICS,0.10800000000000001,9.5,0.45899999999999996,7.2,21.4,-0.6000000000000001,2.4,0.057,advanced_2003.csv
115,115,37,0.0,0.0,-6.9,-3.1,0.0,0.0,0.0,3,11,Chris Dudley,-3.8,22.0,0.0,-1.7000000000000002,['CENTER'],dudlech02,0.0,PORTLAND TRAIL BLAZERS,0.0,11.0,0.0,0.0,4.2,0.0,0.0,0.0,advanced_2003.csv
116,116,26,19.5,5.2,7.4,4.2,27.3,6.9,0.455,81,3181,Tim Duncan,3.3,9.9,9.5,26.9,['POWER FORWARD'],duncati01,0.9,SAN ANTONIO SPURS,0.016,19.0,0.5640000000000001,12.9,28.0,7.6,16.5,0.248,advanced_2003.csv
117,117,22,12.6,1.0,-1.3,-1.3,11.9,0.4,0.24,82,1305,Mike Dunleavy,0.1,5.4,1.1,12.5,['SMALL FORWARD'],dunlemi02,2.1,GOLDEN STATE WARRIORS,0.36,8.7,0.505,15.7,17.8,0.2,1.5,0.055,advanced_2003.csv
118,118,30,31.4,0.30000000000000004,-0.2,-2.0,8.7,1.0,0.16699999999999998,82,2243,Howard Eisley,1.8,1.2,3.5,14.1,['POINT GUARD'],eisleho01,1.7000000000000002,NEW YORK KNICKS,0.537,4.9,0.552,18.1,17.0,1.0,4.5,0.09699999999999999,advanced_2003.csv
119,119,32,3.5,1.5,-4.0,-1.5,17.1,0.9,0.252,55,784,LaPhonso Ellis,-2.5,6.3,0.2,11.0,['POWER FORWARD'],ellisla01,1.0,MIAMI HEAT,0.408,11.6,0.476,9.6,19.3,-0.4,1.1,0.065,advanced_2003.csv
120,120,24,3.1,2.8,-4.4,-0.9,15.4,0.4,0.39799999999999996,52,802,Melvin Ely,-3.4,9.1,0.4,10.8,['CENTER'],elyme01,0.7000000000000001,LOS ANGELES CLIPPERS,0.0,12.3,0.54,18.6,15.1,-0.5,0.8,0.048,advanced_2003.csv
121,121,27,5.9,3.9,1.5,5.1,15.5,0.30000000000000004,0.21100000000000002,17,135,Evan Eschmeyer,-3.6,8.2,0.0,7.4,['CENTER'],eschmev01,3.8,DALLAS MAVERICKS,0.0,11.8,0.409,22.4,9.0,0.1,0.2,0.08800000000000001,advanced_2003.csv
122,122,22,3.7,0.6000000000000001,-1.8,0.9,24.3,1.7000000000000002,1.1,67,1365,Reggie Evans,-2.7,14.2,1.3,10.4,['POWER FORWARD'],evansre01,1.5,SEATTLE SUPERSONICS,0.0,19.2,0.51,20.0,8.9,0.1,3.0,0.105,advanced_2003.csv
123,123,36,5.3,1.0,-4.2,-0.6000000000000001,10.1,0.6000000000000001,0.105,64,601,Danny Ferry,-3.6,4.0,-0.2,5.1,['SMALL FORWARD'],ferryda01,0.6000000000000001,SAN ANTONIO SPURS,0.484,7.2,0.45899999999999996,17.2,12.1,-0.30000000000000004,0.30000000000000004,0.027999999999999997,advanced_2003.csv
124,124,29,12.8,0.6000000000000001,1.6,-0.6000000000000001,12.3,2.5,0.193,69,2642,Michael Finley,2.2,4.5,4.3,17.6,['SMALL FORWARD'],finlemi01,1.5,DALLAS MAVERICKS,0.27,8.4,0.514,8.1,24.2,2.4,6.7,0.12300000000000001,advanced_2003.csv
125,125,28,16.1,0.4,-0.9,-1.2,8.0,1.4,0.161,82,2829,Derek Fisher,0.30000000000000004,1.6,3.8,11.9,['POINT GUARD'],fishede01,1.7000000000000002,LOS ANGELES LAKERS,0.27399999999999997,4.8,0.52,10.2,14.5,0.8,5.2,0.08800000000000001,advanced_2003.csv
126,126,24,11.2,1.5,-2.4,-1.9,18.3,0.6000000000000001,0.35000000000000003,38,809,Marcus Fizer,-0.5,11.1,0.8,17.9,['POWER FORWARD'],fizerma01,0.9,CHICAGO BULLS,0.016,14.8,0.503,11.4,27.4,-0.1,1.4,0.08199999999999999,advanced_2003.csv
127,127,21,4.9,0.0,-13.6,-2.6,22.1,0.0,0.33299999999999996,11,31,Alton Ford,-11.0,0.0,-0.1,-2.2,['POWER FORWARD'],fordal02,0.0,PHOENIX SUNS,0.0,10.9,0.33899999999999997,16.2,17.8,-0.1,-0.1,-0.113,advanced_2003.csv
128,128,21,20.9,0.0,-10.2,-1.5,9.7,0.1,0.171,17,86,Joseph Forte,-8.7,5.4,-0.4,3.4,['SHOOTING GUARD'],fortejo01,2.5,SEATTLE SUPERSONICS,0.08600000000000001,7.5,0.319,21.0,26.0,-0.2,-0.30000000000000004,-0.17600000000000002,advanced_2003.csv
129,129,26,7.9,0.0,-3.3,-1.0,21.3,0.2,0.537,17,223,Danny Fortson,-2.3,13.5,0.0,9.9,['POWER FORWARD'],fortsda01,2.1,GOLDEN STATE WARRIORS,0.019,17.4,0.442,18.3,15.6,-0.1,0.2,0.040999999999999995,advanced_2003.csv
130,130,34,3.8,1.2,-7.9,-1.9,15.9,0.1,0.262,29,539,Greg Foster,-5.9,6.1,-0.4,4.7,['CENTER'],fostegr01,0.1,TORONTO RAPTORS,0.033,10.8,0.445,18.1,14.1,-0.8,-0.30000000000000004,-0.025,advanced_2003.csv
131,131,26,9.8,1.9,-0.5,2.0,22.0,1.4,0.354,77,802,Jeff Foster,-2.5,16.9,0.2,12.0,['CENTER'],fosteje01,1.8,INDIANA PACERS,0.011000000000000001,19.5,0.39399999999999996,14.2,13.5,0.30000000000000004,1.6,0.098,advanced_2003.csv
132,132,26,6.5,0.2,-1.3,-0.5,12.2,0.4,0.461,37,573,Tremaine Fowlkes,-0.8,8.2,0.9,12.4,['SMALL FORWARD'],fowlktr01,2.3,LOS ANGELES CLIPPERS,0.07,10.2,0.5329999999999999,11.5,13.7,0.1,1.2,0.102,advanced_2003.csv
133,133,33,17.7,0.5,-0.4,-0.8,13.5,1.6,0.111,76,2181,Rick Fox,0.4,3.3,2.0,11.9,['SMALL FORWARD'],foxri01,1.6,LOS ANGELES LAKERS,0.451,8.3,0.523,15.7,15.7,0.9,3.6,0.079,advanced_2003.csv
134,134,27,3.1,7.6,1.5,2.7,18.5,1.7000000000000002,0.301,82,1787,Adonal Foyle,-1.2,10.6,2.3,15.3,['CENTER'],foylead01,1.1,GOLDEN STATE WARRIORS,0.003,14.6,0.5630000000000001,15.7,11.0,1.6,4.0,0.106,advanced_2003.csv
135,135,25,28.0,0.9,4.9,0.8,11.5,3.7,0.45399999999999996,81,3318,Steve Francis,4.1,5.7,7.4,20.6,['POINT GUARD'],francst01,2.3,HOUSTON ROCKETS,0.183,8.7,0.541,16.0,26.1,5.8,11.1,0.16,advanced_2003.csv
136,136,32,5.2,3.2,-4.3,-0.30000000000000004,16.9,0.30000000000000004,0.236,27,229,Lawrence Funderburke,-4.0,8.4,0.1,11.8,['POWER FORWARD'],fundela01,0.2,SACRAMENTO KINGS,0.0,12.9,0.466,7.0,16.5,-0.1,0.5,0.09699999999999999,advanced_2003.csv
137,137,24,1.8,5.1,-2.9,0.7000000000000001,20.3,0.7000000000000001,0.386,49,760,Dan Gadzuric,-3.5,10.1,0.4,11.2,['CENTER'],gadzuda01,1.5,MILWAUKEE BUCKS,0.006999999999999999,15.2,0.498,13.7,12.0,-0.2,1.2,0.075,advanced_2003.csv
138,138,26,25.8,2.8,8.7,3.7,28.5,5.8,0.33899999999999997,82,3321,Kevin Garnett,5.0,8.6,9.8,26.4,['POWER FORWARD'],garneke01,1.8,MINNESOTA TIMBERWOLVES,0.048,18.8,0.5529999999999999,11.9,26.4,9.0,15.6,0.225,advanced_2003.csv
139,139,26,7.5,0.6000000000000001,-0.1,-1.1,10.7,1.3,0.134,81,2584,Pat Garrity,1.0,3.1,3.6,11.2,['POWER FORWARD'],garripa01,1.2,ORLANDO MAGIC,0.547,6.8,0.551,8.9,15.0,1.2,4.9,0.091,advanced_2003.csv
140,140,22,13.6,3.4,2.1,0.6000000000000001,19.9,2.0,0.506,82,2948,Pau Gasol,1.5,7.4,6.5,20.7,['POWER FORWARD'],gasolpa01,0.6000000000000001,MEMPHIS GRIZZLIES,0.009000000000000001,13.7,0.5700000000000001,13.5,24.1,3.0,8.5,0.138,advanced_2003.csv
141,141,25,8.6,1.7000000000000002,-1.3,-0.2,13.7,1.4,0.228,71,1613,Devean George,-1.1,6.3,1.2,11.4,['SMALL FORWARD'],georgde01,1.8,LOS ANGELES LAKERS,0.28600000000000003,10.0,0.485,11.4,15.7,0.30000000000000004,2.7,0.079,advanced_2003.csv
142,142,34,11.4,0.5,-2.5,-0.30000000000000004,10.5,1.8,0.238,82,2068,Kendall Gill,-2.2,2.9,0.1,10.6,['SHOOTING GUARD'],gillke01,2.0,MINNESOTA TIMBERWOLVES,0.08700000000000001,6.8,0.477,12.6,18.8,-0.30000000000000004,1.9,0.043,advanced_2003.csv
143,143,25,15.8,0.8,2.6,1.4,8.8,2.4,0.431,69,1431,Manu Ginóbili,1.1,4.0,1.8,14.7,['SHOOTING GUARD'],ginobma01,3.6,SAN ANTONIO SPURS,0.373,6.5,0.556,17.5,18.5,1.7000000000000002,4.2,0.141,advanced_2003.csv
144,144,25,10.0,0.30000000000000004,-4.8,-3.3,8.4,0.0,0.22399999999999998,49,1187,Gordan Giriček,-1.5,1.7000000000000002,-0.1,10.8,['SHOOTING GUARD'],giricgo01,1.0,MEMPHIS GRIZZLIES,0.272,5.1,0.522,15.2,23.5,-0.8,0.0,-0.002,advanced_2003.csv
145,145,25,11.7,0.2,-0.8,-1.1,13.7,0.7000000000000001,0.23399999999999999,27,961,Gordan Giriček,0.2,2.1,1.0,13.6,['SMALL FORWARD'],giricgo01,1.6,ORLANDO MAGIC,0.366,7.7,0.54,12.5,19.1,0.30000000000000004,1.7000000000000002,0.083,advanced_2003.csv
146,146,24,13.1,0.6000000000000001,-1.7000000000000002,-1.2,12.8,1.2,0.25,76,1890,Dion Glover,-0.5,3.9,1.4,13.5,['SHOOTING GUARD'],glovedi01,2.0,ATLANTA HAWKS,0.244,8.5,0.512,13.1,20.1,0.1,2.6,0.065,advanced_2003.csv
147,147,31,9.3,0.0,-7.3,-1.3,6.5,0.1,0.111,10,51,Anthony Goldwire,-6.0,0.0,-0.1,2.5,['POINT GUARD'],goldwan01,3.1,SAN ANTONIO SPURS,0.444,3.4,0.318,9.6,19.0,-0.1,-0.1,-0.069,advanced_2003.csv
148,148,31,5.0,0.0,-8.5,-3.9,10.5,0.0,0.7140000000000001,5,34,Anthony Goldwire,-4.6,0.0,0.0,9.6,['POINT GUARD'],goldwan01,0.0,WASHINGTON WIZARDS,0.14300000000000002,5.2,0.7070000000000001,30.3,18.3,-0.1,0.0,0.016,advanced_2003.csv
149,149,21,8.3,1.1,-3.6,-1.6,15.9,0.7000000000000001,0.22899999999999998,51,1329,Drew Gooden,-2.0,9.0,-0.30000000000000004,13.8,['SMALL FORWARD'],goodedr01,1.5,MEMPHIS GRIZZLIES,0.08,12.5,0.486,14.2,25.0,-0.5,0.4,0.015,advanced_2003.csv
150,150,21,6.6,1.8,-2.4,-0.9,22.1,0.6000000000000001,0.39799999999999996,19,544,Drew Gooden,-1.6,11.9,0.7000000000000001,18.0,['POWER FORWARD'],goodedr01,1.4,ORLANDO MAGIC,0.01,16.8,0.5479999999999999,16.0,23.1,-0.1,1.3,0.11199999999999999,advanced_2003.csv
151,151,30,7.2,1.4,0.9,2.1,26.8,4.1,0.303,82,2641,Brian Grant,-1.1,10.2,3.5,15.6,['CENTER'],grantbr01,1.3,MIAMI HEAT,0.0,18.3,0.552,14.4,16.0,2.0,7.7,0.139,advanced_2003.csv
152,152,37,13.9,0.0,-3.3,-1.8,8.3,0.0,0.0,5,85,Horace Grant,-1.5,2.6,0.1,13.1,['POWER FORWARD'],grantho01,1.8,ORLANDO MAGIC,0.0,5.4,0.52,3.8,13.7,0.0,0.2,0.102,advanced_2003.csv
153,153,28,11.0,0.30000000000000004,0.9,2.0,14.1,1.9,0.095,74,1373,Adrian Griffin,-1.1,7.1,0.9,11.5,['SHOOTING GUARD'],griffad01,2.9,DALLAS MAVERICKS,0.07100000000000001,10.6,0.46299999999999997,11.8,13.2,1.0,2.9,0.1,advanced_2003.csv
154,154,20,8.0,4.2,0.4,1.5,19.2,2.9,0.139,77,1890,Eddie Griffin,-1.1,8.6,1.0,15.4,['POWER FORWARD'],griffed01,1.5,HOUSTON ROCKETS,0.28300000000000003,14.0,0.462,9.6,19.4,1.1,3.9,0.1,advanced_2003.csv
155,155,33,11.1,0.8,-3.1,0.8,19.1,0.6000000000000001,0.068,27,447,Tom Gugliotta,-3.9,6.3,-0.2,10.9,['POWER FORWARD'],guglito01,1.6,PHOENIX SUNS,0.008,12.6,0.474,18.6,16.8,-0.1,0.4,0.043,advanced_2003.csv
156,156,24,28.7,0.0,-22.4,-6.0,0.0,0.0,0.0,2,9,A.J. Guyton,-16.4,0.0,-0.1,-9.0,['POINT GUARD'],guytoaj01,5.7,GOLDEN STATE WARRIORS,0.25,0.0,0.0,20.0,23.6,0.0,-0.1,-0.45,advanced_2003.csv
157,157,22,3.3,3.0,-7.2,-2.9,8.5,0.1,0.248,39,441,Marcus Haislip,-4.3,5.5,-0.1,9.6,['POWER FORWARD'],haislma01,0.8,MILWAUKEE BUCKS,0.078,7.0,0.474,11.0,20.1,-0.6000000000000001,0.0,-0.003,advanced_2003.csv
158,158,29,6.4,1.4,-5.4,-0.9,9.5,0.30000000000000004,0.49700000000000005,75,926,Darvin Ham,-4.4,9.3,-0.7000000000000001,5.5,['SHOOTING GUARD'],hamda01,0.9,ATLANTA HAWKS,0.019,9.4,0.46399999999999997,25.1,12.8,-0.8,-0.4,-0.021,advanced_2003.csv
159,159,24,17.0,0.4,-0.30000000000000004,-1.6,10.5,3.0,0.411,82,2640,Richard Hamilton,1.2,3.9,4.3,18.7,['SHOOTING GUARD'],hamilri01,1.3,DETROIT PISTONS,0.09300000000000001,7.1,0.531,11.6,31.3,1.1,7.3,0.132,advanced_2003.csv
160,160,27,0.0,0.0,-12.6,-5.7,29.7,0.0,0.4,3,12,Zendon Hamilton,-6.8,9.1,0.0,17.7,['CENTER'],hamilze01,4.5,TORONTO RAPTORS,0.0,19.0,0.51,14.5,26.2,0.0,0.0,0.107,advanced_2003.csv
161,161,31,21.5,1.1,0.0,1.0,12.3,1.9,0.16899999999999998,58,1777,Anfernee Hardaway,-1.0,4.2,0.4,13.0,['SHOOTING GUARD'],hardaan01,1.9,PHOENIX SUNS,0.127,8.2,0.499,19.1,19.2,0.9,2.3,0.062,advanced_2003.csv
162,162,36,32.1,0.0,0.2,-0.8,12.1,0.2,0.08199999999999999,10,127,Tim Hardaway,1.0,0.9,0.0,14.7,['POINT GUARD'],hardati01,3.7,INDIANA PACERS,0.633,6.6,0.483,17.8,22.0,0.1,0.2,0.081,advanced_2003.csv
163,163,26,9.9,0.5,2.4,-1.1,14.8,2.4,0.325,78,2557,Matt Harpring,3.5,9.4,6.4,19.3,['SMALL FORWARD'],harprma01,1.5,UTAH JAZZ,0.157,12.2,0.588,12.1,23.9,2.9,8.8,0.166,advanced_2003.csv
164,164,22,7.8,2.0,-12.6,-2.9,6.0,0.0,0.118,13,37,Adam Harrington,-9.7,0.0,-0.2,1.4,['SHOOTING GUARD'],harriad01,1.4,DALLAS MAVERICKS,0.17600000000000002,3.0,0.308,10.1,24.4,-0.1,-0.1,-0.16399999999999998,advanced_2003.csv
165,165,22,23.0,0.0,-4.4,-3.4,8.3,0.0,0.1,6,74,Adam Harrington,-1.0,1.5,0.1,10.4,['SHOOTING GUARD'],harriad01,0.7000000000000001,DENVER NUGGETS,0.55,4.7,0.455,0.0,12.5,0.0,0.2,0.10800000000000001,advanced_2003.csv
166,166,22,8.8,1.0,-1.8,0.2,15.7,3.2,0.306,82,2467,Al Harrington,-2.0,7.4,0.7000000000000001,12.4,['SMALL FORWARD'],harrial01,1.5,INDIANA PACERS,0.051,11.6,0.493,13.8,21.6,0.1,3.9,0.075,advanced_2003.csv
167,167,22,23.2,0.6000000000000001,-4.6,0.8,12.6,2.4,0.24,82,2003,Junior Harrington,-5.4,2.4,-2.8,6.4,['POINT GUARD'],harriju01,2.1,DENVER NUGGETS,0.06,7.3,0.405,23.3,15.0,-1.3,-0.4,-0.009000000000000001,advanced_2003.csv
168,168,29,5.4,0.9,-2.0,-0.6000000000000001,20.2,1.1,0.33899999999999997,74,1850,Othella Harrington,-1.4,10.3,2.7,12.3,['POWER FORWARD'],harriot01,0.30000000000000004,NEW YORK KNICKS,0.0,15.1,0.5630000000000001,15.0,15.0,0.0,3.8,0.098,advanced_2003.csv
169,169,32,13.4,0.30000000000000004,-1.4,-0.8,9.8,2.5,0.262,77,1973,Lucious Harris,-0.6000000000000001,3.7,2.2,13.5,['SHOOTING GUARD'],harrilu01,1.4,NEW JERSEY NETS,0.18899999999999997,6.7,0.494,8.1,20.0,0.30000000000000004,4.7,0.114,advanced_2003.csv
170,170,32,0.0,8.8,-8.8,2.1,17.1,0.0,0.0,4,32,Antonio Harvey,-10.9,3.7,-0.1,2.9,['POWER FORWARD'],harvean01,1.6,ATLANTA HAWKS,0.0,10.7,0.4,37.5,11.5,-0.1,0.0,-0.068,advanced_2003.csv
171,171,22,11.7,1.3,-2.5,0.8,21.5,2.3,0.319,77,1613,Donnell Harvey,-3.3,8.6,-0.30000000000000004,12.5,['SMALL FORWARD'],harvedo01,1.6,DENVER NUGGETS,0.013,14.8,0.486,16.4,20.7,-0.2,2.0,0.059,advanced_2003.csv
172,172,23,11.1,2.2,-3.2,1.1,11.9,1.2,0.14,82,1999,Trenton Hassell,-4.3,2.1,-1.3,6.0,['SHOOTING GUARD'],hassetr01,1.2,CHICAGO BULLS,0.102,7.0,0.411,16.6,11.1,-0.6000000000000001,-0.1,-0.003,advanced_2003.csv
173,173,23,7.6,6.3,-15.4,0.9,14.4,0.1,0.235,12,57,Kirk Haston,-16.4,0.0,-0.4,-9.1,['SMALL FORWARD'],hastoki01,0.0,NEW ORLEANS HORNETS,0.17600000000000002,7.1,0.16,27.2,20.6,-0.2,-0.4,-0.307,advanced_2003.csv
174,174,29,10.9,0.6000000000000001,-3.3,0.5,10.2,0.7000000000000001,0.135,58,685,Juaquin Hawkins,-3.8,2.8,-0.30000000000000004,7.3,['SHOOTING GUARD'],hawkiju01,2.3,HOUSTON ROCKETS,0.162,6.6,0.42700000000000005,15.6,12.5,-0.2,0.4,0.027000000000000003,advanced_2003.csv
175,175,23,2.4,4.6,-0.1,1.0,13.0,1.9,0.723,81,1930,Brendan Haywood,-1.1,11.7,3.1,13.5,['CENTER'],haywobr01,0.9,WASHINGTON WIZARDS,0.0,12.4,0.561,12.7,12.5,0.9,5.0,0.125,advanced_2003.csv
176,176,30,4.5,1.5,-3.0,-0.9,17.8,1.1,0.42200000000000004,82,1494,Alan Henderson,-2.1,12.4,1.5,12.1,['CENTER'],hendeal01,1.2,ATLANTA HAWKS,0.006,15.2,0.508,13.6,13.8,-0.4,2.6,0.083,advanced_2003.csv
177,177,20,12.2,2.3,2.5,3.1,15.3,3.8,0.551,80,2258,Nenê Hilário,-0.6000000000000001,10.2,1.3,15.4,['CENTER'],hilarne01,3.0,DENVER NUGGETS,0.005,12.7,0.545,19.1,18.7,2.6,5.0,0.107,advanced_2003.csv
178,178,30,25.6,1.1,1.6,1.0,23.2,1.0,0.469,29,843,Grant Hill*,0.6000000000000001,5.3,1.6,20.8,['SMALL FORWARD'],hillgr01,1.7000000000000002,ORLANDO MAGIC,0.013,14.0,0.5680000000000001,18.5,24.1,0.8,2.5,0.14400000000000002,advanced_2003.csv
179,179,34,6.0,1.6,-3.7,0.8,26.3,0.9,0.228,32,855,Tyrone Hill,-4.4,9.0,-0.30000000000000004,10.3,['POWER FORWARD'],hillty01,1.9,CLEVELAND CAVALIERS,0.0,17.5,0.46799999999999997,19.3,13.7,-0.4,0.6000000000000001,0.036000000000000004,advanced_2003.csv
180,180,34,2.7,1.1,-3.1,-0.30000000000000004,16.4,0.5,0.321,24,496,Tyrone Hill,-2.7,13.0,0.2,9.3,['POWER FORWARD'],hillty01,1.6,PHILADELPHIA 76ERS,0.0,14.7,0.43799999999999994,11.4,12.7,-0.1,0.7000000000000001,0.07200000000000001,advanced_2003.csv
181,181,30,13.0,0.5,-1.7000000000000002,1.3,17.5,0.9,0.397,63,784,Fred Hoiberg,-2.9,1.6,0.4,10.2,['SHOOTING GUARD'],hoibefr01,2.6,CHICAGO BULLS,0.16699999999999998,9.7,0.486,14.5,9.8,0.1,1.3,0.077,advanced_2003.csv
182,182,32,14.3,1.9,2.0,1.8,16.1,2.5,0.28200000000000003,80,2343,Robert Horry,0.2,8.6,2.3,12.4,['POWER FORWARD'],horryro01,2.1,LOS ANGELES LAKERS,0.37200000000000005,12.3,0.488,17.3,12.2,2.3,4.8,0.098,advanced_2003.csv
183,183,24,16.6,0.1,-2.3,-1.0,9.7,1.1,0.081,55,1025,Eddie House,-1.3,1.9,-0.4,12.1,['SHOOTING GUARD'],houseed01,2.3,MIAMI HEAT,0.27,5.7,0.447,9.1,23.2,-0.1,0.7000000000000001,0.032,advanced_2003.csv
184,184,31,13.2,0.2,0.2,-3.1,7.9,0.6000000000000001,0.27,82,3108,Allan Houston,3.2,1.0,6.6,17.7,['SHOOTING GUARD'],houstal01,0.9,NEW YORK KNICKS,0.307,4.4,0.5630000000000001,9.8,27.0,1.7000000000000002,7.2,0.111,advanced_2003.csv
185,185,29,18.1,0.8,1.2,0.5,18.1,3.4,0.278,77,2730,Juwan Howard,0.7000000000000001,7.4,2.7,17.2,['POWER FORWARD'],howarju01,1.5,DENVER NUGGETS,0.003,12.5,0.501,11.8,26.1,2.2,6.0,0.106,advanced_2003.csv
186,186,26,27.0,0.2,-1.0,-2.8,6.0,1.1,0.242,79,2600,Troy Hudson,1.8,1.9,4.0,15.2,['POINT GUARD'],hudsotr01,1.2,MINNESOTA TIMBERWOLVES,0.278,4.0,0.531,14.7,21.6,0.6000000000000001,5.1,0.094,advanced_2003.csv
187,187,27,11.0,2.8,-4.5,-0.8,21.9,0.1,0.32,7,76,Nate Huffman,-3.8,12.9,0.0,11.8,['CENTER'],huffmna01,0.7000000000000001,TORONTO RAPTORS,0.0,17.2,0.40299999999999997,9.5,18.9,0.0,0.1,0.04,advanced_2003.csv
188,188,24,17.5,0.8,0.4,0.2,13.4,2.1,0.251,67,2137,Larry Hughes,0.2,3.7,1.6,15.5,['POINT GUARD'],hughela01,2.2,WASHINGTON WIZARDS,0.107,8.5,0.521,14.2,21.2,1.3,3.7,0.08199999999999999,advanced_2003.csv
189,189,23,3.2,3.7,-9.1,-0.7000000000000001,14.3,0.30000000000000004,0.32899999999999996,35,322,Ryan Humphrey,-8.3,10.4,-0.7000000000000001,2.9,['POWER FORWARD'],humphry01,0.6000000000000001,ORLANDO MAGIC,0.0,12.3,0.32899999999999996,17.7,16.4,-0.6000000000000001,-0.5,-0.07100000000000001,advanced_2003.csv
190,190,23,4.9,1.1,-6.9,-0.6000000000000001,23.6,0.1,0.314,13,122,Ryan Humphrey,-6.4,3.7,-0.1,7.2,['POWER FORWARD'],humphry01,2.1,MEMPHIS GRIZZLIES,0.0,13.8,0.364,4.8,15.4,-0.2,0.0,-0.001,advanced_2003.csv
191,191,32,18.8,0.5,-4.1,-2.2,7.8,0.4,0.156,29,673,Lindsey Hunter,-1.9,2.4,-0.9,10.6,['POINT GUARD'],hunteli01,2.8,TORONTO RAPTORS,0.354,5.0,0.434,15.0,25.8,-0.4,-0.6000000000000001,-0.040999999999999995,advanced_2003.csv
192,192,21,2.2,5.9,-2.3,0.9,14.5,0.5,0.42700000000000005,33,447,Steven Hunter,-3.2,9.5,0.4,13.4,['CENTER'],huntest01,1.0,ORLANDO MAGIC,0.0,11.9,0.531,10.9,13.7,0.0,0.9,0.099,advanced_2003.csv
193,193,27,10.1,4.4,-0.9,-0.4,17.4,2.1,0.456,81,2432,Zydrunas Ilgauskas,-0.5,10.8,2.9,19.4,['CENTER'],ilgauzy01,1.2,CLEVELAND CAVALIERS,0.004,14.1,0.516,13.5,27.8,0.7000000000000001,5.0,0.099,advanced_2003.csv
194,194,27,25.1,0.30000000000000004,2.8,-0.30000000000000004,9.5,4.2,0.379,82,3485,Allen Iverson*,3.1,2.3,5.0,21.2,['SHOOTING GUARD'],iversal01,3.4,PHILADELPHIA 76ERS,0.156,5.8,0.5,11.2,32.9,4.2,9.2,0.127,advanced_2003.csv
195,195,29,17.7,0.1,2.4,-0.6000000000000001,9.8,2.2,0.204,59,1676,Bobby Jackson,3.0,3.8,3.3,18.4,['POINT GUARD'],jacksbo01,2.1,SACRAMENTO KINGS,0.321,7.0,0.561,11.7,23.8,1.9,5.5,0.157,advanced_2003.csv
196,196,26,21.1,0.7000000000000001,-6.5,-2.2,6.2,0.1,0.397,24,286,Jermaine Jackson,-4.3,3.8,-0.2,8.2,['SHOOTING GUARD'],jacksje01,1.7000000000000002,TORONTO RAPTORS,0.132,5.0,0.413,19.2,15.8,-0.30000000000000004,-0.1,-0.017,advanced_2003.csv
197,197,26,19.8,0.8,-4.0,-1.0,9.2,0.1,0.667,29,273,Jermaine Jackson,-3.0,3.9,0.2,9.9,['SHOOTING GUARD'],jacksje01,1.9,ATLANTA HAWKS,0.024,6.7,0.506,21.6,11.6,-0.1,0.30000000000000004,0.051,advanced_2003.csv
198,198,32,13.6,0.2,-1.3,-0.1,13.8,1.7000000000000002,0.119,63,1309,Jim Jackson,-1.2,7.2,0.8,12.4,['SMALL FORWARD'],jacksji01,1.2,SACRAMENTO KINGS,0.154,10.7,0.501,14.1,19.1,0.2,2.5,0.09,advanced_2003.csv
199,199,28,5.4,2.1,-3.7,-1.3,14.7,1.0,0.42700000000000005,77,1041,Marc Jackson,-2.4,9.6,1.0,13.4,['CENTER'],jacksma02,1.2,MINNESOTA TIMBERWOLVES,0.003,12.2,0.508,12.5,20.6,-0.4,2.0,0.092,advanced_2003.csv
200,200,37,40.5,0.2,-3.7,-2.0,11.3,1.2,0.217,82,1467,Mark Jackson,-1.7000000000000002,2.9,-0.1,12.2,['POINT GUARD'],jacksma01,1.8,UTAH JAZZ,0.257,7.3,0.473,27.3,17.4,-0.6000000000000001,1.1,0.037000000000000005,advanced_2003.csv
201,201,24,14.1,0.9,1.7000000000000002,1.1,10.8,3.6,0.22399999999999998,80,2254,Stephen Jackson,0.6000000000000001,3.6,1.2,14.5,['SHOOTING GUARD'],jacksst02,3.0,SAN ANTONIO SPURS,0.363,7.4,0.526,16.4,22.1,2.1,4.8,0.102,advanced_2003.csv
202,202,21,9.8,0.4,-2.7,-1.7000000000000002,5.4,0.7000000000000001,0.321,72,1147,Casey Jacobsen,-1.0,2.8,0.5,9.2,['SMALL FORWARD'],jacobca01,1.6,PHOENIX SUNS,0.505,4.1,0.493,12.8,16.7,-0.2,1.2,0.051,advanced_2003.csv
203,203,27,6.1,8.4,-2.1,3.0,21.5,1.3,0.397,51,766,Jerome James,-5.2,11.8,-0.5,13.1,['CENTER'],jamesje01,0.9,SEATTLE SUPERSONICS,0.0,16.6,0.506,21.6,21.3,0.0,0.8,0.052000000000000005,advanced_2003.csv
204,204,27,25.9,0.2,-1.5,-1.1,8.5,1.6,0.243,78,1722,Mike James,-0.4,1.7000000000000002,0.2,11.8,['POINT GUARD'],jamesmi01,2.0,MIAMI HEAT,0.39,5.0,0.469,14.3,20.6,0.2,1.8,0.051,advanced_2003.csv
205,205,26,8.6,0.9,0.30000000000000004,-2.4,12.5,0.30000000000000004,0.32299999999999995,82,3226,Antawn Jamison,2.7,6.5,8.2,19.0,['SMALL FORWARD'],jamisan01,1.2,GOLDEN STATE WARRIORS,0.14200000000000002,9.5,0.542,9.5,24.5,1.9,8.5,0.126,advanced_2003.csv
206,206,24,23.8,0.6000000000000001,0.6000000000000001,0.0,10.2,1.3,0.235,66,1379,Marko Jarić,0.6000000000000001,2.9,0.6000000000000001,14.4,['SMALL FORWARD'],jaricma01,3.7,LOS ANGELES CLIPPERS,0.37200000000000005,6.6,0.498,17.3,19.5,0.9,1.9,0.067,advanced_2003.csv
207,207,22,5.4,1.7000000000000002,-6.7,-1.8,7.7,0.2,0.222,51,666,Chris Jefferies,-4.8,2.6,-0.8,6.8,['SMALL FORWARD'],jeffech01,1.5,TORONTO RAPTORS,0.278,5.0,0.46299999999999997,17.4,17.7,-0.8,-0.5,-0.039,advanced_2003.csv
208,208,22,12.1,1.1,1.9,1.2,14.4,4.4,0.479,80,2879,Richard Jefferson,0.7000000000000001,6.0,5.4,16.6,['SMALL FORWARD'],jefferi01,1.5,NEW JERSEY NETS,0.026,10.2,0.5630000000000001,12.4,19.7,2.9,9.9,0.16399999999999998,advanced_2003.csv
209,209,21,9.0,1.3,-2.4,-0.2,13.0,0.2,0.46,20,292,Jared Jeffries,-2.2,10.5,0.1,11.1,['SMALL FORWARD'],jeffrja01,1.5,WASHINGTON WIZARDS,0.095,11.7,0.521,21.7,15.6,0.0,0.30000000000000004,0.049,advanced_2003.csv
210,210,28,16.7,0.4,-2.4,-0.2,8.8,1.3,0.32,66,842,Anthony Johnson,-2.2,1.8,0.6000000000000001,11.3,['POINT GUARD'],johnsan02,2.3,NEW JERSEY NETS,0.152,5.3,0.512,13.5,16.3,-0.1,1.8,0.105,advanced_2003.csv
211,211,37,22.8,0.2,-5.4,-2.4,5.4,0.30000000000000004,0.26,48,430,Avery Johnson,-3.0,2.6,0.1,12.2,['POINT GUARD'],johnsav01,1.8,DALLAS MAVERICKS,0.013,4.0,0.467,14.8,20.7,-0.4,0.4,0.044000000000000004,advanced_2003.csv
212,212,35,2.9,4.0,-0.8,1.6,17.8,0.9,0.326,69,1170,Ervin Johnson,-2.4,11.7,1.0,9.4,['CENTER'],johnser02,1.5,MILWAUKEE BUCKS,0.0,14.7,0.49200000000000005,18.1,7.5,0.4,1.9,0.079,advanced_2003.csv
213,213,21,15.1,0.6000000000000001,-1.6,-0.6000000000000001,10.5,1.9,0.156,82,2255,Joe Johnson,-1.0,2.8,0.9,11.6,['SHOOTING GUARD'],johnsjo02,1.4,PHOENIX SUNS,0.258,6.6,0.472,11.3,19.1,0.2,2.8,0.06,advanced_2003.csv
214,214,24,0.0,6.0,-10.0,-0.1,21.3,0.2,0.162,16,156,Ken Johnson,-9.9,2.9,-0.2,6.1,['CENTER'],johnske03,0.4,MIAMI HEAT,0.0,11.8,0.40399999999999997,13.1,13.8,-0.30000000000000004,0.0,-0.002,advanced_2003.csv
215,215,26,16.0,0.4,-1.4,-1.3,8.5,0.7000000000000001,0.129,49,709,Damon Jones,-0.1,1.8,0.8,11.5,['POINT GUARD'],jonesda01,1.3,SACRAMENTO KINGS,0.5760000000000001,5.3,0.505,9.4,15.2,0.1,1.5,0.103,advanced_2003.csv
216,216,31,18.8,1.4,4.7,0.9,12.7,2.1,0.33399999999999996,47,1789,Eddie Jones,3.8,2.2,3.9,18.9,['SHOOTING GUARD'],jonesed02,2.0,MIAMI HEAT,0.35000000000000003,7.3,0.551,9.7,23.0,3.0,6.0,0.162,advanced_2003.csv
217,217,23,6.7,0.6000000000000001,-3.7,0.30000000000000004,4.8,0.1,0.16699999999999998,19,115,Fred Jones,-4.0,4.0,-0.1,5.5,['SHOOTING GUARD'],jonesfr01,2.7,INDIANA PACERS,0.292,4.4,0.446,18.9,12.5,0.0,0.0,0.019,advanced_2003.csv
218,218,23,8.8,0.7000000000000001,-1.3,-1.3,15.5,1.2,0.11699999999999999,80,2204,Jumaine Jones,0.0,5.3,1.7000000000000002,12.3,['SMALL FORWARD'],jonesju01,1.6,CLEVELAND CAVALIERS,0.442,10.3,0.525,12.5,16.8,0.4,2.9,0.062,advanced_2003.csv
219,219,32,5.2,0.30000000000000004,-5.6,-1.0,14.9,0.2,0.177,26,222,Popeye Jones,-4.6,14.4,-0.2,7.0,['POWER FORWARD'],jonespo01,1.2,DALLAS MAVERICKS,0.0,14.6,0.396,18.3,16.7,-0.2,0.0,0.005,advanced_2003.csv
220,220,39,21.1,1.0,1.0,0.1,16.7,3.4,0.212,82,3031,Michael Jordan*,0.9,2.8,2.9,19.3,['SMALL FORWARD'],jordami01,2.2,WASHINGTON WIZARDS,0.036000000000000004,9.7,0.491,9.4,28.7,2.3,6.2,0.099,advanced_2003.csv
221,221,33,5.5,1.5,-4.0,0.1,21.9,2.1,0.307,79,1633,Shawn Kemp,-4.0,10.0,0.0,11.7,['CENTER'],kempsh01,2.1,ORLANDO MAGIC,0.002,15.8,0.46799999999999997,15.1,18.5,-0.8,2.0,0.059,advanced_2003.csv
222,222,37,11.9,0.2,-1.7000000000000002,-1.6,5.6,0.9,0.133,75,952,Steve Kerr,0.0,1.5,1.3,11.4,['POINT GUARD'],kerrst01,1.5,SAN ANTONIO SPURS,0.484,3.7,0.552,11.4,14.9,0.1,2.2,0.109,advanced_2003.csv
223,223,29,42.2,0.6000000000000001,6.9,2.0,15.1,5.8,0.324,80,2989,Jason Kidd*,4.9,4.2,5.5,22.2,['POINT GUARD'],kiddja01,3.1,NEW JERSEY NETS,0.297,9.6,0.526,17.2,25.9,6.7,11.3,0.182,advanced_2003.csv
224,224,21,10.6,6.1,6.6,4.0,14.4,3.8,0.5760000000000001,80,2213,Andrei Kirilenko,2.6,8.4,5.3,21.1,['SMALL FORWARD'],kirilan01,2.9,UTAH JAZZ,0.17800000000000002,11.5,0.598,14.5,19.6,4.8,9.2,0.19899999999999998,advanced_2003.csv
225,225,28,15.4,1.2,3.9,1.3,11.7,3.4,0.19,65,1951,Kerry Kittles,2.6,3.1,4.2,18.3,['SHOOTING GUARD'],kittlke01,2.7,NEW JERSEY NETS,0.308,7.4,0.55,6.7,19.1,2.9,7.7,0.188,advanced_2003.csv
226,226,27,38.0,0.1,-4.6,-1.3,7.9,0.7000000000000001,0.162,55,928,Brevin Knight,-3.3,1.8,-0.5,11.2,['POINT GUARD'],knighbr01,3.9,MEMPHIS GRIZZLIES,0.035,4.9,0.442,27.8,16.4,-0.6000000000000001,0.2,0.008,advanced_2003.csv
227,227,28,7.4,2.3,-3.2,1.1,18.4,0.30000000000000004,0.2,32,287,Travis Knight,-4.4,7.2,0.0,8.3,['CENTER'],knightr01,1.5,NEW YORK KNICKS,0.015,12.7,0.424,12.4,13.0,-0.1,0.2,0.04,advanced_2003.csv
228,228,34,21.8,1.3,2.5,-0.5,13.7,1.1,0.336,63,1704,Toni Kukoč,3.0,4.6,2.9,18.0,['POWER FORWARD'],kukocto01,2.5,MILWAUKEE BUCKS,0.456,9.1,0.551,15.6,21.4,1.9,4.0,0.11199999999999999,advanced_2003.csv
229,229,33,17.8,1.4,2.6,2.1,20.8,2.8,0.27899999999999997,76,2215,Christian Laettner,0.5,6.1,3.8,16.1,['POWER FORWARD'],laettch01,2.0,WASHINGTON WIZARDS,0.031,13.4,0.545,13.1,14.2,2.6,6.6,0.14300000000000002,advanced_2003.csv
230,230,26,5.3,4.2,2.7,1.1,14.0,2.0,0.171,69,1611,Raef LaFrentz,1.6,8.5,3.8,16.5,['CENTER'],lafrera01,1.1,DALLAS MAVERICKS,0.226,11.3,0.578,7.7,16.9,1.9,5.8,0.173,advanced_2003.csv
231,231,23,11.3,0.5,-3.2,-0.7000000000000001,13.9,0.4,0.636,35,487,Sean Lampley,-2.5,6.0,0.4,12.4,['SMALL FORWARD'],lamplse01,0.8,MIAMI HEAT,0.031,9.8,0.512,13.2,18.4,-0.1,0.9,0.084,advanced_2003.csv
232,232,25,6.4,0.8,-5.4,-1.4,14.3,0.6000000000000001,0.099,60,541,Dan Langhi,-4.0,3.9,-0.1,9.4,['SMALL FORWARD'],langhda01,1.5,PHOENIX SUNS,0.153,9.1,0.434,7.1,18.8,-0.5,0.4,0.038,advanced_2003.csv
233,233,29,13.6,0.8,-1.5,-2.2,10.1,0.7000000000000001,0.24,63,1929,Voshon Lenard,0.7000000000000001,2.7,1.7000000000000002,14.4,['SHOOTING GUARD'],lenarvo01,1.6,TORONTO RAPTORS,0.311,6.3,0.502,10.3,23.6,0.2,2.4,0.06,advanced_2003.csv
234,234,23,7.9,0.9,0.9,-0.2,13.8,2.8,0.30000000000000004,77,3044,Rashard Lewis,1.1,5.8,5.0,16.7,['SMALL FORWARD'],lewisra02,1.8,SEATTLE SUPERSONICS,0.18899999999999997,9.7,0.537,9.9,22.2,2.3,7.8,0.122,advanced_2003.csv
235,235,27,14.7,0.0,-8.2,-8.1,0.0,0.0,0.5,2,12,Randy Livingston,-0.2,0.0,0.1,19.6,['POINT GUARD'],livinra01,0.0,NEW ORLEANS HORNETS,0.0,0.0,0.615,0.0,18.5,0.0,0.1,0.239,advanced_2003.csv
236,236,30,2.5,4.8,-9.4,-1.2,24.6,0.2,0.1,19,131,Art Long,-8.1,11.4,-0.30000000000000004,7.7,['SMALL FORWARD'],longar01,0.8,PHILADELPHIA 76ERS,0.02,17.9,0.38299999999999995,14.7,21.0,-0.2,-0.1,-0.027999999999999997,advanced_2003.csv
237,237,30,8.2,2.6,-8.7,0.0,17.8,0.1,0.2,7,80,Art Long,-8.8,10.9,-0.30000000000000004,3.6,['SMALL FORWARD'],longar01,2.0,TORONTO RAPTORS,0.08,14.2,0.368,28.8,21.8,-0.1,-0.30000000000000004,-0.155,advanced_2003.csv
238,238,36,8.2,0.2,-5.6,0.2,14.1,0.5,0.32899999999999996,41,488,Grant Long,-5.7,5.4,0.0,5.3,['POWER FORWARD'],longgr01,1.0,BOSTON CELTICS,0.043,9.6,0.449,19.2,9.4,-0.4,0.4,0.040999999999999995,advanced_2003.csv
239,239,25,22.6,0.0,-1.9,-2.6,7.6,0.9,0.182,75,1986,Tyronn Lue,0.6000000000000001,1.3,2.8,12.9,['POINT GUARD'],luety01,1.3,WASHINGTON WIZARDS,0.307,4.4,0.523,11.1,16.5,0.0,3.7,0.08900000000000001,advanced_2003.csv
240,240,32,11.0,0.9,1.0,1.7000000000000002,16.8,2.2,0.206,81,1497,George Lynch,-0.6000000000000001,10.7,1.3,12.9,['SHOOTING GUARD'],lynchge01,2.4,NEW ORLEANS HORNETS,0.22,13.7,0.46399999999999997,11.7,13.5,1.1,3.5,0.113,advanced_2003.csv
241,241,27,4.1,3.1,-1.6,0.0,19.1,1.0,0.332,42,812,Todd MacCulloch,-1.6,9.4,1.2,14.9,['CENTER'],maccuto01,1.2,PHILADELPHIA 76ERS,0.0,14.2,0.5479999999999999,11.4,17.0,0.1,2.2,0.13,advanced_2003.csv
242,242,21,22.8,2.0,-2.2,2.5,19.3,0.1,0.667,9,35,Tito Maddox,-4.7,3.4,-0.1,11.2,['SHOOTING GUARD'],maddoti01,4.6,HOUSTON ROCKETS,0.25,11.5,0.354,16.2,24.4,0.0,0.0,-0.011000000000000001,advanced_2003.csv
243,243,27,7.1,1.8,-2.5,-0.6000000000000001,10.6,0.4,0.374,54,781,Mark Madsen,-2.0,12.3,0.7000000000000001,9.3,['POWER FORWARD'],madsema01,1.0,LOS ANGELES LAKERS,0.0,11.5,0.45799999999999996,12.5,12.3,-0.1,1.1,0.069,advanced_2003.csv
244,244,23,11.2,0.6000000000000001,-0.2,-1.9,13.8,1.0,0.524,64,2006,Corey Maggette,1.7000000000000002,4.4,4.0,17.4,['SHOOTING GUARD'],maggeco01,1.4,LOS ANGELES CLIPPERS,0.22899999999999998,9.1,0.5640000000000001,13.4,24.8,0.9,5.0,0.119,advanced_2003.csv
245,245,24,5.9,3.3,0.0,1.6,22.3,3.8,0.507,82,2443,Jamaal Magloire,-1.5,12.2,2.9,15.4,['CENTER'],magloja01,1.1,NEW ORLEANS HORNETS,0.005,17.2,0.541,16.9,17.4,1.2,6.7,0.133,advanced_2003.csv
246,246,39,24.4,0.8,4.5,1.6,20.5,4.3,0.48200000000000004,81,2936,Karl Malone*,2.8,4.8,6.9,21.7,['POWER FORWARD'],malonka01,2.5,UTAH JAZZ,0.011000000000000001,13.0,0.534,11.8,27.8,4.8,11.1,0.182,advanced_2003.csv
247,247,31,25.8,0.0,-5.9,-3.9,6.4,0.0,0.2,14,103,Matt Maloney,-1.9,1.2,0.0,9.2,['POINT GUARD'],malonma01,2.0,ATLANTA HAWKS,0.6000000000000001,3.9,0.441,15.5,14.3,-0.1,0.1,0.031,advanced_2003.csv
248,248,36,14.8,2.5,3.8,4.1,14.9,0.2,0.188,13,89,Danny Manning,-0.4,9.2,0.0,17.9,['POWER FORWARD'],mannida01,5.6,DETROIT PISTONS,0.25,12.0,0.491,16.8,22.5,0.1,0.2,0.131,advanced_2003.csv
249,249,25,36.6,0.5,2.4,-1.6,7.4,2.5,0.305,81,3240,Stephon Marbury,4.1,1.8,7.1,20.1,['POINT GUARD'],marbust01,1.7000000000000002,PHOENIX SUNS,0.193,4.6,0.52,13.2,27.7,3.6,9.6,0.14200000000000002,advanced_2003.csv
250,250,24,10.4,2.1,5.5,2.3,19.4,5.8,0.201,81,3373,Shawn Marion,3.2,6.6,7.3,21.3,['SMALL FORWARD'],mariosh01,2.9,PHOENIX SUNS,0.248,13.0,0.5379999999999999,9.0,23.3,6.4,13.0,0.18600000000000003,advanced_2003.csv
251,251,27,2.3,2.1,-8.3,-0.1,14.4,0.30000000000000004,0.254,23,223,Sean Marks,-8.1,4.0,-0.4,3.8,['POWER FORWARD'],marksse01,1.2,MIAMI HEAT,0.017,9.1,0.412,17.6,16.8,-0.4,-0.2,-0.037000000000000005,advanced_2003.csv
252,252,30,0.0,0.0,-40.9,-8.8,57.1,0.0,0.0,3,6,Donny Marshall,-32.1,0.0,-0.1,-20.7,['SMALL FORWARD'],marshdo02,0.0,NEW JERSEY NETS,0.33299999999999996,28.6,0.0,25.0,30.1,-0.1,-0.1,-0.635,advanced_2003.csv
253,253,29,10.0,2.6,1.8,1.2,21.3,3.1,0.24100000000000002,78,2378,Donyell Marshall,0.6000000000000001,11.0,3.0,18.4,['POWER FORWARD'],marshdo01,2.0,CHICAGO BULLS,0.095,16.2,0.513,11.7,21.5,2.3,6.0,0.122,advanced_2003.csv
254,254,25,13.0,2.0,1.2,2.0,20.7,5.3,0.36200000000000004,77,2628,Kenyon Martin,-0.8,7.1,1.8,16.9,['POWER FORWARD'],martike01,2.0,NEW JERSEY NETS,0.04,13.9,0.511,13.3,24.8,2.1,7.1,0.129,advanced_2003.csv
255,255,30,26.2,0.4,2.0,-0.4,15.3,3.6,0.233,82,3321,Jamal Mashburn,2.4,2.3,5.4,18.0,['SMALL FORWARD'],mashbja01,1.3,NEW ORLEANS HORNETS,0.193,8.7,0.507,11.6,27.1,3.3,9.0,0.13,advanced_2003.csv
256,256,36,14.6,0.4,-0.9,0.0,18.1,0.6000000000000001,0.298,65,2119,Anthony Mason,-1.0,4.9,2.5,11.3,['CENTER'],masonan01,0.8,MILWAUKEE BUCKS,0.003,11.5,0.524,15.1,11.5,0.6000000000000001,3.1,0.069,advanced_2003.csv
257,257,25,9.3,0.9,-1.4,-0.2,16.3,1.7000000000000002,0.271,52,1811,Desmond Mason,-1.2,5.6,1.5,14.2,['SMALL FORWARD'],masonde01,1.4,SEATTLE SUPERSONICS,0.08199999999999999,10.9,0.49,9.0,21.3,0.30000000000000004,3.1,0.083,advanced_2003.csv
258,258,25,12.1,0.9,-0.6000000000000001,-1.5,15.1,0.30000000000000004,0.29100000000000004,28,952,Desmond Mason,0.9,8.1,1.8,16.9,['SMALL FORWARD'],masonde01,1.1,MILWAUKEE BUCKS,0.049,11.6,0.525,9.4,21.3,0.30000000000000004,2.0,0.103,advanced_2003.csv
259,259,22,16.3,0.0,-3.8,-2.3,9.6,0.1,0.065,17,113,Roger Mason,-1.6,2.0,0.0,7.4,['SMALL FORWARD'],masonro01,1.8,CHICAGO BULLS,0.581,5.9,0.471,13.6,14.5,-0.1,0.1,0.038,advanced_2003.csv
260,260,35,3.6,1.9,-4.7,-1.3,14.3,0.8,0.36200000000000004,58,792,Tony Massenburg,-3.4,9.4,0.2,9.2,['CENTER'],masseto01,1.2,UTAH JAZZ,0.0,11.9,0.508,15.7,18.5,-0.5,1.0,0.061,advanced_2003.csv
261,261,28,9.2,1.1,-0.30000000000000004,1.0,13.4,2.5,0.23399999999999999,82,1949,Walter McCarty,-1.2,3.6,1.6,10.8,['SMALL FORWARD'],mccarwa01,2.1,BOSTON CELTICS,0.593,8.4,0.54,12.7,12.6,0.9,4.1,0.10099999999999999,advanced_2003.csv
262,262,29,10.8,1.0,-4.5,0.6000000000000001,23.5,0.1,0.235,11,70,Amal McCaskill,-5.1,11.9,-0.1,7.3,['CENTER'],mccasam01,2.3,ATLANTA HAWKS,0.0,17.9,0.293,9.6,13.6,0.0,0.0,0.015,advanced_2003.csv
263,263,25,5.5,3.1,-4.5,-0.1,22.6,1.3,0.319,67,1367,Jelani McCoy,-4.4,7.6,-0.30000000000000004,12.4,['CENTER'],mccoyje01,1.1,TORONTO RAPTORS,0.0,14.8,0.507,17.6,18.3,-0.9,1.0,0.035,advanced_2003.csv
264,264,23,30.0,1.5,9.7,-0.1,14.6,2.9,0.4,75,2954,Tracy McGrady*,9.8,4.6,13.2,30.3,['SHOOTING GUARD'],mcgratr01,2.2,ORLANDO MAGIC,0.247,9.5,0.5640000000000001,8.4,35.2,8.7,16.1,0.262,advanced_2003.csv
265,265,28,21.3,0.1,-5.1,-2.7,6.9,0.6000000000000001,0.158,75,1311,Jeff McInnis,-2.5,2.0,0.5,10.0,['POINT GUARD'],mcinnje01,0.9,PORTLAND TRAIL BLAZERS,0.083,4.5,0.477,14.2,18.6,-1.0,1.1,0.04,advanced_2003.csv
266,266,30,18.6,0.30000000000000004,1.4,1.4,14.5,3.0,0.201,80,2374,Aaron McKie,0.0,3.0,2.1,13.7,['SMALL FORWARD'],mckieaa01,2.9,PHILADELPHIA 76ERS,0.168,8.7,0.49700000000000005,13.1,15.8,2.0,5.1,0.104,advanced_2003.csv
267,267,23,4.9,0.9,-7.6,-3.8,13.7,0.4,0.16699999999999998,58,620,Stanislav Medvedenko,-3.8,11.9,0.0,10.3,['POWER FORWARD'],medvest01,0.9,LOS ANGELES LAKERS,0.008,12.8,0.46,11.8,22.5,-0.9,0.4,0.032,advanced_2003.csv
268,268,26,11.5,0.6000000000000001,-4.2,-0.8,8.0,1.6,0.136,72,1671,Ron Mercer,-3.4,2.2,-0.30000000000000004,9.3,['SHOOTING GUARD'],mercero01,1.5,INDIANA PACERS,0.027000000000000003,5.2,0.439,7.9,18.6,-0.9,1.3,0.037000000000000005,advanced_2003.csv
269,269,23,6.0,3.3,-4.9,-1.3,19.5,0.7000000000000001,0.366,52,809,Chris Mihm,-3.6,12.6,0.2,13.2,['CENTER'],mihmch01,1.1,CLEVELAND CAVALIERS,0.01,16.0,0.462,12.6,20.5,-0.6000000000000001,0.9,0.053,advanced_2003.csv
270,270,21,14.9,2.4,-3.6,0.6000000000000001,14.2,1.4,0.24100000000000002,67,2008,Darius Miles,-4.2,6.2,-2.7,9.7,['SMALL FORWARD'],milesda01,1.7000000000000002,CLEVELAND CAVALIERS,0.022000000000000002,10.1,0.435,20.0,19.2,-0.8,-1.3,-0.032,advanced_2003.csv
271,271,26,31.3,0.30000000000000004,-0.5,-1.4,9.0,1.0,0.42100000000000004,80,2913,Andre Miller,0.9,3.3,3.6,15.2,['POINT GUARD'],millean02,1.8,LOS ANGELES CLIPPERS,0.11599999999999999,6.1,0.495,15.8,20.3,1.1,4.6,0.076,advanced_2003.csv
272,272,26,14.5,1.4,3.8,1.8,20.2,3.4,0.535,73,2270,Brad Miller,2.0,9.4,6.1,19.3,['CENTER'],millebr01,1.5,INDIANA PACERS,0.024,14.9,0.579,12.5,18.7,3.3,9.6,0.20199999999999999,advanced_2003.csv
273,273,22,13.1,0.6000000000000001,-0.8,-1.3,15.9,1.2,0.212,49,1826,Mike Miller,0.4,2.4,1.8,13.9,['SMALL FORWARD'],millemi01,1.0,ORLANDO MAGIC,0.36200000000000004,9.0,0.521,11.3,21.4,0.5,3.0,0.08,advanced_2003.csv
274,274,22,15.6,1.0,0.0,-2.5,15.1,0.1,0.238,16,360,Mike Miller,2.5,1.9,0.8,19.0,['SMALL FORWARD'],millemi01,0.9,MEMPHIS GRIZZLIES,0.29100000000000004,8.6,0.614,13.5,24.1,0.2,0.9,0.124,advanced_2003.csv
275,275,37,13.4,0.1,1.9,-1.3,7.8,1.8,0.361,70,2117,Reggie Miller*,3.2,1.1,5.6,15.9,['SHOOTING GUARD'],millere01,1.5,INDIANA PACERS,0.499,4.6,0.597,8.2,17.2,2.1,7.4,0.168,advanced_2003.csv
276,276,33,13.4,0.8,-2.8,-2.6,12.5,0.0,0.17,21,262,Chris Mills,-0.2,7.8,0.30000000000000004,12.7,['POWER FORWARD'],millsch01,1.4,GOLDEN STATE WARRIORS,0.236,10.2,0.44299999999999995,8.1,20.1,-0.1,0.30000000000000004,0.059,advanced_2003.csv
277,277,22,10.6,4.4,1.9,1.7000000000000002,22.6,3.5,0.461,82,2382,Yao Ming*,0.2,9.7,5.2,20.6,['CENTER'],mingya01,0.7000000000000001,HOUSTON ROCKETS,0.002,16.3,0.5700000000000001,15.2,22.1,2.4,8.7,0.17600000000000002,advanced_2003.csv
278,278,27,12.2,0.8,1.3,-0.30000000000000004,8.6,2.5,0.264,73,3044,Cuttino Mobley,1.7000000000000002,2.7,4.5,14.7,['SHOOTING GUARD'],moblecu01,1.7000000000000002,HOUSTON ROCKETS,0.298,5.7,0.537,12.2,20.6,2.5,6.9,0.109,advanced_2003.csv
279,279,25,2.4,3.3,-6.6,-1.8,20.2,0.5,0.258,35,445,Nazr Mohammed,-4.9,12.5,-0.1,12.4,['CENTER'],mohamna01,1.9,ATLANTA HAWKS,0.0,16.5,0.452,12.4,20.8,-0.5,0.4,0.045,advanced_2003.csv
280,280,24,5.8,4.9,-1.2,2.2,21.7,1.2,0.24,51,644,Jérôme Moïso,-3.4,10.5,0.30000000000000004,14.5,['CENTER'],moisoje01,1.6,NEW ORLEANS HORNETS,0.0,16.1,0.542,19.6,16.6,0.1,1.5,0.109,advanced_2003.csv
281,281,27,0.0,13.1,-3.0,5.8,0.0,0.0,0.0,3,12,Mikki Moore,-8.9,9.2,0.0,-3.1,['CENTER'],mooremi01,0.0,BOSTON CELTICS,0.0,4.7,0.0,0.0,3.9,0.0,0.0,0.018000000000000002,advanced_2003.csv
282,282,27,17.4,4.5,1.0,-2.3,7.1,0.0,0.833,5,31,Mikki Moore,3.3,19.1,0.1,26.1,['CENTER'],mooremi01,0.0,ATLANTA HAWKS,0.0,12.9,0.5489999999999999,10.9,27.2,0.0,0.1,0.21100000000000002,advanced_2003.csv
283,283,24,6.8,1.9,-3.0,-0.6000000000000001,15.7,0.6000000000000001,0.08,49,632,Terence Morris,-2.4,7.5,0.30000000000000004,11.9,['SMALL FORWARD'],morrite01,0.7000000000000001,HOUSTON ROCKETS,0.182,11.7,0.5,13.7,15.4,-0.2,0.9,0.07,advanced_2003.csv
284,284,22,6.6,0.8,-0.7000000000000001,-0.8,24.3,1.7000000000000002,0.387,79,2510,Troy Murphy,0.0,9.8,4.7,15.9,['POWER FORWARD'],murphtr01,1.3,GOLDEN STATE WARRIORS,0.019,17.1,0.526,11.2,16.7,0.8,6.4,0.122,advanced_2003.csv
285,285,23,13.0,0.0,-12.5,-5.1,2.8,0.0,0.308,12,42,Ronald Murray,-7.4,0.0,-0.2,10.7,['SHOOTING GUARD'],murraro01,5.1,MILWAUKEE BUCKS,0.154,1.4,0.39,11.9,37.1,-0.1,-0.1,-0.165,advanced_2003.csv
286,286,23,15.9,0.0,-15.3,-2.0,17.9,0.0,0.0,2,20,Ronald Murray,-13.3,0.0,-0.1,-2.0,['SHOOTING GUARD'],murraro01,0.0,SEATTLE SUPERSONICS,0.2,8.8,0.4,44.4,21.1,-0.1,-0.1,-0.267,advanced_2003.csv
287,287,31,9.5,1.1,-7.8,-3.2,10.6,0.1,0.127,31,193,Tracy Murray,-4.6,2.9,-0.30000000000000004,5.2,['SMALL FORWARD'],murratr01,1.3,LOS ANGELES LAKERS,0.535,6.7,0.407,15.7,20.4,-0.30000000000000004,-0.2,-0.054000000000000006,advanced_2003.csv
288,288,36,5.8,5.4,-2.7,2.4,22.0,1.0,0.42,24,514,Dikembe Mutombo*,-5.1,12.0,-0.2,11.2,['CENTER'],mutomdi01,0.4,NEW JERSEY NETS,0.0,17.0,0.445,18.0,16.6,-0.1,0.8,0.076,advanced_2003.csv
289,289,27,3.2,6.2,-3.3,0.8,17.3,0.4,0.49,22,364,Mamadou N'Diaye,-4.2,8.7,0.2,13.5,['CENTER'],ndiayma02,1.2,TORONTO RAPTORS,0.0,12.8,0.514,15.3,17.3,-0.1,0.6000000000000001,0.075,advanced_2003.csv
290,290,22,6.8,1.9,-8.1,-2.6,11.7,0.1,0.32299999999999995,14,77,Boštjan Nachbar,-5.5,4.6,-0.2,5.8,['SMALL FORWARD'],nachbbo01,1.4,HOUSTON ROCKETS,0.32299999999999995,8.2,0.41,14.5,24.8,-0.1,-0.1,-0.053,advanced_2003.csv
291,291,27,11.9,0.5,-5.4,-3.1,11.3,0.1,0.268,38,405,Lee Nailon,-2.3,9.1,0.1,14.3,['SMALL FORWARD'],nailole01,0.8,NEW YORK KNICKS,0.005,10.1,0.494,13.1,27.9,-0.30000000000000004,0.30000000000000004,0.03,advanced_2003.csv
292,292,26,6.2,1.5,2.7,1.6,13.3,1.3,0.39399999999999996,48,1103,Eduardo Nájera,1.1,9.0,2.7,14.8,['SMALL FORWARD'],najered01,1.9,DALLAS MAVERICKS,0.004,11.1,0.59,7.8,12.1,1.3,4.0,0.17500000000000002,advanced_2003.csv
293,293,28,36.3,0.2,3.3,-2.1,7.0,1.9,0.304,82,2711,Steve Nash*,5.5,2.6,9.7,22.6,['POINT GUARD'],nashst01,1.6,DALLAS MAVERICKS,0.24100000000000002,4.8,0.5760000000000001,13.2,24.4,3.7,11.6,0.206,advanced_2003.csv
294,294,26,7.7,3.6,0.6000000000000001,1.3,16.9,2.6,0.125,77,2337,Rasho Nesterović,-0.6000000000000001,7.3,2.6,14.7,['CENTER'],nestera01,0.9,MINNESOTA TIMBERWOLVES,0.003,12.2,0.536,11.0,17.5,1.6,5.2,0.107,advanced_2003.csv
295,295,28,8.6,0.9,-0.9,-0.7000000000000001,10.5,0.8,0.193,73,1931,Ira Newble,-0.2,5.3,2.5,11.7,['SMALL FORWARD'],newblir01,1.4,ATLANTA HAWKS,0.18,8.0,0.557,12.0,13.7,0.5,3.3,0.081,advanced_2003.csv
296,296,29,23.2,0.2,-2.4,-0.4,10.0,1.3,0.34500000000000003,82,1375,Moochie Norris,-2.0,3.2,0.5,11.8,['POINT GUARD'],norrimo01,2.2,HOUSTON ROCKETS,0.136,6.7,0.47,18.4,15.6,-0.1,1.7000000000000002,0.061,advanced_2003.csv
297,297,24,13.3,2.0,5.7,1.0,25.1,5.3,0.368,80,3117,Dirk Nowitzki,4.6,2.9,10.8,25.6,['POWER FORWARD'],nowitdi01,1.8,DALLAS MAVERICKS,0.262,14.0,0.581,8.1,27.4,6.1,16.1,0.249,advanced_2003.csv
298,298,24,10.4,4.5,2.6,2.0,22.8,5.2,0.405,77,2864,Jermaine O'Neal,0.5,8.1,5.3,21.4,['POWER FORWARD'],onealje01,1.2,INDIANA PACERS,0.017,15.6,0.539,10.8,26.2,3.3,10.5,0.177,advanced_2003.csv
299,299,30,16.2,4.5,6.3,0.8,21.6,3.0,0.599,67,2535,Shaquille O'Neal*,5.5,11.4,10.2,29.5,['CENTER'],onealsh01,0.8,LOS ANGELES LAKERS,0.0,16.5,0.602,11.4,30.2,5.3,13.2,0.25,advanced_2003.csv
300,300,39,11.7,0.9,-1.3,0.9,16.2,0.5,0.618,42,514,Charles Oakley,-2.3,8.5,0.5,8.3,['CENTER'],oaklech01,1.4,WASHINGTON WIZARDS,0.0,12.3,0.529,23.1,8.4,0.1,0.9,0.08800000000000001,advanced_2003.csv
301,301,23,19.0,1.7000000000000002,0.30000000000000004,0.2,17.9,1.2,0.28600000000000003,49,1679,Lamar Odom,0.1,4.0,0.9,14.6,['SMALL FORWARD'],odomla01,1.3,LOS ANGELES CLIPPERS,0.21100000000000002,11.0,0.519,16.9,22.3,1.0,2.2,0.062,advanced_2003.csv
302,302,23,9.5,2.1,0.1,0.5,19.2,2.1,0.31,72,1366,Mehmet Okur,-0.4,10.0,1.7000000000000002,14.8,['POWER FORWARD'],okurme01,1.0,DETROIT PISTONS,0.265,14.5,0.514,12.1,19.3,0.7000000000000001,3.8,0.134,advanced_2003.csv
303,303,24,35.4,0.0,-3.1,-1.1,9.1,0.1,0.276,15,93,Dean Oliver,-2.0,9.3,-0.1,11.2,['POINT GUARD'],olivede01,3.8,GOLDEN STATE WARRIORS,0.207,9.2,0.33799999999999997,23.5,19.5,0.0,-0.1,-0.028999999999999998,advanced_2003.csv
304,304,30,24.3,0.30000000000000004,-3.1,-2.3,9.1,0.1,0.35700000000000004,53,1127,Kevin Ollie,-0.9,1.2,2.0,13.5,['POINT GUARD'],ollieke01,1.7000000000000002,MILWAUKEE BUCKS,0.02,5.1,0.513,10.9,13.7,-0.30000000000000004,2.1,0.09,advanced_2003.csv
305,305,30,23.0,0.1,-1.3,-0.1,10.9,0.7000000000000001,0.46799999999999997,29,770,Kevin Ollie,-1.3,2.0,1.0,14.0,['POINT GUARD'],ollieke01,2.3,SEATTLE SUPERSONICS,0.005,6.3,0.515,13.8,15.9,0.1,1.7000000000000002,0.106,advanced_2003.csv
306,306,27,5.9,4.1,-3.9,1.2,22.3,1.3,0.24100000000000002,36,1369,Michael Olowokandi,-5.1,4.7,-1.5,10.5,['CENTER'],olowomi01,0.7000000000000001,LOS ANGELES CLIPPERS,0.0,13.6,0.457,16.9,19.2,-0.7000000000000001,-0.2,-0.006,advanced_2003.csv
307,307,29,4.4,5.9,0.4,2.7,19.6,2.6,0.601,81,1926,Greg Ostertag,-2.3,11.8,0.8,11.5,['CENTER'],ostergr01,0.6000000000000001,UTAH JAZZ,0.0,15.8,0.531,20.1,12.3,1.2,3.4,0.084,advanced_2003.csv
308,308,31,9.2,2.9,1.9,2.9,14.8,2.2,0.41700000000000004,80,1800,Bo Outlaw,-1.0,8.3,2.2,12.2,['CENTER'],outlabo01,1.5,PHOENIX SUNS,0.006999999999999999,11.6,0.5740000000000001,18.8,10.1,1.8,4.4,0.11599999999999999,advanced_2003.csv
309,309,23,0.0,0.0,-10.7,-9.3,0.0,0.0,0.0,1,6,Chris Owens,-1.3,19.0,0.0,20.1,['SMALL FORWARD'],owensch01,0.0,MEMPHIS GRIZZLIES,0.0,9.4,0.667,25.0,30.0,0.0,0.0,-0.032,advanced_2003.csv
310,310,21,5.1,1.5,-4.6,0.7000000000000001,32.5,0.2,0.478,27,145,Olumide Oyedeji,-5.3,7.7,0.1,9.4,['CENTER'],oyedeol01,1.8,ORLANDO MAGIC,0.0,19.7,0.485,15.2,10.1,-0.1,0.30000000000000004,0.10099999999999999,advanced_2003.csv
311,311,33,30.0,0.0,-2.9,-0.30000000000000004,10.7,0.6000000000000001,0.426,28,440,Robert Pack,-2.5,2.9,0.0,13.3,['POINT GUARD'],packro01,3.1,NEW ORLEANS HORNETS,0.039,6.7,0.473,20.7,20.0,-0.1,0.6000000000000001,0.068,advanced_2003.csv
312,312,26,10.8,1.4,-0.6000000000000001,-0.2,16.7,1.5,0.253,82,1321,Scott Padgett,-0.4,7.9,1.0,12.4,['POWER FORWARD'],padgesc01,1.7000000000000002,UTAH JAZZ,0.314,12.5,0.496,13.0,18.8,0.5,2.5,0.091,advanced_2003.csv
313,313,24,20.6,0.6000000000000001,-4.3,-0.7000000000000001,10.8,0.8,0.22399999999999998,80,1976,Milt Palacio,-3.6,2.7,-0.6000000000000001,8.2,['POINT GUARD'],palacmi01,1.8,CLEVELAND CAVALIERS,0.095,6.7,0.466,23.5,12.2,-1.1,0.2,0.004,advanced_2003.csv
314,314,23,17.1,0.4,-5.3,-1.7000000000000002,9.3,0.2,0.043,34,342,Jannero Pargo,-3.6,2.9,-0.2,7.3,['POINT GUARD'],pargoja01,2.0,LOS ANGELES LAKERS,0.258,6.1,0.449,19.5,15.3,-0.30000000000000004,0.1,0.006999999999999999,advanced_2003.csv
315,315,21,24.7,0.8,-4.4,-2.2,9.3,0.5,0.34900000000000003,66,1103,Smush Parker,-2.1,2.9,-0.4,11.3,['POINT GUARD'],parkesm01,2.2,CLEVELAND CAVALIERS,0.34900000000000003,6.0,0.523,25.4,20.6,-0.7000000000000001,0.1,0.005,advanced_2003.csv
316,316,20,27.9,0.1,0.30000000000000004,-1.7000000000000002,7.3,2.6,0.278,82,2774,Tony Parker,1.9,1.4,5.1,16.5,['POINT GUARD'],parketo01,1.4,SAN ANTONIO SPURS,0.233,4.5,0.542,14.5,22.9,1.6,7.7,0.134,advanced_2003.csv
317,317,30,5.5,2.2,-1.3,0.0,14.9,0.4,0.233,30,648,Cherokee Parks,-1.3,8.1,0.8,13.3,['POWER FORWARD'],parksch02,1.3,LOS ANGELES CLIPPERS,0.012,11.5,0.523,9.1,13.8,0.1,1.2,0.09,advanced_2003.csv
318,318,27,10.2,1.3,-0.1,0.5,10.5,1.8,0.426,78,1655,Ruben Patterson,-0.6000000000000001,8.8,1.4,14.5,['SMALL FORWARD'],patteru01,2.4,PORTLAND TRAIL BLAZERS,0.039,9.6,0.53,16.0,20.4,0.8,3.2,0.09300000000000001,advanced_2003.csv
319,319,34,41.6,0.4,4.3,-0.1,10.8,1.9,0.236,52,2123,Gary Payton*,4.4,3.1,4.3,21.4,['POINT GUARD'],paytoga01,2.4,SEATTLE SUPERSONICS,0.115,6.9,0.495,10.7,27.1,3.4,6.2,0.14,advanced_2003.csv
320,320,34,33.8,0.5,1.0,-2.9,6.8,0.1,0.249,28,1085,Gary Payton*,3.9,2.5,2.8,20.5,['POINT GUARD'],paytoga01,2.0,MILWAUKEE BUCKS,0.14300000000000002,4.6,0.523,9.6,25.0,0.8,2.9,0.128,advanced_2003.csv
321,321,33,15.8,0.4,-0.4,-0.30000000000000004,9.9,1.7000000000000002,0.08199999999999999,82,2245,Anthony Peeler,0.0,2.1,1.7000000000000002,11.0,['SHOOTING GUARD'],peelean01,1.7000000000000002,MINNESOTA TIMBERWOLVES,0.34800000000000003,6.1,0.499,11.5,14.4,0.9,3.4,0.07200000000000001,advanced_2003.csv
322,322,31,9.3,0.7000000000000001,-0.30000000000000004,-1.6,9.6,0.2,0.161,66,1941,Wesley Person,1.3,1.4,3.1,13.5,['SHOOTING GUARD'],persowe01,1.1,MEMPHIS GRIZZLIES,0.384,5.6,0.5650000000000001,8.0,16.2,0.8,3.3,0.08199999999999999,advanced_2003.csv
323,323,25,11.1,0.8,-1.1,-1.3,10.7,1.1,0.23,82,2949,Morris Peterson,0.2,3.6,2.1,12.6,['SMALL FORWARD'],petermo01,1.6,TORONTO RAPTORS,0.321,7.0,0.488,9.8,20.3,0.7000000000000001,3.2,0.052000000000000005,advanced_2003.csv
324,324,32,9.1,0.5,0.2,-2.5,9.3,0.30000000000000004,0.27399999999999997,62,1360,Eric Piatkowski,2.7,3.7,3.3,16.0,['SHOOTING GUARD'],piatker01,1.3,LOS ANGELES CLIPPERS,0.451,6.5,0.601,10.1,18.5,0.8,3.6,0.129,advanced_2003.csv
325,325,25,24.2,1.6,4.2,0.9,17.7,4.8,0.473,79,3096,Paul Pierce,3.3,3.8,5.3,22.7,['SHOOTING GUARD'],piercpa01,2.4,BOSTON CELTICS,0.24600000000000002,10.6,0.532,13.0,33.2,4.9,10.1,0.157,advanced_2003.csv
326,326,37,24.3,1.0,2.0,1.6,14.0,2.6,0.248,64,1911,Scottie Pippen*,0.30000000000000004,3.6,1.2,15.3,['SMALL FORWARD'],pippesc01,3.0,PORTLAND TRAIL BLAZERS,0.223,8.8,0.52,19.9,20.0,1.9,3.8,0.095,advanced_2003.csv
327,327,27,2.7,3.1,-1.4,0.9,18.8,0.6000000000000001,0.43700000000000006,23,325,Scot Pollard,-2.3,16.0,0.4,14.6,['CENTER'],pollasc01,2.0,SACRAMENTO KINGS,0.0,17.5,0.49700000000000005,12.6,16.1,0.0,1.0,0.15,advanced_2003.csv
328,328,26,16.5,0.5,-0.9,0.2,15.0,1.0,0.315,25,872,James Posey,-1.1,4.8,0.0,12.3,['SMALL FORWARD'],poseyja01,1.8,DENVER NUGGETS,0.272,9.7,0.477,15.2,22.2,0.2,1.0,0.055,advanced_2003.csv
329,329,26,10.8,0.4,1.6,1.0,15.7,2.1,0.336,58,1646,James Posey,0.6000000000000001,3.7,2.3,14.2,['SMALL FORWARD'],poseyja01,2.5,HOUSTON ROCKETS,0.32899999999999996,9.8,0.551,13.7,16.0,1.5,4.4,0.129,advanced_2003.csv
330,330,24,5.1,0.0,-9.5,-4.6,3.7,0.0,0.395,12,98,Lavor Postell,-4.9,1.2,-0.1,7.8,['SHOOTING GUARD'],postela01,1.1,NEW YORK KNICKS,0.184,2.4,0.48200000000000004,13.6,24.3,-0.2,-0.1,-0.032,advanced_2003.csv
331,331,27,1.6,1.6,-7.0,-1.0,19.0,0.4,0.312,26,403,Vitaly Potapenko,-6.1,7.2,-0.2,8.2,['CENTER'],potapvi01,1.2,SEATTLE SUPERSONICS,0.0,13.0,0.49200000000000005,19.1,15.2,-0.5,0.2,0.027000000000000003,advanced_2003.csv
332,332,22,9.9,2.4,-2.0,0.1,11.1,0.6000000000000001,0.14400000000000002,42,435,Tayshaun Prince,-2.1,1.3,0.2,11.7,['SMALL FORWARD'],princta01,1.3,DETROIT PISTONS,0.39799999999999996,6.1,0.546,14.3,16.2,0.0,0.8,0.084,advanced_2003.csv
333,333,23,3.0,6.1,-1.3,2.9,20.9,0.5,0.522,32,546,Joel Przybilla,-4.1,10.2,0.1,7.9,['CENTER'],przybjo01,1.0,MILWAUKEE BUCKS,0.0,15.5,0.424,25.1,6.4,0.1,0.6000000000000001,0.051,advanced_2003.csv
334,334,22,8.7,0.9,-0.8,-0.4,15.5,1.9,0.153,72,1910,Vladimir Radmanović,-0.4,4.6,0.8,13.0,['POWER FORWARD'],radmavl01,1.8,SEATTLE SUPERSONICS,0.439,10.0,0.508,12.3,20.0,0.6000000000000001,2.7,0.068,advanced_2003.csv
335,335,24,19.0,0.0,-7.1,-3.6,5.9,0.1,0.621,42,244,Igor Rakočević,-3.5,1.9,0.0,8.4,['POINT GUARD'],rakocig01,0.9,MINNESOTA TIMBERWOLVES,0.207,3.9,0.528,23.8,18.0,-0.30000000000000004,0.1,0.022000000000000002,advanced_2003.csv
336,336,21,5.7,0.8,-1.1,-1.8,18.9,1.6,0.313,77,1301,Zach Randolph,0.6000000000000001,12.9,3.2,19.9,['POWER FORWARD'],randoza01,1.7000000000000002,PORTLAND TRAIL BLAZERS,0.01,15.9,0.555,9.6,23.0,0.30000000000000004,4.8,0.177,advanced_2003.csv
337,337,29,4.8,7.3,0.0,3.3,19.7,3.4,0.36,81,2518,Theo Ratliff,-3.4,7.3,0.7000000000000001,13.8,['CENTER'],ratlith01,1.2,ATLANTA HAWKS,0.0,13.7,0.512,16.6,15.0,1.2,4.0,0.077,advanced_2003.csv
338,338,30,3.6,2.6,-3.1,-0.5,16.0,0.7000000000000001,0.331,30,488,Željko Rebrača,-2.5,6.5,0.7000000000000001,14.0,['CENTER'],rebraze01,0.7000000000000001,DETROIT PISTONS,0.0,11.2,0.596,14.9,19.2,-0.1,1.3,0.133,advanced_2003.csv
339,339,23,8.9,0.4,2.5,-2.3,13.9,1.1,0.191,82,2316,Michael Redd,4.9,4.9,6.9,21.0,['SHOOTING GUARD'],reddmi01,2.3,MILWAUKEE BUCKS,0.428,9.4,0.59,6.6,22.6,2.6,8.0,0.16699999999999998,advanced_2003.csv
340,340,29,0.0,0.0,-19.5,-4.7,0.0,0.0,0.667,1,10,Don Reid,-14.7,0.0,-0.1,-17.3,['POWER FORWARD'],reiddo01,0.0,DETROIT PISTONS,0.0,0.0,0.129,0.0,18.7,0.0,-0.1,-0.28500000000000003,advanced_2003.csv
341,341,27,8.0,1.1,-4.7,-1.6,13.3,0.2,0.153,35,144,Efthimi Rentzias,-3.0,8.0,0.0,10.6,['CENTER'],rentzef01,2.2,PHILADELPHIA 76ERS,0.136,10.6,0.413,6.0,20.9,-0.1,0.2,0.057999999999999996,advanced_2003.csv
342,342,35,7.3,0.2,-1.0,-2.2,9.3,0.8,0.182,62,1532,Glen Rice,1.2,2.2,2.5,11.9,['SMALL FORWARD'],ricegl01,0.8,HOUSTON ROCKETS,0.556,5.8,0.5630000000000001,10.0,16.5,0.4,3.3,0.103,advanced_2003.csv
343,343,22,15.3,0.6000000000000001,-0.4,-2.0,10.4,0.30000000000000004,0.233,82,2698,Jason Richardson,1.6,4.4,3.4,14.8,['SHOOTING GUARD'],richaja01,1.7000000000000002,GOLDEN STATE WARRIORS,0.28800000000000003,7.5,0.501,12.3,23.0,1.1,3.7,0.066,advanced_2003.csv
344,344,22,6.7,0.5,-3.5,-2.7,15.1,0.7000000000000001,0.22699999999999998,59,1368,Quentin Richardson,-0.8,8.2,0.30000000000000004,12.5,['SHOOTING GUARD'],richaqu01,1.3,LOS ANGELES CLIPPERS,0.363,11.6,0.46,9.6,22.0,-0.5,1.0,0.036000000000000004,advanced_2003.csv
345,345,31,9.3,0.0,-11.3,-2.1,4.8,0.1,0.0,11,91,Antoine Rigaudeau,-9.2,4.8,-0.4,-2.4,['SHOOTING GUARD'],rigauan01,1.7000000000000002,DALLAS MAVERICKS,0.14300000000000002,4.8,0.243,14.6,20.4,-0.2,-0.4,-0.192,advanced_2003.csv
346,346,36,17.4,2.3,0.8,1.4,10.1,4.0,0.255,81,2825,Clifford Robinson,-0.7000000000000001,3.3,0.4,12.4,['POWER FORWARD'],robincl02,1.7000000000000002,DETROIT PISTONS,0.27699999999999997,6.7,0.477,13.2,20.4,2.0,4.4,0.075,advanced_2003.csv
347,347,37,5.9,4.6,2.1,3.3,22.8,3.6,0.51,64,1676,David Robinson*,-1.2,11.8,2.5,17.8,['CENTER'],robinda01,1.7000000000000002,SAN ANTONIO SPURS,0.0,17.6,0.531,13.9,16.5,1.7000000000000002,6.0,0.172,advanced_2003.csv
348,348,26,7.7,0.7000000000000001,-0.6000000000000001,0.5,10.0,1.0,0.2,64,1355,Eddie Robinson,-1.1,6.3,1.2,11.5,['SMALL FORWARD'],robined01,2.3,CHICAGO BULLS,0.044000000000000004,8.2,0.531,13.2,12.9,0.5,2.2,0.076,advanced_2003.csv
349,349,30,15.5,0.7000000000000001,-1.0,-1.3,15.7,1.9,0.245,69,2591,Glenn Robinson,0.30000000000000004,3.9,1.0,16.7,['SMALL FORWARD'],robingl01,1.9,ATLANTA HAWKS,0.21100000000000002,10.0,0.519,15.2,28.8,0.7000000000000001,2.9,0.055,advanced_2003.csv
350,350,31,13.8,1.8,-0.6000000000000001,1.4,17.7,2.5,0.198,68,1303,Rodney Rogers,-2.0,5.4,-0.1,11.7,['POWER FORWARD'],rogerro01,2.0,NEW JERSEY NETS,0.29,11.5,0.483,15.5,20.3,0.5,2.3,0.08600000000000001,advanced_2003.csv
351,351,33,8.2,2.3,-3.4,0.7000000000000001,13.7,0.8,0.195,70,1344,Sean Rooks,-4.0,4.5,-0.4,7.7,['CENTER'],rooksse01,1.3,LOS ANGELES CLIPPERS,0.003,9.1,0.46,17.0,13.1,-0.5,0.4,0.015,advanced_2003.csv
352,352,30,21.1,0.5,-0.8,-2.2,9.2,1.1,0.295,82,3351,Jalen Rose,1.4,2.3,2.5,14.9,['SMALL FORWARD'],roseja01,1.1,CHICAGO BULLS,0.22699999999999998,5.8,0.508,13.7,27.4,1.0,3.6,0.052000000000000005,advanced_2003.csv
353,353,28,11.0,1.5,-0.2,1.3,20.5,3.3,0.486,79,1933,Malik Rose,-1.5,9.3,1.9,16.1,['POWER FORWARD'],rosema01,1.6,SAN ANTONIO SPURS,0.008,15.2,0.5379999999999999,18.2,22.4,0.9,5.2,0.13,advanced_2003.csv
354,354,25,32.3,0.0,-5.2,-1.1,26.3,0.0,0.0,3,4,Guy Rucker,-4.1,0.0,0.0,7.8,['POWER FORWARD'],ruckegu01,0.0,GOLDEN STATE WARRIORS,0.0,13.3,0.0,0.0,0.0,0.0,0.0,0.11699999999999999,advanced_2003.csv
355,355,22,11.7,0.9,-7.2,-2.6,8.9,0.30000000000000004,0.094,76,872,Kareem Rush,-4.6,3.3,-0.9,5.8,['POINT GUARD'],rushka01,0.6000000000000001,LOS ANGELES LAKERS,0.27899999999999997,6.1,0.447,19.9,16.1,-1.1,-0.6000000000000001,-0.033,advanced_2003.csv
356,356,32,8.2,0.4,-1.2,0.6000000000000001,14.1,1.6,0.225,70,1388,Bryon Russell,-1.8,3.7,0.0,9.1,['SMALL FORWARD'],russebr01,2.7,WASHINGTON WIZARDS,0.45799999999999996,8.9,0.46799999999999997,14.1,13.3,0.30000000000000004,1.5,0.052000000000000005,advanced_2003.csv
357,357,38,19.3,3.1,4.1,3.4,24.7,2.3,0.45399999999999996,78,1209,Arvydas Sabonis*,0.7000000000000001,8.8,2.6,20.5,['CENTER'],sabonar01,2.7,PORTLAND TRAIL BLAZERS,0.017,16.7,0.5489999999999999,14.8,19.4,1.9,4.9,0.196,advanced_2003.csv
358,358,23,14.3,0.9,-3.0,-0.7000000000000001,10.2,0.4,0.302,64,504,John Salmons,-2.4,3.7,0.2,9.5,['POINT GUARD'],salmojo01,1.8,PHILADELPHIA 76ERS,0.267,6.9,0.502,18.1,14.3,-0.1,0.6000000000000001,0.057999999999999996,advanced_2003.csv
359,359,24,8.0,4.7,-3.3,-0.6000000000000001,19.2,0.1,0.083,13,77,Soumaila Samake,-2.7,14.5,0.1,12.9,['CENTER'],samakso01,0.0,LOS ANGELES LAKERS,0.0,16.8,0.442,7.4,15.5,0.0,0.2,0.102,advanced_2003.csv
360,360,19,16.3,0.0,-1.4,3.9,14.7,0.0,0.0,5,8,Jamal Sampson,-5.3,14.6,0.0,8.4,['POWER FORWARD'],sampsja01,6.6,MILWAUKEE BUCKS,0.0,14.6,0.0,0.0,11.6,0.0,0.0,-0.066,advanced_2003.csv
361,361,25,31.9,0.0,1.6,5.7,6.5,0.1,0.0,9,37,Pepe Sánchez,-4.0,12.6,-0.1,11.0,['POINT GUARD'],sanchpe01,7.5,DETROIT PISTONS,0.0,9.6,0.0,28.6,9.1,0.0,0.0,0.042,advanced_2003.csv
362,362,23,9.3,0.9,-2.7,0.7000000000000001,13.8,0.9,0.377,75,1025,Jeryl Sasser,-3.5,7.0,-0.2,8.3,['SHOOTING GUARD'],sasseje01,2.3,ORLANDO MAGIC,0.213,10.3,0.402,13.9,12.2,-0.2,0.8,0.036000000000000004,advanced_2003.csv
363,363,21,22.5,0.4,-7.3,-1.4,6.7,0.4,0.139,22,420,Kenny Satterfield,-5.9,3.2,-1.2,5.2,['POINT GUARD'],satteke01,2.3,DENVER NUGGETS,0.17,4.9,0.35100000000000003,17.1,22.4,-0.6000000000000001,-0.8,-0.08800000000000001,advanced_2003.csv
364,364,21,26.1,0.0,-9.8,-2.3,5.8,0.0,0.111,17,82,Kenny Satterfield,-7.6,5.6,-0.2,2.6,['POINT GUARD'],satteke01,1.3,PHILADELPHIA 76ERS,0.0,5.7,0.238,27.0,14.2,-0.2,-0.2,-0.10800000000000001,advanced_2003.csv
365,365,26,15.1,0.30000000000000004,-6.1,-1.1,7.6,0.30000000000000004,0.312,27,256,Predrag Savović,-5.1,3.9,-0.5,6.0,['SHOOTING GUARD'],savovpr01,2.9,DENVER NUGGETS,0.28,5.7,0.392,16.6,22.0,-0.30000000000000004,-0.2,-0.04,advanced_2003.csv
366,366,24,9.9,1.9,-2.6,1.1,15.9,1.2,0.213,59,724,Brian Scalabrine,-3.8,6.3,-0.1,8.9,['POWER FORWARD'],scalabr01,1.2,NEW JERSEY NETS,0.231,11.1,0.48700000000000004,19.9,14.4,-0.1,1.0,0.068,advanced_2003.csv
367,367,26,8.1,0.9,-5.0,0.0,10.4,0.4,0.196,45,448,Ansu Sesay,-5.0,8.8,-0.4,6.1,['SMALL FORWARD'],sesayan01,1.7000000000000002,SEATTLE SUPERSONICS,0.0,9.6,0.40399999999999997,17.7,14.8,-0.30000000000000004,-0.1,-0.006999999999999999,advanced_2003.csv
368,368,36,17.3,1.0,-3.7,-1.3,12.5,0.7000000000000001,0.057,72,900,Brian Shaw,-2.3,2.5,-0.1,10.2,['POINT GUARD'],shawbr01,1.8,LOS ANGELES LAKERS,0.418,7.4,0.467,16.8,15.9,-0.4,0.6000000000000001,0.034,advanced_2003.csv
369,369,25,0.0,0.0,-44.9,-12.6,21.9,0.0,0.0,2,5,Paul Shirley,-32.3,0.0,-0.1,-28.0,['POWER FORWARD'],shirlpa01,0.0,ATLANTA HAWKS,0.0,11.4,0.0,0.0,36.7,-0.1,-0.1,-0.8230000000000001,advanced_2003.csv
370,370,22,8.9,0.6000000000000001,-2.6,-1.5,13.8,0.30000000000000004,0.313,36,378,Bobby Simmons,-1.1,10.3,0.6000000000000001,13.0,['SHOOTING GUARD'],simmobo01,1.4,WASHINGTON WIZARDS,0.045,12.0,0.471,5.9,16.9,-0.1,0.9,0.111,advanced_2003.csv
371,371,26,2.2,3.0,-1.3,0.1,19.9,2.0,0.486,77,1381,Brian Skinner,-1.4,11.4,2.2,15.4,['POWER FORWARD'],skinnbr01,1.8,PHILADELPHIA 76ERS,0.0,15.6,0.5740000000000001,13.4,15.1,0.30000000000000004,4.1,0.14400000000000002,advanced_2003.csv
372,372,32,4.7,0.5,-1.9,-3.3,10.2,0.1,0.9,26,141,Reggie Slater,1.4,14.9,0.4,19.2,['POWER FORWARD'],slatere01,2.2,MINNESOTA TIMBERWOLVES,0.0,12.5,0.58,11.4,25.3,0.0,0.5,0.18600000000000003,advanced_2003.csv
373,373,22,8.6,0.8,-5.6,-0.4,9.6,0.5,0.09699999999999999,36,274,Tamar Slay,-5.2,3.3,-0.5,7.1,['SHOOTING GUARD'],slayta01,2.7,NEW JERSEY NETS,0.243,6.5,0.428,15.7,21.0,-0.30000000000000004,0.0,-0.004,advanced_2003.csv
374,374,27,11.4,0.0,-10.0,-4.4,0.0,0.0,1.0,3,13,Charles Smith,-5.6,0.0,0.0,5.9,['SHOOTING GUARD'],smithch04,4.1,PORTLAND TRAIL BLAZERS,0.25,0.0,0.434,14.8,24.0,0.0,0.0,0.006999999999999999,advanced_2003.csv
375,375,27,5.1,3.5,-0.9,-0.1,15.7,1.2,0.39899999999999997,54,1117,Joe Smith,-0.9,11.6,1.9,14.3,['SMALL FORWARD'],smithjo02,0.7000000000000001,MINNESOTA TIMBERWOLVES,0.006,13.7,0.524,10.0,17.4,0.30000000000000004,3.0,0.131,advanced_2003.csv
376,376,33,10.9,0.6000000000000001,-1.0,-0.9,8.4,1.1,0.392,53,1032,Steve Smith,-0.1,2.5,1.4,12.0,['SHOOTING GUARD'],smithst01,1.4,SAN ANTONIO SPURS,0.405,5.6,0.528,11.2,17.3,0.30000000000000004,2.5,0.11699999999999999,advanced_2003.csv
377,377,29,27.6,0.30000000000000004,0.9,-0.2,8.8,2.7,0.474,82,3108,Eric Snow,1.1,2.6,5.7,15.6,['POINT GUARD'],snower01,2.2,PHILADELPHIA 76ERS,0.04,5.7,0.546,16.7,16.8,2.3,8.4,0.13,advanced_2003.csv
378,378,32,19.7,0.6000000000000001,0.5,-0.5,10.1,1.6,0.193,74,2859,Latrell Sprewell,1.0,1.8,1.6,14.3,['SMALL FORWARD'],sprewla01,1.9,NEW YORK KNICKS,0.319,5.9,0.49700000000000005,12.3,22.6,1.8,3.2,0.054000000000000006,advanced_2003.csv
379,379,28,21.7,0.8,0.7000000000000001,-2.1,8.5,1.4,0.431,70,2747,Jerry Stackhouse,2.8,2.6,5.1,18.7,['SHOOTING GUARD'],stackje01,1.3,WASHINGTON WIZARDS,0.204,5.6,0.528,11.9,27.9,1.9,6.5,0.114,advanced_2003.csv
380,380,26,2.7,2.0,-3.5,0.30000000000000004,25.6,2.6,0.314,79,1594,Vladimir Stepania,-3.9,14.9,0.30000000000000004,13.6,['CENTER'],stepavl01,1.5,MIAMI HEAT,0.0,20.1,0.45399999999999996,12.4,16.4,-0.6000000000000001,2.9,0.08900000000000001,advanced_2003.csv
381,381,21,9.1,0.8,-6.7,-1.9,9.7,0.6000000000000001,0.239,61,760,DeShawn Stevenson,-4.8,3.6,-0.7000000000000001,8.2,['SHOOTING GUARD'],stevede01,1.6,UTAH JAZZ,0.042,6.8,0.444,13.5,22.0,-0.9,-0.1,-0.009000000000000001,advanced_2003.csv
382,382,27,3.6,4.2,-6.2,0.0,16.4,0.2,0.324,47,251,Michael Stewart,-6.2,8.3,-0.1,5.9,['POWER FORWARD'],stewami01,0.4,CLEVELAND CAVALIERS,0.0,12.3,0.426,19.1,9.0,-0.30000000000000004,0.1,0.013999999999999999,advanced_2003.csv
383,383,40,46.4,0.5,2.0,-1.5,7.7,2.5,0.44799999999999995,82,2275,John Stockton*,3.6,2.8,6.5,21.0,['POINT GUARD'],stockjo01,3.2,UTAH JAZZ,0.125,5.4,0.5770000000000001,19.2,19.2,2.3,9.0,0.19,advanced_2003.csv
384,384,25,9.4,0.1,3.1,-0.9,14.0,3.3,0.255,72,2450,Peja Stojaković,4.0,2.8,6.9,19.6,['SMALL FORWARD'],stojape01,1.5,SACRAMENTO KINGS,0.39299999999999996,8.7,0.6000000000000001,8.1,22.5,3.1,10.1,0.19899999999999998,advanced_2003.csv
385,385,29,24.5,0.30000000000000004,-1.9,-1.0,10.6,1.1,0.161,59,1315,Damon Stoudamire,-0.9,3.7,0.6000000000000001,12.1,['POINT GUARD'],stoudda01,1.6,PORTLAND TRAIL BLAZERS,0.275,7.1,0.46,15.6,18.5,0.0,1.6,0.059,advanced_2003.csv
386,386,20,5.0,2.5,-1.1,0.4,20.9,3.6,0.583,82,2570,Amar'e Stoudemire,-1.6,10.9,2.6,16.2,['POWER FORWARD'],stoudam01,1.3,PHOENIX SUNS,0.012,15.9,0.53,15.3,21.5,0.6000000000000001,6.2,0.11599999999999999,advanced_2003.csv
387,387,29,27.2,0.4,-1.0,-1.4,10.5,1.3,0.22899999999999998,71,1275,Erick Strickland,0.4,2.1,1.4,13.5,['SHOOTING GUARD'],stricer01,1.6,INDIANA PACERS,0.42100000000000004,6.4,0.547,19.0,18.3,0.30000000000000004,2.7,0.10099999999999999,advanced_2003.csv
388,388,32,0.0,0.0,-12.4,-9.6,17.0,0.0,0.0,4,13,Mark Strickland,-2.7,42.3,0.0,16.3,['SMALL FORWARD'],stricma01,0.0,DALLAS MAVERICKS,0.0,29.7,0.4,16.7,20.9,0.0,0.0,0.10099999999999999,advanced_2003.csv
389,389,36,33.3,0.5,-2.2,-1.2,8.7,0.9,0.385,47,956,Rod Strickland,-1.0,2.4,0.8,15.4,['POINT GUARD'],stricro02,2.5,MINNESOTA TIMBERWOLVES,0.04,5.6,0.49200000000000005,18.9,19.0,0.0,1.7000000000000002,0.084,advanced_2003.csv
390,390,22,8.8,1.7000000000000002,-10.2,-0.5,16.9,0.2,0.036000000000000004,26,138,Bruno Šundov,-9.7,6.4,-0.6000000000000001,1.2,['CENTER'],sundobr01,2.3,BOSTON CELTICS,0.28600000000000003,11.5,0.281,13.7,22.2,-0.30000000000000004,-0.4,-0.139,advanced_2003.csv
391,391,29,23.9,0.1,-0.6000000000000001,-1.9,10.2,0.2,0.451,55,1130,Bob Sura,1.2,5.5,1.6,14.2,['SHOOTING GUARD'],surabo01,2.0,GOLDEN STATE WARRIORS,0.259,7.9,0.51,17.3,17.9,0.4,1.8,0.075,advanced_2003.csv
392,392,23,5.0,4.8,-0.9,1.0,20.3,1.7000000000000002,0.501,67,1478,Stromile Swift,-1.9,8.8,1.6,18.0,['POWER FORWARD'],swiftst01,1.9,MEMPHIS GRIZZLIES,0.004,14.6,0.542,14.2,21.2,0.4,3.3,0.10800000000000001,advanced_2003.csv
393,393,25,12.2,0.9,1.4,-1.0,11.3,1.3,0.237,52,1836,Wally Szczerbiak,2.4,3.4,3.8,17.3,['SMALL FORWARD'],szczewa02,1.3,MINNESOTA TIMBERWOLVES,0.19899999999999998,7.4,0.5670000000000001,9.8,22.0,1.6,5.2,0.135,advanced_2003.csv
394,394,26,8.8,1.1,-4.8,-1.6,11.7,1.1,0.258,67,1377,Maurice Taylor,-3.2,8.1,-0.2,11.5,['POWER FORWARD'],tayloma01,0.9,HOUSTON ROCKETS,0.004,10.0,0.472,14.4,23.3,-1.0,0.9,0.03,advanced_2003.csv
395,395,25,34.8,0.30000000000000004,1.4,-2.3,8.6,1.4,0.256,81,3081,Jason Terry,3.7,1.4,6.0,18.2,['POINT GUARD'],terryja01,2.2,ATLANTA HAWKS,0.37799999999999995,5.2,0.5489999999999999,16.4,22.6,2.6,7.4,0.11599999999999999,advanced_2003.csv
396,396,24,1.0,3.4,-5.6,-2.6,22.0,0.6000000000000001,0.758,38,513,Etan Thomas,-3.0,16.1,0.7000000000000001,15.8,['POWER FORWARD'],thomaet01,0.8,WASHINGTON WIZARDS,0.0,19.0,0.55,16.6,18.2,-0.5,1.3,0.125,advanced_2003.csv
397,397,25,11.6,0.7000000000000001,-1.8,0.4,17.7,0.7000000000000001,0.237,20,586,Kenny Thomas,-2.2,9.1,0.0,12.6,['POWER FORWARD'],thomake01,1.5,HOUSTON ROCKETS,0.0,13.5,0.469,16.0,19.7,0.0,0.7000000000000001,0.057,advanced_2003.csv
398,398,25,8.4,1.2,1.0,1.1,21.6,1.8,0.412,46,1392,Kenny Thomas,-0.1,11.6,2.1,15.8,['POWER FORWARD'],thomake01,1.7000000000000002,PHILADELPHIA 76ERS,0.0,16.5,0.539,14.8,16.5,1.1,3.9,0.134,advanced_2003.csv
399,399,30,11.3,2.8,0.9,1.8,22.2,3.0,0.179,81,2577,Kurt Thomas,-0.9,7.1,2.3,16.7,['CENTER'],thomaku01,1.7000000000000002,NEW YORK KNICKS,0.003,14.5,0.511,11.1,22.4,1.9,5.4,0.1,advanced_2003.csv
400,400,25,7.3,1.5,-2.0,-1.9,14.6,1.0,0.2,80,2358,Tim Thomas,-0.1,4.8,1.9,14.3,['SMALL FORWARD'],thomati01,1.6,MILWAUKEE BUCKS,0.28500000000000003,9.7,0.527,11.6,22.6,0.0,2.9,0.06,advanced_2003.csv
401,401,24,38.7,0.6000000000000001,-0.30000000000000004,0.2,9.9,3.1,0.201,73,2237,Jamaal Tinsley,-0.5,3.0,0.6000000000000001,13.4,['POINT GUARD'],tinslja01,2.9,INDIANA PACERS,0.299,6.5,0.46799999999999997,24.1,16.1,1.0,3.7,0.079,advanced_2003.csv
402,402,26,4.4,1.2,-3.7,-3.6,8.7,0.0,0.556,17,109,Óscar Torres,-0.1,3.0,0.2,14.7,['SHOOTING GUARD'],torreos01,1.9,GOLDEN STATE WARRIORS,0.361,5.9,0.5920000000000001,15.2,20.6,0.0,0.2,0.08800000000000001,advanced_2003.csv
403,403,25,9.7,3.1,1.1,2.7,21.3,1.7000000000000002,0.371,69,851,Robert Traylor,-1.6,14.6,0.7000000000000001,15.3,['CENTER'],traylro01,2.8,NEW ORLEANS HORNETS,0.013,17.9,0.486,16.1,17.6,0.7000000000000001,2.4,0.133,advanced_2003.csv
404,404,28,10.0,1.4,-0.1,-0.2,16.7,1.3,0.26,80,1222,Gary Trent,0.1,10.1,2.0,15.9,['SMALL FORWARD'],trentga01,1.4,MINNESOTA TIMBERWOLVES,0.005,13.5,0.5489999999999999,12.0,18.3,0.6000000000000001,3.3,0.128,advanced_2003.csv
405,405,23,12.2,0.0,0.30000000000000004,0.30000000000000004,10.1,0.2,0.17500000000000002,8,97,Jeff Trepagnier,0.0,9.2,0.1,17.5,['SHOOTING GUARD'],trepaje01,4.3,DENVER NUGGETS,0.2,9.6,0.522,15.7,23.4,0.1,0.2,0.105,advanced_2003.csv
406,406,23,1.6,4.8,-12.0,-1.2,10.3,0.0,0.5,15,86,Cezary Trybański,-10.8,8.0,-0.4,-1.4,['CENTER'],trybace01,0.0,MEMPHIS GRIZZLIES,0.0,9.2,0.28700000000000003,24.7,17.0,-0.2,-0.30000000000000004,-0.18600000000000003,advanced_2003.csv
407,407,23,3.7,2.3,-3.8,-0.4,16.2,0.5,0.43,33,543,Jake Tsakalidis,-3.4,9.3,0.30000000000000004,10.2,['CENTER'],tsakaja01,0.6000000000000001,PHOENIX SUNS,0.0,12.7,0.501,13.9,15.4,-0.30000000000000004,0.9,0.078,advanced_2003.csv
408,408,19,11.6,1.8,-5.3,-0.1,10.8,1.3,0.165,81,1320,Nikoloz Tskitishvili,-5.2,5.4,-2.3,4.9,['SMALL FORWARD'],tskitni01,1.2,DENVER NUGGETS,0.387,8.0,0.374,16.6,17.0,-1.1,-1.0,-0.035,advanced_2003.csv
409,409,23,10.9,0.7000000000000001,-2.2,-0.5,13.3,1.5,0.281,67,1175,Hedo Türkoğlu,-1.7000000000000002,3.4,1.1,12.0,['SMALL FORWARD'],turkohe01,1.1,SACRAMENTO KINGS,0.19899999999999998,8.6,0.509,10.2,18.4,-0.1,2.6,0.105,advanced_2003.csv
410,410,31,24.4,0.1,-0.30000000000000004,-2.1,9.4,1.3,0.173,73,2026,Nick Van Exel,1.8,1.9,2.6,15.6,['SHOOTING GUARD'],vanexni01,1.1,DALLAS MAVERICKS,0.375,5.7,0.51,12.1,22.8,0.9,4.0,0.094,advanced_2003.csv
411,411,27,7.2,1.0,0.0,-1.1,18.7,2.6,0.252,74,2337,Keith Van Horn,1.1,7.8,3.9,17.3,['POWER FORWARD'],vanhoke01,1.4,PHILADELPHIA 76ERS,0.185,13.2,0.556,12.4,23.2,1.2,6.5,0.133,advanced_2003.csv
412,412,27,21.7,0.1,-4.1,-1.8,6.4,0.9,0.304,80,1686,Jacque Vaughn,-2.3,1.7000000000000002,1.2,10.5,['POINT GUARD'],vaughja01,2.0,ORLANDO MAGIC,0.083,4.0,0.508,17.2,14.9,-0.9,2.0,0.057999999999999996,advanced_2003.csv
413,413,25,5.7,2.3,-0.2,0.9,15.4,1.0,0.589,65,947,Jake Voskuhl,-1.1,11.5,1.5,11.8,['CENTER'],voskuja01,1.0,PHOENIX SUNS,0.0,13.4,0.604,19.0,12.0,0.4,2.5,0.129,advanced_2003.csv
414,414,19,16.8,0.4,-5.2,-4.1,5.1,0.1,0.264,47,1385,Dajuan Wagner,-1.1,1.6,0.2,10.9,['SHOOTING GUARD'],wagneda02,1.4,CLEVELAND CAVALIERS,0.28800000000000003,3.3,0.466,11.2,23.8,-1.1,0.30000000000000004,0.011000000000000001,advanced_2003.csv
415,415,26,23.3,0.8,0.30000000000000004,0.4,16.7,4.2,0.184,78,3235,Antoine Walker,0.0,3.4,-1.6,14.6,['POWER FORWARD'],walkean02,1.9,BOSTON CELTICS,0.375,9.9,0.467,13.4,27.9,1.9,2.6,0.039,advanced_2003.csv
416,416,26,7.5,3.2,-2.6,0.8,23.1,1.4,0.369,67,1243,Samaki Walker,-3.4,10.3,0.6000000000000001,11.6,['CENTER'],walkesa01,0.8,LOS ANGELES LAKERS,0.004,16.7,0.465,15.0,13.4,-0.2,2.1,0.079,advanced_2003.csv
417,417,28,6.9,5.9,5.1,7.0,34.9,7.9,0.43200000000000005,73,2873,Ben Wallace,-1.9,11.9,2.7,17.2,['CENTER'],wallabe01,2.0,DETROIT PISTONS,0.013999999999999999,23.2,0.486,14.5,10.2,5.1,10.6,0.17600000000000002,advanced_2003.csv
418,418,20,6.1,1.7000000000000002,-3.3,0.6000000000000001,16.0,1.0,0.40399999999999997,47,571,Gerald Wallace,-3.9,7.5,-0.1,12.5,['SMALL FORWARD'],wallage01,2.1,SACRAMENTO KINGS,0.022000000000000002,12.0,0.51,17.0,20.1,-0.2,0.9,0.07400000000000001,advanced_2003.csv
419,419,28,10.2,2.2,2.4,0.4,19.6,3.4,0.249,74,2684,Rasheed Wallace,2.1,5.1,5.1,18.5,['POWER FORWARD'],wallara01,1.4,PORTLAND TRAIL BLAZERS,0.281,12.3,0.552,10.3,23.3,3.0,8.5,0.151,advanced_2003.csv
420,420,32,32.9,0.5,2.1,-0.4,12.4,1.3,0.128,66,1465,Charlie Ward,2.5,2.0,2.4,15.9,['POINT GUARD'],wardch01,2.8,NEW YORK KNICKS,0.645,7.1,0.54,17.8,16.8,1.5,3.7,0.121,advanced_2003.csv
421,421,23,25.7,0.7000000000000001,0.2,-0.1,9.6,1.0,0.22,79,1366,Earl Watson,0.30000000000000004,3.8,1.3,14.6,['POINT GUARD'],watsoea01,3.4,MEMPHIS GRIZZLIES,0.233,6.7,0.505,17.0,17.0,0.8,2.3,0.08,advanced_2003.csv
422,422,32,5.1,1.3,0.5,1.3,22.8,2.2,0.469,79,2024,Clarence Weatherspoon,-0.9,12.2,3.3,14.5,['POWER FORWARD'],weathcl01,1.8,NEW YORK KNICKS,0.0,17.4,0.522,11.2,12.8,1.3,5.5,0.131,advanced_2003.csv
423,423,29,24.6,2.2,3.8,3.1,21.1,5.3,0.247,67,2622,Chris Webber,0.7000000000000001,6.9,1.7000000000000002,20.9,['POWER FORWARD'],webbech01,2.0,SACRAMENTO KINGS,0.015,14.4,0.485,11.9,30.4,3.8,6.9,0.127,advanced_2003.csv
424,424,26,18.0,0.6000000000000001,0.7000000000000001,0.8,14.9,3.1,0.316,75,2396,Bonzi Wells,-0.1,4.9,0.9,15.7,['SHOOTING GUARD'],wellsbo01,2.8,PORTLAND TRAIL BLAZERS,0.131,9.9,0.505,16.0,25.9,1.6,4.0,0.08,advanced_2003.csv
425,425,23,16.6,0.6000000000000001,-8.2,-2.7,7.2,0.0,0.387,37,234,Jiří Welsch,-5.5,5.5,-0.4,4.5,['SMALL FORWARD'],welscji01,1.7000000000000002,GOLDEN STATE WARRIORS,0.053,6.4,0.34800000000000003,17.8,19.4,-0.4,-0.4,-0.08600000000000001,advanced_2003.csv
426,426,32,16.4,0.2,0.8,-1.2,5.9,2.5,0.22899999999999998,73,2710,David Wesley,2.0,1.6,4.5,15.1,['SHOOTING GUARD'],wesleda01,2.2,NEW ORLEANS HORNETS,0.305,3.8,0.5329999999999999,10.4,21.4,1.9,7.0,0.124,advanced_2003.csv
427,427,26,1.4,3.9,-4.0,-2.1,18.6,0.2,0.472,16,230,Jahidi White,-1.9,19.0,0.4,14.8,['CENTER'],whiteja01,0.2,WASHINGTON WIZARDS,0.0,18.8,0.523,12.3,15.0,-0.1,0.6000000000000001,0.134,advanced_2003.csv
428,428,22,15.0,1.6,-4.4,-0.5,13.3,1.8,0.196,72,1563,Rodney White,-3.9,3.1,-2.1,9.8,['SHOOTING GUARD'],whitero02,1.5,DENVER NUGGETS,0.21,7.9,0.469,18.4,24.2,-1.0,-0.4,-0.011000000000000001,advanced_2003.csv
429,429,31,29.2,0.1,-4.3,-3.4,7.2,0.5,0.218,29,762,Chris Whitney,-0.9,0.1,0.2,10.2,['POINT GUARD'],whitnch01,1.2,DENVER NUGGETS,0.49,3.5,0.484,16.1,19.9,-0.5,0.8,0.049,advanced_2003.csv
430,430,31,11.3,0.30000000000000004,-6.3,-2.0,7.7,0.2,0.136,22,290,Chris Whitney,-4.4,0.8,-0.30000000000000004,6.7,['POINT GUARD'],whitnch01,2.1,ORLANDO MAGIC,0.409,4.1,0.418,14.6,16.9,-0.30000000000000004,-0.2,-0.026,advanced_2003.csv
431,431,20,7.8,1.8,-4.0,-1.4,16.9,0.30000000000000004,0.35700000000000004,46,479,Chris Wilcox,-2.6,7.6,0.30000000000000004,12.5,['POWER FORWARD'],wilcoch01,0.8,LOS ANGELES CLIPPERS,0.0,12.3,0.528,13.8,17.7,-0.2,0.6000000000000001,0.062,advanced_2003.csv
432,432,23,18.1,0.2,-2.9,-0.8,9.6,0.2,0.358,15,364,Mike Wilks,-2.0,2.9,0.1,9.4,['SHOOTING GUARD'],wilksmi01,2.3,ATLANTA HAWKS,0.21,6.4,0.45299999999999996,14.6,13.8,-0.1,0.30000000000000004,0.042,advanced_2003.csv
433,433,23,21.0,0.7000000000000001,-3.4,-1.2,6.5,0.2,0.26899999999999996,31,324,Mike Wilks,-2.2,4.0,0.2,9.1,['POINT GUARD'],wilksmi01,1.8,MINNESOTA TIMBERWOLVES,0.26899999999999996,5.2,0.414,13.8,12.2,-0.1,0.4,0.055999999999999994,advanced_2003.csv
434,434,31,9.0,2.7,-1.0,1.3,13.9,2.4,0.29600000000000004,81,1597,Aaron Williams,-2.3,9.8,1.2,11.9,['CENTER'],williaa01,0.9,NEW JERSEY NETS,0.002,11.8,0.504,14.6,16.4,0.4,3.7,0.11,advanced_2003.csv
435,435,28,27.7,0.6000000000000001,0.1,-1.4,8.6,1.2,0.264,78,2638,Alvin Williams,1.5,2.3,4.4,16.7,['POINT GUARD'],willial02,2.2,TORONTO RAPTORS,0.161,5.3,0.508,11.2,19.7,1.4,5.5,0.10099999999999999,advanced_2003.csv
436,436,27,0.0,0.0,-17.0,-2.1,0.0,0.0,0.0,6,19,Brandon Williams,-14.9,12.5,-0.2,-10.4,['SMALL FORWARD'],willibr01,5.6,ATLANTA HAWKS,0.14300000000000002,6.0,0.14300000000000002,30.0,24.1,-0.1,-0.2,-0.392,advanced_2003.csv
437,437,30,10.4,0.6000000000000001,-0.30000000000000004,0.6000000000000001,11.8,2.6,0.466,82,2350,Eric Williams,-0.9,6.7,3.4,13.1,['SMALL FORWARD'],willier01,1.9,BOSTON CELTICS,0.191,9.2,0.5379999999999999,12.3,15.6,1.0,6.0,0.12300000000000001,advanced_2003.csv
438,438,22,29.4,0.9,-5.9,-0.9,10.8,0.1,0.182,21,167,Frank Williams,-5.0,2.1,-0.2,6.4,['POINT GUARD'],willifr02,2.2,NEW YORK KNICKS,0.485,6.3,0.39299999999999996,32.3,14.6,-0.2,-0.1,-0.035,advanced_2003.csv
439,439,27,41.8,0.30000000000000004,0.1,-3.0,8.6,0.7000000000000001,0.153,76,2407,Jason Williams,3.1,1.2,4.0,17.1,['POINT GUARD'],willija02,2.0,MEMPHIS GRIZZLIES,0.47,5.0,0.501,15.5,20.3,1.3,4.7,0.094,advanced_2003.csv
440,440,21,29.2,0.6000000000000001,-2.2,-1.4,9.3,1.3,0.235,75,1961,Jay Williams,-0.8,1.5,-0.5,12.2,['POINT GUARD'],willija03,2.3,CHICAGO BULLS,0.295,5.5,0.472,18.4,21.0,-0.1,0.8,0.02,advanced_2003.csv
441,441,29,6.7,0.8,0.8,1.3,21.2,2.5,0.525,71,2346,Jerome Williams,-0.4,10.8,2.9,15.6,['POWER FORWARD'],willije01,2.6,TORONTO RAPTORS,0.011000000000000001,15.8,0.525,13.0,14.7,1.7000000000000002,5.4,0.11,advanced_2003.csv
442,442,31,15.0,1.4,-2.0,0.5,14.3,0.30000000000000004,0.4,21,276,Monty Williams,-2.4,5.0,0.1,12.5,['SMALL FORWARD'],willimo01,2.3,PHILADELPHIA 76ERS,0.025,9.6,0.489,15.3,18.1,0.0,0.5,0.08,advanced_2003.csv
443,443,34,4.1,1.8,-4.4,-0.4,15.8,1.1,0.14400000000000002,69,872,Scott Williams,-4.0,9.2,0.1,9.7,['CENTER'],willisc01,1.6,PHOENIX SUNS,0.006999999999999999,12.5,0.44,9.3,17.6,-0.5,1.1,0.063,advanced_2003.csv
444,444,27,19.3,0.2,-1.6,-0.4,9.8,1.4,0.16899999999999998,51,1169,Shammond Williams,-1.2,1.1,0.7000000000000001,12.3,['POINT GUARD'],willish01,2.8,BOSTON CELTICS,0.47,5.3,0.512,14.4,16.9,0.1,2.1,0.08600000000000001,advanced_2003.csv
445,445,27,35.3,0.30000000000000004,-2.9,-2.9,8.4,0.5,0.187,27,712,Shammond Williams,0.0,1.9,0.4,12.5,['POINT GUARD'],willish01,1.2,DENVER NUGGETS,0.423,5.0,0.489,16.9,19.6,-0.2,1.0,0.064,advanced_2003.csv
446,446,32,7.4,1.7000000000000002,0.6000000000000001,0.5,14.6,1.5,0.147,66,1161,Walt Williams,0.0,5.0,1.0,11.7,['SMALL FORWARD'],williwa02,1.9,DALLAS MAVERICKS,0.501,9.8,0.5,8.8,15.6,0.8,2.5,0.103,advanced_2003.csv
447,447,29,10.2,1.0,-1.6,-0.7000000000000001,12.3,2.5,0.363,82,2061,Corliss Williamson,-0.9,8.3,2.4,15.7,['SMALL FORWARD'],willico02,1.2,DETROIT PISTONS,0.013,10.3,0.515,11.6,25.3,0.2,4.9,0.115,advanced_2003.csv
448,448,40,4.9,1.7000000000000002,-3.7,-0.4,18.8,1.3,0.32299999999999995,71,840,Kevin Willis,-3.3,12.0,0.2,12.5,['CENTER'],willike02,1.3,SAN ANTONIO SPURS,0.008,15.6,0.506,17.0,19.5,-0.4,1.6,0.091,advanced_2003.csv
449,449,29,7.0,0.0,-11.0,-3.5,4.8,0.0,1.0,7,24,Rubén Wolkowyski,-7.5,0.0,0.0,1.2,['POWER FORWARD'],wolkoru01,0.0,BOSTON CELTICS,0.25,2.4,0.434,14.8,13.1,-0.1,0.0,-0.051,advanced_2003.csv
450,450,24,7.5,2.6,-3.2,1.3,21.3,0.5,0.355,38,353,Loren Woods,-4.4,8.9,-0.1,9.9,['CENTER'],woodslo01,1.5,MINNESOTA TIMBERWOLVES,0.039,15.2,0.455,20.7,14.2,-0.1,0.4,0.048,advanced_2003.csv
451,451,21,6.2,0.2,-5.0,-1.4,13.7,0.4,0.16899999999999998,53,334,Qyntel Woods,-3.6,5.4,-0.1,11.2,['POWER FORWARD'],woodsqy01,2.4,PORTLAND TRAIL BLAZERS,0.076,9.6,0.505,15.4,20.7,-0.30000000000000004,0.2,0.034,advanced_2003.csv
452,452,23,14.9,1.6,4.3,2.3,12.4,4.1,0.439,69,2317,Metta World Peace,2.0,5.0,3.2,17.6,['SMALL FORWARD'],artesro01,3.6,INDIANA PACERS,0.249,8.8,0.529,12.6,22.5,3.7,7.2,0.15,advanced_2003.csv
453,453,27,6.7,1.9,-2.4,-0.5,20.0,1.5,0.311,70,1982,Lorenzen Wright,-1.9,9.8,1.0,14.4,['CENTER'],wrighlo02,1.3,MEMPHIS GRIZZLIES,0.006999999999999999,15.0,0.489,11.9,21.0,-0.2,2.5,0.061,advanced_2003.csv
454,454,21,16.8,1.9,-2.4,1.0,11.2,1.7000000000000002,0.145,59,1381,Vincent Yarbrough,-3.4,2.9,-0.7000000000000001,9.5,['SHOOTING GUARD'],yarbrvi01,2.2,DENVER NUGGETS,0.182,6.8,0.446,15.1,17.3,-0.1,1.0,0.035,advanced_2003.csv
455,455,25,4.3,1.7000000000000002,-6.8,-3.6,13.9,0.2,0.358,41,412,Wang Zhizhi,-3.1,7.2,-0.1,11.6,['CENTER'],zhizhwa01,1.0,LOS ANGELES CLIPPERS,0.29,10.6,0.485,14.2,24.0,-0.5,0.1,0.013999999999999999,advanced_2003.csv
