Rk,School,Tourney,G,W,L,W-L%,SRS,SOS,Pace,ORtg,FTr,3PAr,TS%,TRB%,AST%,STL%,BLK%,eFG%,TOV%,ORB%,FT/FGA,Opp_Pace,Opp_Ortg,Opp_FTr,Opp_3PAr,Opp_TS%,Opp_TRB%,Opp_AST%,Opp_STL%,Opp_BLK%,Opp_eFG%,Opp_TOV%,Opp_ORB%,Opp_FT/FGA
1,Abilene Christian ,1,34,27,7,0.794,-1.91,-7.34,67.2,108.6,0.336,0.345,0.565,50.3,58.5,12.9,8,0.535,15.5,28.8,0.239,67.2,93.8,0.37,0.333,0.529,49.7,47.3,8.3,7.4,0.488,21.5,27.3,0.267
2,Air Force,,32,14,18,0.438,-4.28,0.24,67.4,99.5,0.283,0.4,0.541,50.1,54.1,7,5.8,0.517,17.4,23.7,0.192,67.4,104.7,0.286,0.462,0.555,49.9,54,10.5,8.2,0.533,15.7,23.8,0.194
3,Akron,,33,17,16,0.515,4.86,1.09,68.5,100.1,0.277,0.477,0.515,48.2,50.1,8.2,8.9,0.485,15,25.3,0.195,68.5,92.9,0.297,0.382,0.481,51.8,45.1,8.2,8.7,0.452,16.6,29.3,0.194
4,Alabama A&M,,32,5,27,0.156,-19.23,-8.38,67.5,88.7,0.25,0.32,0.479,47.1,52.3,10.7,4.7,0.457,19.4,27.6,0.157,67.5,104.5,0.388,0.384,0.558,52.9,53.5,11.3,8.9,0.537,18.3,31.7,0.247
5,Alabama-Birmingham,,35,20,15,0.571,0.36,-1.52,66.6,105.2,0.315,0.346,0.536,52.7,44.3,9.3,7.5,0.511,14.8,30.4,0.212,66.6,100.9,0.314,0.445,0.526,47.3,54.7,7.6,8.4,0.49,15.7,25.4,0.23
6,Alabama State,,31,12,19,0.387,-15.6,-7.84,69.6,95.9,0.388,0.382,0.499,49,44,9.3,9.3,0.465,17.8,30.9,0.253,69.6,102.8,0.361,0.368,0.551,51,54.1,10.3,9.4,0.518,18.8,30.8,0.255
7,Alabama,,34,18,16,0.529,9.45,9.01,69.8,102.8,0.38,0.369,0.533,52,48.8,6.6,11.6,0.503,16.8,31.5,0.253,69.8,102.1,0.296,0.327,0.521,48,43.1,9.3,11.7,0.489,14.7,28,0.21
8,Albany (NY),,32,12,20,0.375,-9.38,-6.7,66.7,99.2,0.322,0.451,0.533,49.7,55.2,9,7.1,0.494,18.4,27.1,0.24,66.7,102.3,0.297,0.391,0.54,50.3,57.2,9.5,12.3,0.519,16.5,27.7,0.194
9,Alcorn State,,31,10,21,0.323,-22.08,-8.97,68.8,93.2,0.316,0.375,0.504,49.9,55.1,10.7,9.8,0.473,19.9,30.1,0.213,68.8,102.5,0.355,0.377,0.538,50.1,62.5,11.4,7.7,0.507,16.9,29.1,0.244
10,American,,30,15,15,0.5,-4.19,-7.23,67.7,104.6,0.358,0.355,0.561,50.4,51.5,10.7,11,0.532,16.7,26.1,0.25,67.7,100.2,0.348,0.304,0.52,49.6,50.2,9.2,9.2,0.482,15.5,27.3,0.248
11,Appalachian State,,32,11,21,0.344,-3.73,0.1,73.7,107.6,0.364,0.42,0.562,48.6,46.1,7.2,6.9,0.529,15.5,26.5,0.261,73.7,106.8,0.336,0.336,0.559,51.4,45.6,9.5,8.9,0.529,15.8,28.7,0.237
12,Arizona State ,1,34,23,11,0.676,10.28,6.04,72.5,105.4,0.438,0.355,0.543,52.6,51.1,8.5,9.6,0.506,16.1,31.3,0.298,72.5,99.6,0.386,0.435,0.525,47.4,54.2,8.8,8.7,0.485,16.7,26.5,0.272
13,Arizona,,32,17,15,0.531,8.32,6.32,68.6,102.6,0.333,0.376,0.526,50.5,50.1,7.5,6.6,0.49,14.7,28.4,0.24,68.6,99.7,0.35,0.369,0.538,49.5,47.8,7.8,10.6,0.509,18,25.9,0.238
14,Little Rock,,31,10,21,0.323,-4.87,-2.07,72.7,101.2,0.417,0.345,0.569,49.8,54.2,7.4,8.6,0.545,19.9,24.1,0.273,72.7,103.5,0.385,0.438,0.553,50.2,54.8,7.7,7.1,0.518,17.1,26.9,0.273
15,Arkansas-Pine Bluff,,32,13,19,0.406,-14.43,-8.18,67.3,96.3,0.417,0.341,0.522,49.4,50.8,9.9,9.5,0.484,19.1,29.1,0.282,67.3,103.7,0.441,0.33,0.548,50.6,55.7,11,9.5,0.513,17.6,29.9,0.298
16,Arkansas State,,32,13,19,0.406,-7.1,-1.23,70.2,102.6,0.379,0.372,0.525,51.5,45.6,8,11.8,0.48,16.6,33.2,0.278,70.2,107.7,0.426,0.368,0.553,48.5,50.9,8.4,9.5,0.506,15.1,29.1,0.316
17,Arkansas,,34,18,16,0.529,11.75,8.78,71.7,104.2,0.384,0.375,0.54,47,60.8,11.2,15.4,0.51,16,28.3,0.256,71.7,100.1,0.417,0.42,0.532,53,54,8.6,9,0.494,19.3,34.5,0.287
18,Army,,32,13,19,0.406,-7.57,-4.73,71.7,98.9,0.241,0.441,0.52,48.9,59.6,8.6,4.6,0.497,14.7,21.8,0.165,71.7,100.5,0.281,0.407,0.549,51.1,52.7,9.4,12.4,0.527,17.2,22.1,0.191
19,Auburn ,1,40,30,10,0.75,20.84,10.92,69.2,114.1,0.312,0.494,0.569,49.2,52.1,13.2,15.6,0.543,14.3,31.6,0.221,69.2,98.4,0.359,0.435,0.545,50.8,52.2,8.1,11.7,0.512,21.3,31.7,0.254
20,Austin Peay,,33,22,11,0.667,0.59,-4.41,71.8,113.1,0.342,0.341,0.566,51.7,46.7,10.5,9.2,0.537,14.1,33.1,0.242,71.8,100.6,0.337,0.378,0.544,48.3,51.9,7.8,7.9,0.514,19,29.1,0.234
21,Ball State,,33,16,17,0.485,3.39,1.21,71.7,103.1,0.375,0.328,0.556,51.5,47.9,9,8.8,0.523,17.7,27.7,0.263,71.7,98.3,0.299,0.349,0.504,48.5,45.4,9.3,8.7,0.47,15.4,28.1,0.21
22,Baylor ,1,34,20,14,0.588,13.38,9.26,66.5,107.6,0.323,0.408,0.538,54.1,54.4,9.2,13.8,0.512,16.4,37.6,0.219,66.5,101.4,0.365,0.382,0.525,45.9,55.6,8.9,12.6,0.491,16.1,28.9,0.249
23,Belmont ,1,33,27,6,0.818,9.12,-2.6,74.2,116.2,0.286,0.44,0.603,52.2,61.9,8.9,9.1,0.58,13.7,25.1,0.211,74.2,98.8,0.27,0.352,0.512,47.8,44.9,8.1,9.9,0.484,14.5,24.1,0.188
24,Bethune-Cookman,,31,14,17,0.452,-11.98,-9.74,74.3,98.6,0.363,0.334,0.514,52.1,53.3,10.1,8.8,0.492,18.4,34.2,0.221,74.3,96.7,0.361,0.357,0.504,47.9,55.9,9.5,10,0.467,17.6,30.2,0.246
25,Binghamton,,33,10,23,0.303,-13.92,-4.69,67.3,96.9,0.245,0.428,0.523,45.6,40.9,8.2,12.6,0.505,16.6,21.4,0.158,67.3,107,0.246,0.39,0.538,54.4,61.6,10.2,9,0.519,14.7,31.1,0.163
26,Boise State,,33,13,20,0.394,3.61,1.08,66.5,106.9,0.324,0.397,0.569,49.8,47.1,9,6.4,0.539,15.4,23.7,0.234,66.5,102.3,0.328,0.403,0.554,50.2,51.8,7.2,8.3,0.518,16.8,24.2,0.243
27,Boston College,,31,14,17,0.452,5.83,7.76,68.4,101.9,0.35,0.38,0.521,48.7,49.7,7.4,9.1,0.485,15.2,28.6,0.244,68.4,104.7,0.294,0.405,0.521,51.3,54.2,8.4,8.6,0.484,14.2,31.5,0.219
28,Boston University,,33,15,18,0.455,-6.61,-5.39,68.1,105.8,0.243,0.332,0.556,51.5,48.5,8.8,6.6,0.537,16.5,28.7,0.166,68.1,105.9,0.318,0.397,0.569,48.5,52.4,8.8,8.3,0.539,16.4,24.7,0.232
29,Bowling Green State,,34,22,12,0.647,4.24,0.86,72.8,106.9,0.354,0.357,0.535,53.5,45.2,9.1,7.7,0.507,14.2,31.1,0.237,72.8,100,0.301,0.435,0.529,46.5,47,8.9,7.2,0.5,15.8,23.8,0.209
30,Bradley ,1,35,20,15,0.571,-0.08,-0.9,66.2,100.2,0.359,0.348,0.531,50.7,52.1,8,11.6,0.497,16.7,26.9,0.248,66.2,98.3,0.351,0.398,0.518,49.3,53.3,8.4,7.4,0.477,16.4,26.2,0.254
31,Brigham Young,,32,19,13,0.594,6.15,3.31,71.9,108.5,0.399,0.364,0.566,49,54.9,8.7,8.8,0.528,13.7,23.6,0.29,71.9,104.6,0.354,0.366,0.545,51,51.1,7.9,7.2,0.507,15.5,26.8,0.26
32,Brown,,32,20,12,0.625,-0.62,-3.29,72.6,100.6,0.377,0.41,0.549,50,51.9,10.3,11,0.513,17.6,23.5,0.27,72.6,94.2,0.302,0.409,0.51,50,49.6,9.1,9.3,0.479,18.3,25.6,0.208
33,Bryant,,30,10,20,0.333,-15.19,-7.66,69.2,100.6,0.368,0.421,0.529,47.3,45,7.6,7.5,0.49,16.3,26.7,0.262,69.2,111.5,0.354,0.381,0.581,52.7,54.8,8.5,11.9,0.549,16.2,30.3,0.261
34,Bucknell,,33,21,12,0.636,0.59,-2.93,71.4,107.2,0.339,0.459,0.566,49.8,59.9,7.3,8.9,0.53,15.5,25.5,0.254,71.4,102.3,0.324,0.346,0.525,50.2,49.8,9.5,9.2,0.492,14.6,27.4,0.228
35,Buffalo ,1,36,32,4,0.889,15.56,2.62,74.5,112.8,0.327,0.436,0.561,52.4,55.3,9.8,10.1,0.535,13.8,31.8,0.225,74.5,94.7,0.315,0.363,0.509,47.6,40.6,7.1,8.5,0.474,18.1,26.3,0.221
36,Butler,,33,16,17,0.485,9.22,8.1,67.1,106.5,0.252,0.428,0.548,48.3,50.4,8.7,5.7,0.521,14.2,25.5,0.186,67.1,104.8,0.363,0.394,0.559,51.7,49.7,7.8,10.7,0.527,16.8,27.4,0.256
37,Cal Poly,,29,6,23,0.207,-13.95,-3.54,66.8,97.5,0.264,0.401,0.5,46.8,42.6,7.4,8.9,0.477,14.8,26.1,0.171,66.8,110.3,0.374,0.332,0.555,53.2,54.2,7.8,9.9,0.522,13.8,30.6,0.263
38,Cal State Bakersfield,,34,18,16,0.529,-5.12,-2.63,67.6,103.7,0.296,0.326,0.505,53.3,42.7,9.4,10.4,0.477,15.5,37.4,0.199,67.6,103.7,0.517,0.415,0.563,46.7,56.2,7.5,6.8,0.512,18.1,27.8,0.38
39,Cal State Fullerton,,34,16,18,0.471,-3.29,-1.14,70.3,100.1,0.38,0.308,0.54,50.3,46.9,8.2,8.7,0.503,16.6,23.9,0.269,70.3,99.1,0.341,0.333,0.512,49.7,48.5,7.6,6.6,0.478,14.9,25.7,0.233
40,Cal State Northridge,,34,13,21,0.382,-6.54,-3.39,72.1,105,0.321,0.308,0.536,47.9,52.9,9.1,11.3,0.516,14.5,27.7,0.205,72.1,109,0.322,0.358,0.55,52.1,52.3,8.2,7.3,0.516,14.7,31.9,0.238
41,California Baptist,,31,16,15,0.516,-3.89,-4.12,70.1,108.9,0.31,0.43,0.563,52.1,41.5,6.7,7,0.524,15.1,28.2,0.244,70.1,101.5,0.37,0.337,0.521,47.9,44.7,7.9,7,0.48,14.1,25.6,0.264
42,UC-Davis,,31,11,20,0.355,-6.26,-1.5,67,96.5,0.308,0.37,0.531,46.5,51,9.3,7,0.5,17.7,21.5,0.218,67,100.8,0.38,0.377,0.551,53.5,52.3,9.4,9.4,0.52,19,27.7,0.261
43,UC-Irvine ,1,37,31,6,0.838,5.7,-2.3,66.2,107.8,0.296,0.325,0.543,54.8,48.5,8.5,10.9,0.516,15.2,34,0.208,66.2,94.8,0.33,0.338,0.48,45.2,43.9,7.8,7.1,0.439,14.6,26.7,0.233
44,UC-Riverside,,33,10,23,0.303,-11.12,-3.19,64.3,101.1,0.237,0.416,0.541,50.5,53.7,7.7,5.4,0.521,17.6,26.9,0.162,64.3,107,0.333,0.364,0.56,49.5,54.2,8.5,6.7,0.532,14.7,24.9,0.232
45,UC-Santa Barbara,,32,22,10,0.688,-1.62,-5.55,66,110.4,0.381,0.327,0.547,54.8,52.2,7.5,9.2,0.51,14.2,34.8,0.273,66,99.3,0.313,0.36,0.513,45.2,46.8,6.6,7.8,0.482,14.7,25.5,0.215
46,University of California,,31,8,23,0.258,-3.16,5.42,68.5,99.5,0.348,0.341,0.525,44.6,45.7,10.7,10,0.486,14.8,23.3,0.251,68.5,112,0.361,0.418,0.596,55.4,55.3,7.2,8.7,0.569,17.9,31.5,0.259
47,Campbell,,33,20,13,0.606,-3.62,-4.39,68,110.7,0.31,0.478,0.571,47.8,55.6,9.7,9.9,0.537,13.4,23.7,0.235,68,103.3,0.341,0.414,0.556,52.2,50.9,8.3,6.9,0.522,17.6,27.1,0.25
48,Canisius,,32,15,17,0.469,-8.79,-4.85,68.5,101.4,0.314,0.431,0.534,47.3,58.4,9.2,9.7,0.505,16.4,27.1,0.217,68.5,107.1,0.369,0.373,0.567,52.7,48.6,7.8,9.3,0.536,17.9,31.5,0.262
49,Central Arkansas,,33,14,19,0.424,-11.37,-4.81,72,99.5,0.35,0.412,0.537,48.2,57.2,8.4,10.1,0.498,17.7,25.1,0.256,72,104.3,0.339,0.403,0.54,51.8,56.6,8.6,7.5,0.508,15.9,29.3,0.237
50,Central Connecticut State,,31,11,20,0.355,-14.02,-6.71,70.4,99.4,0.348,0.336,0.52,50.1,46.8,7.8,10.9,0.469,16.8,29.9,0.272,70.4,106.7,0.367,0.445,0.555,49.9,58.5,9.5,10,0.521,16.1,29.5,0.26
51,Central Florida ,1,33,24,9,0.727,13.37,5.58,67.3,107,0.453,0.356,0.557,51.5,53.6,8.5,12.6,0.529,15.5,29,0.294,67.3,95.5,0.292,0.384,0.482,48.5,53.5,8.5,8.1,0.454,15.3,29.2,0.189
52,Central Michigan,,35,23,12,0.657,2.79,-0.34,73.6,110.5,0.417,0.378,0.555,49.6,47.1,10.2,7.4,0.525,14,31.4,0.28,73.6,102.7,0.281,0.357,0.527,50.4,41.9,6.9,12.4,0.501,16.6,32.3,0.193
53,Charleston Southern,,34,18,16,0.529,-2.43,-4.19,71.9,104.5,0.273,0.438,0.528,51,52.6,10.7,9.9,0.505,15.3,30.9,0.185,71.9,96.1,0.31,0.422,0.535,49,55.2,9.4,8.8,0.504,20.1,26.5,0.22
54,Charlotte,,29,8,21,0.276,-8.34,-0.89,65.8,93,0.363,0.426,0.525,48.3,48.2,7.2,11.1,0.481,19.8,21.9,0.27,65.8,104.3,0.326,0.423,0.549,51.7,52.6,10.5,12.8,0.513,15.8,26.1,0.242
55,Chattanooga,,32,12,20,0.375,-7.87,-0.76,69.5,101.6,0.243,0.423,0.54,48.6,50.2,6.2,6.4,0.52,16.3,24.4,0.166,69.5,106.5,0.306,0.354,0.546,51.4,46.3,9.5,8.5,0.518,14.1,26.8,0.215
56,Chicago State,,32,3,29,0.094,-24.83,0.67,72,85.5,0.332,0.269,0.486,44.4,52.4,8.4,6.4,0.45,20.2,22.3,0.224,72,117.6,0.327,0.437,0.59,55.6,56.6,10.5,7.9,0.568,14.6,33.1,0.227
57,Cincinnati ,1,35,28,7,0.8,14.53,5.5,65,109.5,0.376,0.333,0.528,53.7,53.4,9.3,14.5,0.49,13.3,36.9,0.265,65,95.7,0.305,0.428,0.513,46.3,50.7,5.8,9.4,0.486,18.2,28.8,0.202
58,Citadel,,30,12,18,0.4,-7.94,0.03,76.7,110,0.26,0.535,0.565,47.7,51.4,8.7,10.6,0.539,14.6,27,0.191,76.7,111.4,0.304,0.474,0.573,52.3,60.6,8.8,11.3,0.55,15.3,30.5,0.213
59,Clemson,,34,20,14,0.588,13.85,8.99,67.3,102.2,0.335,0.356,0.543,52.5,49.2,9.7,13.7,0.507,17.3,27.9,0.246,67.3,95,0.3,0.396,0.513,47.5,44.5,8.3,8.3,0.476,17.6,24.5,0.219
60,Cleveland State,,31,10,21,0.323,-7.96,-1.52,71.4,103.1,0.319,0.447,0.545,47.5,57.6,7.8,8.3,0.518,16.3,26.7,0.218,71.4,109.2,0.325,0.399,0.545,52.5,54.9,9.5,10.2,0.511,14.6,32.3,0.236
61,Coastal Carolina,,34,17,17,0.5,-0.5,-1.94,71.2,108.3,0.392,0.386,0.561,52.8,50.2,8.8,7.4,0.524,16.7,32.1,0.281,71.2,103.4,0.408,0.451,0.546,47.2,53.5,9,9.2,0.507,16.3,27.2,0.29
62,Colgate ,1,35,24,11,0.686,1.23,-3.83,67.8,110.3,0.282,0.409,0.585,52.7,56.6,8.9,10,0.559,16.8,29.1,0.21,67.8,102.4,0.285,0.405,0.532,47.3,51.4,10.4,9.5,0.503,15.5,26.3,0.203
63,College of Charleston,,33,24,9,0.727,2.36,-2.95,66.3,111.3,0.338,0.367,0.581,50.4,44.1,9.8,7.3,0.545,14.1,25.4,0.259,66.3,102.8,0.265,0.431,0.548,49.6,51.6,7.8,8.2,0.519,16.9,25.8,0.195
64,Colorado State,,32,12,20,0.375,-0.11,1.41,68.9,108.1,0.318,0.397,0.572,49.8,54.5,9,6.8,0.548,15.1,24.5,0.221,68.9,108.7,0.294,0.413,0.557,50.2,53.1,8.4,6.6,0.529,14.1,26.6,0.211
65,Colorado,,36,23,13,0.639,9.68,3.6,69.4,105.6,0.372,0.349,0.553,54.6,51.7,7.2,8.3,0.51,16.7,30.7,0.28,69.4,96.9,0.311,0.375,0.511,45.4,43.1,10.1,9.1,0.484,15.5,23.6,0.206
66,Columbia,,28,10,18,0.357,-5.18,-2.14,69.4,102.3,0.219,0.381,0.542,49.7,56.9,10.8,8.3,0.521,16.2,25.6,0.155,69.4,102,0.382,0.409,0.547,50.3,48.1,8.7,8.4,0.511,17.4,26,0.27
67,Connecticut,,33,16,17,0.485,6.81,4.32,69.7,105.5,0.327,0.374,0.538,50.7,48.3,8.7,11.9,0.51,15.9,32.3,0.223,69.7,101.9,0.392,0.337,0.539,49.3,52.9,8.9,8.7,0.496,17.5,30.1,0.287
68,Coppin State,,33,8,25,0.242,-18.9,-7.11,71.9,88.5,0.377,0.46,0.492,48.8,45.9,7.1,9.5,0.454,20.5,25.5,0.251,71.9,104.8,0.336,0.401,0.534,51.2,55.3,10.3,8.5,0.502,14.6,28.4,0.234
69,Cornell,,31,15,16,0.484,-6.12,-2.02,69.6,98,0.323,0.429,0.546,46.7,60.1,8.3,8.6,0.513,17.4,18.3,0.233,69.6,100.8,0.267,0.339,0.522,53.3,43.3,8.8,11.4,0.494,15.5,27.3,0.187
70,Creighton,,35,20,15,0.571,12,8.59,70.2,109.4,0.285,0.47,0.588,50.2,57.2,9.5,7.4,0.57,16.7,24.9,0.193,70.2,102.7,0.273,0.398,0.549,49.8,51.9,8.9,10.8,0.528,17,25.9,0.186
71,Dartmouth,,30,11,19,0.367,-5.75,-3,68.3,104.5,0.249,0.412,0.552,50.4,53.9,7.6,8.7,0.527,15.6,24.3,0.179,68.3,102.4,0.262,0.339,0.541,49.6,45.4,9.1,9,0.516,14.9,23.5,0.185
72,Davidson,,34,24,10,0.706,6.38,1.96,66.1,106.8,0.277,0.466,0.562,50.9,58.6,7.8,7.7,0.532,15,23.8,0.208,66.1,98.8,0.294,0.438,0.513,49.1,54.8,7.7,7.4,0.481,14.9,24.4,0.209
73,Dayton,,33,21,12,0.636,9.67,2.91,66.2,108.9,0.321,0.345,0.583,52,60,7.4,7,0.561,16.7,26.4,0.222,66.2,98.8,0.238,0.405,0.505,48,51.7,8,8.1,0.479,14.6,27.1,0.167
74,Delaware State,,31,6,25,0.194,-26.82,-10.13,72.6,86.9,0.249,0.402,0.446,46.7,47.9,9.5,6,0.414,16.5,28.1,0.169,72.6,105.3,0.377,0.392,0.553,53.3,58.2,9.5,10.9,0.517,17.2,30.7,0.27
75,Delaware,,33,17,16,0.515,-7.91,-4.82,64.7,106.9,0.312,0.413,0.567,48.8,51.2,6.8,6.5,0.537,15.4,23.7,0.227,64.7,108.2,0.277,0.379,0.543,51.2,50.9,8.1,8.9,0.513,13.1,27.9,0.202
76,Denver,,30,8,22,0.267,-11.84,-2.97,69.1,100.3,0.267,0.361,0.537,51.5,46.9,6.8,7.9,0.504,17.4,26.7,0.203,69.1,111.5,0.282,0.435,0.585,48.5,52.1,8.5,7.2,0.561,14.3,22.9,0.204
77,DePaul,,36,19,17,0.528,6,4.05,71.7,108.6,0.361,0.328,0.562,53.7,50.8,8.7,9.7,0.527,16.3,31.8,0.262,71.7,105.9,0.309,0.432,0.563,46.3,52.2,9.4,7.6,0.532,15.8,24.6,0.226
78,Detroit Mercy,,31,11,20,0.355,-6.33,-0.36,70.4,104.4,0.31,0.44,0.53,45.7,40.7,10.9,7,0.497,14.2,28.8,0.223,70.4,112.9,0.327,0.41,0.574,54.3,67.8,8,10.1,0.544,16.8,35.8,0.239
79,Drake,,34,24,10,0.706,2.52,-0.66,69.6,106.3,0.318,0.398,0.573,51.1,57,7.5,10,0.539,16.7,24.9,0.241,69.6,99,0.294,0.364,0.513,48.9,42.3,10.2,9,0.482,14.9,25.5,0.205
80,Drexel,,32,13,19,0.406,-7.02,-2.93,70,108.3,0.307,0.352,0.557,51.9,53.1,6.4,4.9,0.522,14.8,29,0.232,70,110.5,0.302,0.342,0.567,48.1,47.2,8.7,9.4,0.546,13.3,25.6,0.204
81,Duke ,1,38,32,6,0.842,26.9,11.98,73.2,112.6,0.332,0.373,0.561,53.8,52.4,12.4,16.4,0.536,14.8,35.3,0.228,73.2,92.3,0.24,0.349,0.479,46.2,49.9,8.7,8,0.45,16.7,29.1,0.167
82,Duquesne,,32,19,13,0.594,0.53,-0.63,70.5,103.1,0.35,0.444,0.532,48.2,54.6,11,12.1,0.499,17,31.7,0.243,70.5,101.4,0.319,0.346,0.528,51.8,55.4,9.6,11.2,0.499,18.3,34.7,0.217
83,East Carolina,,31,10,21,0.323,-5.49,1.31,69.9,95.2,0.356,0.304,0.499,47.9,51,10.2,10,0.461,16.6,27.9,0.243,69.9,104.8,0.418,0.371,0.547,52.1,54.3,9.4,9.7,0.51,16.9,30.9,0.292
84,East Tennessee State,,34,24,10,0.706,5.21,-1.79,70.2,112.2,0.307,0.367,0.572,57.3,53.2,10.4,11.8,0.552,16.9,37.7,0.206,70.2,98.3,0.304,0.407,0.539,42.7,51.8,9.5,8.9,0.512,18.3,23.3,0.21
85,Eastern Illinois,,32,14,18,0.438,-11.81,-5.01,69,101.7,0.285,0.384,0.53,49.2,52.5,8.8,10.7,0.503,16.4,29.3,0.196,69,108.7,0.333,0.406,0.559,50.8,56.6,9.8,8.9,0.531,16.2,30.3,0.235
86,Eastern Kentucky,,31,13,18,0.419,-7.4,-2.47,79.9,101.3,0.321,0.392,0.523,47.5,50.8,12.5,8,0.488,15.4,27.7,0.229,79.9,101.9,0.397,0.346,0.561,52.5,51.9,8.3,9,0.525,19.8,29.8,0.285
87,Eastern Michigan,,32,15,17,0.469,0.4,4.43,66.5,102.3,0.331,0.348,0.522,51,45.1,11,13.6,0.5,17.3,35.6,0.208,66.5,102.7,0.3,0.424,0.529,49,67.9,10,8.2,0.502,17.6,33.7,0.204
88,Eastern Washington,,34,16,18,0.471,-6.77,-4.17,69.5,102.6,0.268,0.434,0.535,49.9,53.3,8.3,8.6,0.505,14.8,24.4,0.195,69.5,105.4,0.346,0.395,0.559,50.1,51.5,8.5,8.8,0.527,15.3,23.3,0.248
89,Elon,,32,11,21,0.344,-11.53,-3.56,69,101.8,0.238,0.506,0.547,48,57.6,6.1,5.3,0.526,16.6,23.6,0.165,69,109.9,0.288,0.398,0.556,52,51.8,9.8,7,0.527,13.5,27.6,0.21
90,Evansville,,32,11,21,0.344,-3.84,0.13,70.8,97.5,0.372,0.437,0.535,47.3,52.7,8.1,7.1,0.495,16.6,18.9,0.268,70.8,101.1,0.36,0.325,0.53,52.7,45.4,7.8,9.3,0.498,15.5,25.2,0.245
91,Fairfield,,31,9,22,0.29,-10.2,-7.14,68.1,98.1,0.239,0.422,0.53,47.6,52.7,9.6,6,0.507,18.2,25.8,0.166,68.1,102.6,0.401,0.356,0.56,52.4,51.5,9.5,10.7,0.526,18.9,28.6,0.282
92,Fairleigh Dickinson ,1,35,21,14,0.6,-6.09,-7.24,68.7,107.5,0.362,0.347,0.576,49.3,52.8,10.7,10.5,0.544,17.3,28.8,0.263,68.7,103.2,0.298,0.387,0.54,50.7,52.1,8.9,9.2,0.513,17.9,31.9,0.207
93,Florida A&M,,31,12,19,0.387,-13.57,-8.09,67.1,92.3,0.307,0.298,0.513,47.9,49.4,10.8,10.7,0.493,21,27.9,0.188,67.1,98.6,0.402,0.372,0.525,52.1,50.1,10.2,7.6,0.484,19,32.1,0.282
94,Florida Atlantic,,33,17,16,0.515,-1.42,-1.76,70.3,99,0.28,0.454,0.52,52.4,51.8,7.8,8.2,0.484,17.8,29.8,0.21,70.3,95.6,0.303,0.411,0.507,47.6,49.7,10.6,7.2,0.476,16.7,25.2,0.208
95,Florida Gulf Coast,,32,14,18,0.438,-5.11,-1.48,71.1,100.2,0.329,0.405,0.552,48.3,55.5,9.6,11.6,0.528,18.8,25.6,0.22,71.1,103.7,0.272,0.407,0.542,51.7,56.9,9.9,9.7,0.517,17,30.4,0.191
96,Florida International,,34,20,14,0.588,-4.55,-1.45,80.8,101.9,0.382,0.412,0.529,45.4,49.8,13.1,11.2,0.503,15.3,26,0.244,80.8,99.5,0.338,0.366,0.549,54.6,51.2,8.7,11.2,0.518,21.1,33.1,0.237
97,Florida State ,1,37,29,8,0.784,17.99,10.26,69.5,106.3,0.358,0.377,0.545,53.2,49.5,10.2,12.7,0.505,16.2,32.3,0.267,69.5,95.4,0.357,0.388,0.514,46.8,43.8,7.8,8.4,0.472,18,26.3,0.257
98,Florida ,1,36,20,16,0.556,15.42,11.22,64.7,103.7,0.299,0.433,0.53,49.2,51,10.9,11,0.498,15.4,30.6,0.216,64.7,97.3,0.336,0.381,0.515,50.8,48.3,9.4,9.1,0.481,19.2,32.1,0.233
99,Fordham,,32,12,20,0.375,-5.02,-2.4,66.4,98,0.244,0.44,0.5,47.5,47.4,8.7,9.9,0.475,14.1,25.3,0.166,66.4,99.6,0.368,0.367,0.528,52.5,61.8,8.3,8.6,0.492,17.1,27.5,0.256
100,Fresno State,,32,23,9,0.719,8.99,0.67,69.6,109.5,0.307,0.481,0.573,51,54,10.2,10.5,0.546,15.8,27.1,0.221,69.6,96.7,0.345,0.411,0.519,49,51.9,8.1,10.6,0.482,17.4,25.5,0.244
101,Furman,,33,25,8,0.758,7.46,-1.5,68.3,112,0.259,0.477,0.581,50.8,56.3,12.6,11.4,0.56,15.6,29.5,0.186,68.3,95.4,0.233,0.384,0.503,49.2,46.6,10.3,10.7,0.48,17.9,29.4,0.158
102,Gardner-Webb ,1,35,23,12,0.657,-2.61,-4.43,68.5,110.9,0.378,0.366,0.587,49.2,52.6,9.7,8.8,0.558,15,24.5,0.269,68.5,100.7,0.276,0.453,0.519,50.8,54,8.4,8.2,0.488,16.5,30,0.198
103,George Mason,,33,18,15,0.545,0.84,0.08,68.1,102.2,0.342,0.343,0.537,51.3,48.4,9,8.4,0.501,16.6,28.9,0.245,68.1,101.1,0.306,0.391,0.528,48.7,49.8,9.9,10.8,0.502,16,27.1,0.205
104,George Washington,,33,9,24,0.273,-6.65,1.2,67.5,92.8,0.326,0.343,0.493,47.4,50.3,7.5,8.3,0.458,16.3,23.3,0.223,67.5,104.2,0.302,0.402,0.535,52.6,54.7,9.9,9.1,0.512,15,28.4,0.199
105,Georgetown,,33,19,14,0.576,6.8,5.31,73.2,105.8,0.382,0.375,0.551,52,60.6,8,10.5,0.51,15.7,28.8,0.282,73.2,103.8,0.303,0.406,0.533,48,54.1,10.2,9.1,0.501,14.3,26,0.217
106,Georgia Southern,,33,21,12,0.636,3.75,0.13,75.2,109,0.355,0.312,0.575,50.8,39.8,10.2,10.6,0.549,16,28.4,0.246,75.2,99.6,0.303,0.385,0.535,49.2,48.4,7.5,7.5,0.505,18.3,28.5,0.214
107,Georgia State ,1,34,24,10,0.706,2.44,0.65,71.3,107.1,0.353,0.436,0.565,45.4,46,11.1,14,0.543,14.5,23.1,0.235,71.3,102.7,0.308,0.451,0.53,54.6,58.7,7,9.7,0.499,17.9,33.8,0.216
108,Georgia Tech,,32,14,18,0.438,6.93,8.15,68.1,95.5,0.343,0.334,0.525,48.2,57.4,10.1,14.4,0.492,18.7,25.2,0.236,68.1,97.3,0.348,0.377,0.495,51.8,61.1,10.3,9.5,0.456,16,31.6,0.24
109,Georgia,,32,11,21,0.344,5.31,8.12,70.4,100.9,0.412,0.371,0.54,52.1,54.5,8.2,12.7,0.5,19.4,32.7,0.291,70.4,104.9,0.299,0.358,0.516,47.9,45.3,10.6,9,0.485,13.2,31,0.21
110,Gonzaga ,1,37,33,4,0.892,27.79,5.01,71.7,122.2,0.353,0.353,0.62,54.7,56.8,10.5,13.9,0.59,13.1,30.4,0.269,71.7,90.4,0.259,0.349,0.474,45.3,41.4,7.6,5.8,0.442,16.5,26,0.18
111,Grambling,,34,17,17,0.5,-9.73,-9.34,71.5,99.1,0.423,0.3,0.547,50.8,50.4,7.9,11.5,0.512,19.5,26.3,0.29,71.5,95.4,0.409,0.361,0.488,49.2,51.8,9.6,8.6,0.444,15.6,28.2,0.278
112,Grand Canyon,,34,20,14,0.588,3.85,-1.49,69.6,107.3,0.332,0.387,0.551,51.8,52.7,8.7,6,0.516,15,29.1,0.243,69.6,98.7,0.3,0.355,0.529,48.2,43.4,7.8,8.2,0.498,17.3,25.3,0.214
113,Green Bay,,38,21,17,0.553,-2.24,-0.36,76.4,105.4,0.339,0.364,0.551,48.2,52.3,9.9,10.5,0.521,15.1,25.9,0.238,76.4,103.5,0.318,0.398,0.542,51.8,48.8,9.1,7.3,0.512,17,29.6,0.225
114,Hampton,,35,18,17,0.514,-3.34,-5.06,73.3,108.7,0.353,0.377,0.545,50.7,50.4,8.2,9.2,0.497,12.7,27.1,0.278,73.3,101.9,0.34,0.397,0.527,49.3,52.4,6.5,9,0.491,14.7,26.2,0.243
115,Hartford,,33,18,15,0.545,-3.95,-4.89,68,108.4,0.332,0.454,0.574,47.5,54.5,10,6,0.542,15.7,25.4,0.247,68,105.3,0.302,0.399,0.551,52.5,50.4,8.5,11.3,0.52,17,30.8,0.219
116,Harvard,,31,19,12,0.613,1.86,0.66,68.5,102.6,0.314,0.422,0.565,53.3,46.9,8,11.3,0.536,20,28.5,0.227,68.5,100.4,0.338,0.381,0.533,46.7,49.1,10.8,8.5,0.499,15.8,23.6,0.239
117,Hawaii,,31,18,13,0.581,-1.3,-3.61,67.6,106.1,0.33,0.43,0.555,51.1,60.7,7.4,5.8,0.527,15.4,26.8,0.229,67.6,100.9,0.325,0.346,0.534,48.9,45.5,8.4,7.1,0.507,15.7,24.4,0.22
118,High Point,,31,16,15,0.516,-5.63,-4.39,65.5,103,0.352,0.339,0.527,55,52.9,8.3,9.8,0.496,16.8,34.2,0.238,65.5,102.5,0.289,0.47,0.528,45,52.3,8.5,10.6,0.499,14.5,24.9,0.202
119,Hofstra,,35,27,8,0.771,4.68,-4.53,68.3,118.8,0.373,0.389,0.603,50.3,49.3,9.3,9.2,0.561,12.4,27.7,0.299,68.3,103.9,0.252,0.37,0.54,49.7,53.6,6.6,7.3,0.516,16,29.2,0.176
120,Holy Cross,,33,16,17,0.485,-6.43,-4.01,65,102.1,0.231,0.365,0.544,43.5,60.5,11.1,12.4,0.527,14.7,20.5,0.154,65,105.8,0.268,0.434,0.564,56.5,56.4,8.7,7.9,0.538,19.1,32.7,0.196
121,Houston Baptist,,30,12,18,0.4,-9.36,-5.53,75,107.3,0.418,0.31,0.542,52.2,51.9,10.2,4.5,0.509,16.3,35,0.282,75,108.1,0.346,0.342,0.591,47.8,53.3,9.7,9.2,0.56,18.4,28.1,0.256
122,Houston ,1,37,33,4,0.892,18.91,4.61,67.3,111.8,0.316,0.426,0.55,54.9,55.8,9.6,13.4,0.521,13.9,33.8,0.222,67.3,90.6,0.373,0.411,0.471,45.1,49.9,7.8,6.4,0.425,15.9,25.5,0.259
123,Howard,,34,17,17,0.5,-12.3,-9.52,74.8,104.8,0.361,0.309,0.53,48.1,49.4,7.7,11.1,0.49,14.4,29.7,0.262,74.8,103.9,0.371,0.382,0.54,51.9,53.6,7.6,6.2,0.502,17.2,32.5,0.268
124,Idaho State,,30,11,19,0.367,-13.17,-4.81,68.9,106.3,0.286,0.432,0.555,48.6,49.2,7.4,7.9,0.526,15.4,26.8,0.21,68.9,114.6,0.3,0.377,0.58,51.4,53.2,7.5,7.9,0.552,13.2,28.6,0.222
125,Idaho,,32,5,27,0.156,-18.74,-6.19,67.9,99.6,0.287,0.384,0.542,47.7,51.3,6,4.8,0.512,17.8,24.2,0.208,67.9,112.7,0.316,0.434,0.551,52.3,57.9,9.3,8.2,0.523,12,30.4,0.222
126,Illinois-Chicago,,32,16,16,0.5,-3.15,-1.99,71.5,103.2,0.279,0.455,0.561,48.4,55.3,9.1,10.6,0.54,17.6,24.8,0.19,71.5,103,0.414,0.378,0.528,51.6,54.1,8.9,9.2,0.483,15.5,30.1,0.298
127,Illinois State,,33,17,16,0.515,-2.06,0.25,67.9,100,0.286,0.389,0.526,49.5,51.8,7.2,9.7,0.495,16.3,25.5,0.205,67.9,102.5,0.327,0.407,0.542,50.5,56.1,8.6,7.4,0.51,16,25.5,0.232
128,Illinois,,33,12,21,0.364,8.95,11.53,71,101.2,0.295,0.375,0.525,47.6,51.7,10.3,7.3,0.496,16,29,0.207,71,104.8,0.424,0.354,0.564,52.4,53.2,8.1,9.7,0.522,19,31.8,0.312
129,Incarnate Word,,31,6,25,0.194,-18.93,-5.11,66.6,97.8,0.362,0.333,0.571,46.7,49.8,8.8,5.2,0.523,22,23.6,0.293,66.6,112.7,0.369,0.397,0.596,53.3,53.3,11.4,8.7,0.564,17.4,32.1,0.272
130,Indiana State,,31,15,16,0.484,-2.72,0.62,69.2,99.2,0.361,0.286,0.533,48.4,45.2,9.6,6.8,0.492,16.6,23.8,0.264,69.2,102.5,0.372,0.374,0.552,51.6,52.6,8.4,8.3,0.514,17.3,26.5,0.269
131,Indiana,,35,19,16,0.543,13.82,10.1,68.3,103.3,0.346,0.336,0.535,50.8,51,9.3,12.1,0.51,15.6,28.1,0.226,68.3,97.9,0.292,0.382,0.507,49.2,54.6,8.4,10.1,0.482,15.8,28.1,0.19
132,Iona ,1,33,17,16,0.515,-4.78,-5.5,71.4,107.4,0.368,0.445,0.568,48,50.4,9.5,7.7,0.53,15.4,24.3,0.275,71.4,106.4,0.285,0.424,0.547,52,55.4,7.6,11.2,0.523,16,29.8,0.195
133,Iowa State ,1,35,23,12,0.657,18.07,9.3,68.2,112.7,0.3,0.396,0.575,50.3,54.1,10.3,12.5,0.548,13.9,28.4,0.22,68.2,99.9,0.236,0.392,0.511,49.7,49.9,7.7,7.4,0.484,15.9,30.1,0.169
134,Iowa ,1,35,23,12,0.657,14.27,9.84,70.2,110.4,0.423,0.39,0.569,50.6,59.3,8.5,9,0.527,15.1,29.5,0.313,70.2,104.1,0.288,0.412,0.54,49.4,57.8,9.3,7.9,0.515,16,29,0.199
135,Purdue-Fort Wayne,,33,18,15,0.545,-3.47,-3.6,73.4,111.7,0.271,0.461,0.587,48.9,53,10.1,12.3,0.569,14.5,24,0.187,73.4,104.7,0.239,0.387,0.548,51.1,46.4,7.6,8.5,0.526,15.8,27.8,0.169
136,IUPUI,,33,16,17,0.485,-2.72,-3.04,71.6,106.2,0.355,0.353,0.545,53.2,52.9,9.7,8.8,0.512,16.7,34.3,0.249,71.6,102.9,0.318,0.394,0.548,46.8,52.3,9.8,10.9,0.52,17.2,27.3,0.223
137,Jackson State,,32,13,19,0.406,-14.6,-9.33,67.4,91.1,0.342,0.312,0.479,50.4,50.1,9.6,11.9,0.448,17.5,28.5,0.217,67.4,97.3,0.439,0.369,0.528,49.6,54.6,11,9.8,0.485,18.3,25.9,0.306
138,Jacksonville State,,33,24,9,0.727,1.59,-5.47,71.3,107.4,0.305,0.307,0.545,54.3,47.3,10.2,12.2,0.51,15.7,33.4,0.227,71.3,95.3,0.295,0.414,0.519,45.7,48.9,9.1,5.9,0.483,18.3,25.1,0.216
139,Jacksonville,,32,12,20,0.375,-8.27,-4.74,73.3,101.3,0.298,0.33,0.535,50.5,51.4,9,13,0.51,17.2,28.4,0.202,73.3,102,0.286,0.348,0.54,49.5,45.6,9.8,8.7,0.514,16.3,26.9,0.2
140,James Madison,,33,14,19,0.424,-8.52,-4.07,66,104.3,0.327,0.36,0.541,50.6,49.1,9.5,8.3,0.507,16.4,30.8,0.235,66,108.2,0.335,0.35,0.553,49.4,53.3,8.5,8.8,0.522,14.7,29.2,0.239
141,Kansas State ,1,34,25,9,0.735,15.39,9.18,64.9,101.3,0.306,0.384,0.52,50.9,57.6,11.6,7.7,0.493,15.2,28.4,0.204,64.9,91.7,0.307,0.429,0.511,49.1,54.5,9.6,8.2,0.482,20.3,25.6,0.207
142,Kansas ,1,36,26,10,0.722,18.35,12.79,70.3,106.5,0.325,0.349,0.555,52.1,48.3,9.5,10.9,0.526,16.1,29.9,0.229,70.3,98.7,0.278,0.418,0.507,47.9,52.7,9.3,8.9,0.478,15.4,27.8,0.191
143,Kennesaw State,,32,6,26,0.188,-16.17,-1.04,70.9,89.1,0.303,0.225,0.456,48.7,48.8,8.1,8.7,0.416,16.4,29.4,0.211,70.9,107.8,0.281,0.373,0.557,51.3,56.2,10.1,8.2,0.532,15.1,29.4,0.197
144,Kent State,,33,22,11,0.667,1.26,0.61,69.4,107.5,0.315,0.381,0.531,51,49,9.8,10.2,0.496,13.9,33.7,0.228,69.4,104.7,0.346,0.379,0.552,49,51.3,8.3,8.4,0.523,17.1,29.7,0.239
145,Kentucky ,1,37,30,7,0.811,21.43,10.29,67.3,111.9,0.419,0.296,0.571,56.9,51.2,8.8,13.4,0.53,15.9,36.4,0.31,67.3,95.5,0.268,0.386,0.498,43.1,47.9,8.6,7.8,0.466,15.7,25.2,0.189
146,La Salle,,31,10,21,0.323,-3.61,1.29,69.5,97,0.285,0.435,0.512,48.9,54.4,10.7,8.6,0.472,17.6,28.8,0.219,69.5,104.1,0.413,0.332,0.552,51.1,53,9.2,9.7,0.513,17.4,28.9,0.296
147,Lafayette,,30,10,20,0.333,-11.17,-4.93,70.4,102.8,0.245,0.412,0.554,48.3,52.2,7.4,10.8,0.527,16.8,22.6,0.182,70.4,109.4,0.307,0.356,0.566,51.7,44.6,8.8,6.5,0.54,13.9,26.3,0.218
148,Lamar,,33,20,13,0.606,-5.94,-7.22,71.3,108.7,0.416,0.336,0.549,54.9,53.3,11.8,8.4,0.514,16.7,37.2,0.286,71.3,97.2,0.339,0.378,0.537,45.1,60.1,8.8,9,0.504,19.5,26.4,0.239
149,Lehigh,,31,20,11,0.645,-2.34,-4.46,72.5,109.4,0.349,0.383,0.599,50.5,55,7.5,6.3,0.563,16.8,23.5,0.27,72.5,106.5,0.305,0.425,0.536,49.5,57.1,9.6,10.3,0.502,13.6,27.4,0.223
150,Liberty ,1,36,29,7,0.806,5.27,-3.88,65.4,112.8,0.265,0.442,0.596,51.5,55.2,9.5,8.1,0.569,15.1,25.1,0.205,65.4,93.9,0.31,0.376,0.508,48.5,45.9,8.2,8.8,0.478,18.2,24.9,0.21
151,Lipscomb,,37,29,8,0.784,9.21,-1.2,74.9,111,0.359,0.393,0.589,52.9,61.1,9.7,8,0.554,15.8,26.2,0.272,74.9,93.7,0.276,0.393,0.516,47.1,49.5,8.7,10.3,0.48,18.1,22.4,0.207
152,Cal State Long Beach,,34,15,19,0.441,-4.57,-0.44,73.3,101,0.409,0.31,0.525,48.7,45.5,8.7,7.6,0.485,16.5,29.1,0.283,73.3,102.5,0.3,0.355,0.53,51.3,48.4,10.4,8.4,0.503,16.7,31.8,0.206
153,Long Island University,,32,16,16,0.5,-8.99,-9.08,72.9,101.4,0.342,0.432,0.543,50.1,52.3,9.3,12,0.511,17.7,27.8,0.24,72.9,99.8,0.35,0.326,0.515,49.9,48.8,9.4,11.2,0.477,16.1,28.9,0.248
154,Longwood,,34,16,18,0.471,-8.43,-6.62,68.9,101.6,0.341,0.501,0.552,50.7,49.9,8.9,7.2,0.517,18,24.6,0.25,68.9,101.6,0.324,0.492,0.54,49.3,55.8,8.3,11.8,0.5,16.1,24.2,0.245
155,Louisiana,,32,19,13,0.594,-2.07,-1.51,74.8,108.2,0.35,0.405,0.553,48.5,54.1,9.4,10,0.515,15.2,29.9,0.26,74.8,106.7,0.358,0.356,0.564,51.5,45.5,8.4,7.9,0.528,17.5,31.8,0.263
156,Louisiana-Monroe,,35,19,16,0.543,0.81,-1.96,69.2,112.5,0.363,0.439,0.583,49.4,54,8.4,6.1,0.541,14.3,27.2,0.284,69.2,107,0.278,0.391,0.55,50.6,49,7.9,11.1,0.524,15.3,29.4,0.199
157,Louisiana State ,1,35,28,7,0.8,16.5,9.16,70.6,111.1,0.371,0.342,0.553,53,45.7,12.2,11.8,0.512,15.1,36.2,0.279,70.6,100.9,0.331,0.4,0.53,47,45,8.9,7.9,0.499,17.4,30.2,0.229
158,Louisiana Tech,,33,20,13,0.606,0.95,-2.31,68,105.2,0.358,0.392,0.529,50.6,52.4,8.4,10,0.501,14.6,30.2,0.235,68,98.5,0.295,0.392,0.521,49.4,56.3,8.2,9.7,0.492,17,27.8,0.203
159,Louisville ,1,34,20,14,0.588,17.28,11.04,68.4,107.4,0.349,0.437,0.553,52.4,53.6,6.3,7.9,0.509,15.2,29,0.271,68.4,98.4,0.32,0.372,0.503,47.6,47.9,8.3,10.6,0.468,14.1,25.7,0.223
160,Loyola (IL),,34,20,14,0.588,3.99,-0.16,63.7,103,0.323,0.334,0.573,50.5,56.3,10.2,7.3,0.554,17.3,19.8,0.215,63.7,95.4,0.234,0.391,0.532,49.5,51.7,9,12.5,0.508,18.7,21.3,0.166
161,Loyola Marymount,,34,22,12,0.647,2.93,0.9,65.2,102.8,0.358,0.283,0.541,52.2,56.3,11.3,10.5,0.499,16.8,29.7,0.267,65.2,95.9,0.358,0.428,0.533,47.8,65.7,8.8,9.5,0.487,19.7,25.3,0.273
162,Loyola (MD),,32,11,21,0.344,-9.13,-4.6,70.4,102.4,0.336,0.336,0.548,48.3,53.2,12.2,6.2,0.516,17.3,27.3,0.239,70.4,108.7,0.323,0.355,0.59,51.7,56,10.2,11.5,0.556,18.2,29.2,0.249
163,Maine,,32,5,27,0.156,-15.11,-4.21,64.6,94,0.262,0.374,0.512,48.8,63.1,11.3,10.8,0.49,19.1,26.2,0.17,64.6,107.3,0.385,0.477,0.578,51.2,64.7,10.9,7.1,0.547,17.5,27.2,0.273
164,Manhattan,,32,11,21,0.344,-12.89,-7.32,62.8,90.9,0.332,0.411,0.492,49,55.3,11,8.9,0.473,20.7,29.5,0.194,62.8,99.8,0.456,0.418,0.551,51,59.7,10,12,0.509,20.6,29.1,0.323
165,Marist,,31,12,19,0.387,-9.49,-7.53,65.6,101.8,0.322,0.41,0.549,48.8,51,8.4,6.2,0.523,16.9,24.2,0.22,65.6,104.8,0.359,0.478,0.56,51.2,56.2,8.5,10.2,0.53,17.1,26.3,0.252
166,Marquette ,1,34,24,10,0.706,14.78,6.96,70.7,108.2,0.351,0.417,0.572,53,51.1,6.9,11.2,0.535,16.9,29.1,0.266,70.7,97.2,0.359,0.356,0.5,47,51,9.7,8.9,0.463,14.5,26.2,0.244
167,Marshall,,37,23,14,0.622,-0.64,-0.61,76.3,104.5,0.305,0.447,0.549,44.8,50.3,11.7,11.2,0.519,14.3,22.2,0.221,76.3,104.5,0.324,0.353,0.552,55.2,44.4,8.4,7.3,0.52,18,31.5,0.232
168,Maryland-Baltimore County,,34,21,13,0.618,-5.85,-5.85,65.8,99.7,0.303,0.426,0.53,50.3,55.2,11.6,9.2,0.502,16.5,25.5,0.209,65.8,94.5,0.319,0.493,0.533,49.7,53.9,8.4,8.1,0.5,20.7,23.9,0.228
169,Maryland-Eastern Shore,,32,7,25,0.219,-24.21,-7.91,65.5,87.1,0.287,0.358,0.473,45.4,54.2,8.8,7.3,0.441,18.2,23.5,0.193,65.5,108.9,0.369,0.444,0.565,54.6,59.7,9.8,9.3,0.538,16.7,31.2,0.252
170,Maryland ,1,34,23,11,0.676,16.01,10.09,66.6,107.3,0.328,0.37,0.55,56,52.1,6.5,13.4,0.514,16.5,34,0.244,66.6,98.4,0.266,0.394,0.493,44,51.9,10.4,9.8,0.459,12.3,24.7,0.193
171,Massachusetts-Lowell,,32,15,17,0.469,-8.28,-6.95,71.9,106,0.345,0.389,0.57,49.8,57.1,7.8,6.8,0.539,17.2,27.2,0.248,71.9,104.4,0.325,0.356,0.539,50.2,46.8,9.9,9.8,0.507,15.7,29.3,0.23
172,Massachusetts,,32,11,21,0.344,-3.02,-0.18,68.4,102.6,0.313,0.4,0.538,52,57.9,7,8,0.511,17.5,31.3,0.214,68.4,106.7,0.414,0.348,0.555,48,59.9,9.7,10.4,0.512,14.9,26.9,0.303
173,McNeese State,,31,9,22,0.29,-14.41,-6.15,68.4,100.9,0.386,0.327,0.542,50.6,56.4,6.9,8.8,0.504,18.5,30.4,0.275,68.4,108.2,0.268,0.4,0.555,49.4,56,10.2,7.7,0.528,15.5,29.9,0.196
174,Memphis,,36,22,14,0.611,10.7,5.09,75.5,105.3,0.373,0.361,0.547,51.2,54.6,10.5,11,0.511,17,32.9,0.266,75.5,98,0.375,0.394,0.524,48.8,58.1,10.3,11.4,0.486,18.6,30.5,0.263
175,Mercer,,31,11,20,0.355,-2.86,-0.24,69.1,104.5,0.371,0.38,0.547,49.2,49.9,9.6,8.5,0.516,16.5,29.1,0.255,69.1,104.4,0.334,0.47,0.547,50.8,54.6,9.5,11.1,0.521,17.7,31.5,0.225
176,Miami (FL),,32,14,18,0.438,9.39,8.7,68.5,104.3,0.308,0.435,0.541,47.7,51.3,9.6,8.7,0.507,14.9,25.8,0.226,68.5,103.3,0.227,0.394,0.544,52.3,53.4,8.3,8.7,0.52,17.3,29.7,0.165
177,Miami (OH),,32,15,17,0.469,0.77,2.31,68.8,102.6,0.339,0.45,0.529,52,44.9,8.8,8.1,0.494,16.1,29.8,0.24,68.8,101,0.333,0.411,0.532,48,49.2,8.9,10.1,0.501,15.5,24.3,0.23
178,Michigan State ,1,39,32,7,0.821,24.93,12.34,68.1,113.1,0.336,0.378,0.585,56.1,66.8,7.5,13.7,0.552,16,33.2,0.253,68.1,94.8,0.275,0.372,0.471,43.9,51.9,9.1,8.4,0.439,12.9,25.7,0.187
179,Michigan ,1,37,30,7,0.811,21.82,10.55,65.4,106.5,0.275,0.399,0.542,50.7,54.4,9.3,10.3,0.516,12.3,23.9,0.193,65.4,89.2,0.241,0.301,0.467,49.3,45.8,6.1,9.6,0.441,15.8,24.1,0.16
180,Middle Tennessee,,32,11,21,0.344,-6.09,1.44,70.3,95.2,0.297,0.35,0.505,52.3,45.2,8.5,7.6,0.476,19.5,32.1,0.201,70.3,102.9,0.332,0.404,0.534,47.7,52.5,10.9,8.6,0.501,15.4,26.9,0.235
181,Milwaukee,,31,9,22,0.29,-8.9,-2.5,68.9,100,0.279,0.38,0.521,49.3,46.5,6.8,9.4,0.485,15.6,26,0.208,68.9,107.9,0.352,0.451,0.547,50.7,53.5,8.3,9.5,0.515,13.4,27.5,0.247
182,Minnesota ,1,36,22,14,0.611,12.52,11.27,67.9,103.7,0.416,0.296,0.521,51.2,59,7.1,10.1,0.482,14.6,30.9,0.283,67.9,101.8,0.282,0.339,0.523,48.8,50.8,8.5,10.9,0.495,14.7,27.9,0.195
183,Mississippi State ,1,34,23,11,0.676,15.96,9.07,68.6,111.9,0.326,0.391,0.574,52.8,51.4,11.7,14,0.546,16.5,34.6,0.234,68.6,102,0.321,0.366,0.536,47.2,50.6,8.5,10.1,0.503,17,29.4,0.23
184,Mississippi Valley State,,32,6,26,0.188,-22.47,-6.99,70.6,90.7,0.336,0.288,0.461,47.6,49.5,7.8,5.8,0.424,15.7,28.9,0.222,70.6,110.1,0.316,0.377,0.561,52.4,54,8.4,9.6,0.536,15,30.8,0.219
185,Mississippi ,1,33,20,13,0.606,12.32,8.13,69.2,108.4,0.309,0.399,0.568,51.1,54.2,10.2,9.6,0.531,16,30.1,0.242,69.2,102.4,0.335,0.345,0.542,48.9,55.2,8.9,9.8,0.51,17.9,29.2,0.236
186,Missouri-Kansas City,,32,11,21,0.344,-6.61,-1.55,68.6,100.3,0.329,0.406,0.535,45.4,45.3,10.5,8,0.504,15.9,23.7,0.23,68.6,105.8,0.366,0.363,0.562,54.6,51.4,7.8,9.8,0.531,18.3,31.6,0.258
187,Missouri State,,32,16,16,0.5,-1.2,-1.03,66.5,103.2,0.366,0.379,0.548,49.7,45.7,10.3,12.1,0.517,16.1,26.1,0.253,66.5,100.9,0.353,0.368,0.558,50.3,51.9,8.6,9,0.525,19.2,25.3,0.253
188,Missouri,,32,15,17,0.469,8.6,9.16,66.1,100.9,0.298,0.412,0.534,52.8,46.7,7,5.2,0.505,18.2,31.8,0.21,66.1,101.7,0.38,0.407,0.534,47.2,50.1,9.1,11.3,0.494,16,25.7,0.273
189,Monmouth,,35,14,21,0.4,-10.66,-4.83,68.5,94.1,0.404,0.295,0.501,50,47.7,9.8,11.1,0.458,18,29.1,0.277,68.5,102.5,0.432,0.514,0.55,50,58.8,10,9.7,0.511,18.5,28.4,0.302
190,Montana State,,32,15,17,0.469,-7.91,-5.81,71.6,109.2,0.346,0.435,0.571,49.6,57.2,7.4,4.3,0.537,15.2,26.1,0.255,71.6,111.3,0.289,0.445,0.588,50.4,53.4,8.2,7,0.567,15.4,25.7,0.203
191,Montana ,1,35,26,9,0.743,1.5,-5.05,68.6,110.6,0.313,0.385,0.585,51.8,52.3,9.5,8.8,0.564,15.4,26.6,0.216,68.6,99.5,0.36,0.365,0.537,48.2,45.3,8.1,8,0.494,17.5,24.5,0.27
192,Morehead State,,33,13,20,0.394,-7.73,-1.76,70.6,103.2,0.328,0.382,0.528,48.8,51.5,7.9,10.8,0.494,14.9,29,0.231,70.6,108,0.28,0.374,0.553,51.2,50.1,8.3,12.8,0.523,15.6,30.6,0.208
193,Morgan State,,30,9,21,0.3,-15.98,-10.7,73.9,96.7,0.348,0.271,0.483,47.2,47.8,10.3,4.4,0.439,15.2,31.8,0.248,73.9,103.1,0.397,0.372,0.562,52.8,53.4,7.7,11.5,0.533,20.5,34.3,0.268
194,Mount St. Mary's,,31,9,22,0.29,-14.57,-6.02,69.5,97.1,0.338,0.412,0.513,47.4,48.3,6.8,9.7,0.481,16.8,26.4,0.23,69.5,106.1,0.335,0.389,0.547,52.6,54.6,8.9,9.5,0.513,15.8,30.8,0.241
195,Murray State ,1,33,28,5,0.848,8.96,-3.11,71.8,115.1,0.335,0.364,0.586,52.1,59.8,10.5,11.5,0.557,14.7,31.3,0.246,71.8,95.1,0.274,0.354,0.495,47.9,45.2,8.4,9.2,0.461,16.9,29.6,0.197
196,Navy,,31,12,19,0.387,-10.09,-4,68.3,97.3,0.305,0.368,0.504,52.4,54.5,7.9,5.7,0.468,17.6,31.5,0.218,68.3,106.2,0.297,0.429,0.553,47.6,62,10.8,11.9,0.521,14.8,25.3,0.22
197,Omaha,,32,21,11,0.656,-2.32,-3.39,70,111.7,0.237,0.36,0.568,49.2,43.1,8,5.7,0.546,12,24.9,0.171,70,108.7,0.263,0.44,0.575,50.8,48.5,6.6,8.6,0.549,15.4,25.1,0.196
198,Nebraska,,36,19,17,0.528,14.85,11.31,67.2,106.5,0.325,0.375,0.525,48.5,50.9,10.7,11.1,0.493,12.3,28.6,0.227,67.2,99.7,0.295,0.343,0.511,51.5,48.6,7.1,9.9,0.478,16.5,31.5,0.209
199,Nevada-Las Vegas,,31,17,14,0.548,1.58,0.48,69,105.5,0.349,0.402,0.527,53.3,50.7,8.5,9.6,0.495,15.7,35.1,0.239,69,103.9,0.316,0.341,0.539,46.7,49.4,9.1,6.9,0.51,15.4,27.3,0.219
200,Nevada ,1,34,29,5,0.853,16,2.68,70.7,113.2,0.408,0.428,0.57,51.8,53.9,8.8,11.2,0.537,12.9,27.1,0.289,70.7,94.4,0.28,0.399,0.505,48.2,51.7,6.6,7.4,0.477,17,24.7,0.189
201,New Hampshire,,29,5,24,0.172,-18.66,-6.03,67.1,89.5,0.232,0.475,0.474,47.7,52.2,6,5.5,0.455,16.2,23.2,0.142,67.1,102.3,0.384,0.383,0.542,52.3,41.9,8,8.7,0.507,15.6,23,0.268
202,New Mexico State ,1,35,30,5,0.857,10.05,-2.38,68.3,113.9,0.341,0.467,0.562,57.2,53.4,8.2,8.1,0.538,14.7,36.7,0.231,68.3,94.1,0.325,0.401,0.52,42.8,39.2,7.2,5.9,0.486,17.5,20.8,0.228
203,New Mexico,,32,14,18,0.438,-0.55,1.61,74.5,102.5,0.387,0.438,0.536,50.2,54.8,9.2,8.4,0.498,16.6,28.7,0.271,74.5,103,0.368,0.337,0.543,49.8,56.3,9.4,9.7,0.511,16.2,27.3,0.252
204,New Orleans,,33,19,14,0.576,-8.88,-6.47,71.1,99.7,0.351,0.292,0.526,49.7,57.7,11.9,10.9,0.493,18.6,32.9,0.243,71.1,97.3,0.376,0.339,0.53,50.3,54.4,11,10.1,0.492,20.8,32.8,0.265
205,Niagara,,32,13,19,0.406,-11.33,-7.77,70.4,102.6,0.333,0.391,0.53,49.8,43.1,5.7,10.4,0.492,15.1,26.6,0.245,70.4,107.6,0.253,0.373,0.558,50.2,50.8,8,8.6,0.534,14.3,25.6,0.181
206,Nicholls State,,31,14,17,0.452,-11.87,-6.98,71.2,101.6,0.218,0.461,0.535,45.7,53,9.3,10.4,0.506,15.4,24.3,0.168,71.2,103.5,0.339,0.34,0.53,54.3,55.2,6.7,9.8,0.496,16.4,32.6,0.238
207,NJIT,,35,22,13,0.629,-3.63,-4.74,69.2,101.4,0.383,0.373,0.547,48.6,44.3,9.1,7.4,0.508,15.7,21.3,0.276,69.2,98.5,0.294,0.376,0.516,51.4,50.3,8,10,0.489,16,26,0.198
208,Norfolk State,,36,22,14,0.611,-8.04,-8.74,71.8,101.3,0.386,0.37,0.539,50.2,50.8,8.4,13,0.501,17.5,28.1,0.274,71.8,95.6,0.412,0.418,0.515,49.8,57,6.7,9,0.477,18.8,28.1,0.276
209,North Alabama,,32,10,22,0.313,-11,-1.69,71.1,94,0.323,0.421,0.486,49.4,44.9,9.2,6.5,0.451,16.5,27.5,0.218,71.1,103.3,0.386,0.37,0.552,50.6,51.6,9,13.2,0.517,16.1,25,0.271
210,North Carolina-Asheville,,31,4,27,0.129,-19.81,-2.35,64.2,92.9,0.269,0.422,0.506,46.5,50.5,9.8,9,0.471,19.9,29.1,0.199,64.2,115.8,0.348,0.437,0.583,53.5,66.2,10.6,11.1,0.556,15.6,35.3,0.248
211,North Carolina A&T,,32,19,13,0.594,-11.24,-9.88,67.9,102.3,0.305,0.361,0.545,47.8,54.8,9.8,9.2,0.522,16.9,27.4,0.203,67.9,100.9,0.312,0.37,0.519,52.2,54.9,8.7,9.6,0.485,17.6,33.6,0.22
212,North Carolina Central ,1,34,18,16,0.529,-11.53,-11.24,68.5,104,0.334,0.361,0.545,54.8,60.2,8.9,7.5,0.512,18.8,35.1,0.239,68.5,97,0.305,0.352,0.518,45.2,53.2,8.5,10,0.491,17.1,26.2,0.205
213,North Carolina-Greensboro,,36,29,7,0.806,4.08,-0.9,69.9,108.5,0.305,0.375,0.548,50.7,45.4,12.5,11.5,0.521,14.5,31.4,0.212,69.9,96.8,0.317,0.387,0.536,49.3,47.2,8.2,7.7,0.505,20.6,29,0.224
214,North Carolina State,,36,24,12,0.667,14.94,6.22,71.8,110.7,0.285,0.358,0.547,53,50.8,9.9,10.3,0.52,14.6,35.8,0.202,71.8,98.7,0.388,0.343,0.532,47,52.1,8.6,10.1,0.494,18.8,28.6,0.273
215,North Carolina-Wilmington,,33,10,23,0.303,-8.1,-2.04,70.2,107.3,0.339,0.375,0.545,52.4,56.3,6.4,6,0.509,15.9,32.2,0.248,70.2,113.9,0.32,0.43,0.584,47.6,48.5,8.8,6.1,0.556,13,26,0.234
216,North Carolina ,1,36,29,7,0.806,23.94,11.35,75.9,112.7,0.302,0.358,0.56,56.6,60.6,9.2,9.5,0.529,14.6,34.8,0.224,75.9,96.1,0.284,0.438,0.517,43.4,54.2,8.8,11,0.489,16.4,22.4,0.193
217,North Dakota State ,1,35,19,16,0.543,-4.01,-2.07,66.8,108.5,0.318,0.472,0.576,48.7,46,6.8,6.6,0.54,14.2,20.6,0.247,66.8,107.9,0.259,0.353,0.554,51.3,45.2,7.7,9.4,0.525,13,24.5,0.194
218,North Dakota,,30,12,18,0.4,-8.78,-3.55,71.5,103.5,0.272,0.365,0.555,48.9,48.4,8,7.3,0.532,16,22.6,0.189,71.5,102.4,0.274,0.336,0.545,51.1,43.2,9.8,5.8,0.509,15.9,24.7,0.213
219,North Florida,,33,16,17,0.485,-3.47,-0.7,74,101.3,0.268,0.445,0.547,49.8,57.6,8.6,10.8,0.524,19.1,30.3,0.185,74,103.2,0.291,0.292,0.515,50.2,55.9,12.4,9.4,0.484,14.8,32.3,0.203
220,North Texas,,33,21,12,0.636,-0.25,-3.48,67.5,103,0.279,0.439,0.532,53.2,51.5,9.4,7.9,0.509,17,31.5,0.186,67.5,92.9,0.37,0.37,0.5,46.8,49,9.6,12.3,0.465,17.8,25.2,0.247
221,Northeastern ,1,34,23,11,0.676,3.95,-0.7,66.3,111.7,0.343,0.464,0.597,49.7,54.5,9.2,6,0.565,15.1,22.5,0.258,66.3,104.8,0.278,0.359,0.55,50.3,45.3,8.1,7.4,0.521,14.9,24.5,0.204
222,Northern Arizona,,31,10,21,0.323,-10.75,-6.23,70,103.4,0.338,0.412,0.536,48.7,48.5,9,6.3,0.503,15,25.7,0.238,70,109.8,0.297,0.436,0.573,51.3,54,7.8,8.3,0.55,14.8,26.4,0.208
223,Northern Colorado,,32,21,11,0.656,-3.92,-6.76,68.7,110.1,0.345,0.462,0.573,52.1,49.7,7.9,8,0.546,15.7,28.6,0.242,68.7,100.2,0.273,0.311,0.536,47.9,44.4,9.2,10,0.507,16.4,24.5,0.196
224,Northern Illinois,,34,17,17,0.5,2.58,1.11,68.4,106.5,0.272,0.322,0.556,50.9,39.8,8,7.2,0.529,15.2,26.6,0.199,68.4,102.6,0.383,0.449,0.544,49.1,56,7.3,7.3,0.513,16.4,25.6,0.259
225,Northern Iowa,,34,16,18,0.471,-1.54,0.62,65.8,99,0.291,0.429,0.527,50,48.1,7.4,6.7,0.491,15.8,23.1,0.217,65.8,99.6,0.317,0.383,0.538,50,48.9,9.9,7.8,0.504,16.6,22.2,0.228
226,Northern Kentucky ,1,35,26,9,0.743,4.67,-2.39,70,111.3,0.354,0.412,0.574,53.2,60.5,8.8,11.5,0.553,15.6,30.6,0.236,70,97.7,0.348,0.392,0.52,46.8,51.3,8.4,11.1,0.481,16.8,25.3,0.251
227,Northwestern State,,31,11,20,0.355,-17.06,-5.99,70.7,92.8,0.337,0.361,0.494,47.8,46.9,8.7,12.1,0.458,19.3,29.9,0.23,70.7,103.2,0.357,0.374,0.534,52.2,56.3,11,10.3,0.501,17.1,33.4,0.245
228,Northwestern,,32,13,19,0.406,9.97,9.16,66.8,97.8,0.302,0.407,0.505,48.4,61.4,8.2,11.1,0.466,14.3,24.3,0.222,66.8,96.6,0.34,0.32,0.506,51.6,56.5,8.5,9.6,0.467,15.8,26.3,0.243
229,Notre Dame,,33,14,19,0.424,7.97,8.28,66.4,103.3,0.301,0.437,0.502,48.4,54.5,8.2,11.7,0.462,11.9,29,0.224,66.4,103.8,0.218,0.367,0.514,51.6,49.1,7.4,8.6,0.49,14,31.1,0.155
230,Oakland,,33,16,17,0.485,-2.27,-1.48,69.9,109.4,0.357,0.439,0.583,47.4,67.1,8.2,7.8,0.549,16.4,25.2,0.265,69.9,108.6,0.275,0.368,0.554,52.6,55.7,9.2,9.3,0.526,15,31.7,0.201
231,Ohio State ,1,35,20,15,0.571,13.89,11,66.7,103.2,0.337,0.401,0.54,50.9,58.9,8.8,7,0.503,16.4,27.6,0.247,66.7,98.9,0.318,0.374,0.522,49.1,50.1,9.3,9.2,0.483,16.1,25.8,0.235
232,Ohio,,31,14,17,0.452,-1.84,3.16,71.5,96.9,0.328,0.344,0.512,50.8,56.2,8.9,10.1,0.488,17.4,29,0.207,71.5,102,0.307,0.391,0.536,49.2,51.4,10.6,6.1,0.506,16.3,26.8,0.217
233,Oklahoma State,,32,12,20,0.375,8.09,11.53,67.1,101,0.306,0.419,0.529,48.6,55.5,8.5,13.1,0.501,15.8,26.4,0.21,67.1,106.1,0.315,0.423,0.54,51.4,55.1,8.7,10.4,0.503,15.2,29.4,0.235
234,Oklahoma ,1,34,20,14,0.588,15.3,12.21,69.3,102.5,0.313,0.331,0.534,50.2,48.7,8.6,8.3,0.504,15,25.6,0.218,69.3,98,0.231,0.413,0.498,49.8,49.8,9.5,9.5,0.475,14.9,27.8,0.156
235,Old Dominion ,1,35,26,9,0.743,3.74,-1.18,65.6,100.2,0.289,0.373,0.499,53.2,53.3,8.6,14.3,0.471,15,31.8,0.192,65.6,92.7,0.324,0.405,0.489,46.8,52.9,7.4,6.8,0.456,16.3,24.4,0.216
236,Oral Roberts,,32,11,21,0.344,-9.34,-1.91,69.1,104.2,0.263,0.392,0.549,52.1,50.8,6.8,9.4,0.527,17.5,30.3,0.181,69.1,111.8,0.327,0.397,0.57,47.9,56.6,9.8,7.9,0.536,13,26,0.245
237,Oregon State,,31,18,13,0.581,7.84,4.29,67.2,108.3,0.368,0.366,0.56,51.7,58.1,8.8,14.9,0.522,15.9,30.6,0.273,67.2,103,0.335,0.374,0.529,48.3,52.2,8.9,7.7,0.502,15.3,28.9,0.224
238,Oregon ,1,38,25,13,0.658,13.95,6.13,65.5,106.2,0.294,0.395,0.549,51.1,52.3,11.6,14.6,0.52,15.4,29.1,0.212,65.5,94.4,0.339,0.454,0.502,48.9,55.1,7.9,8,0.464,18.2,28.2,0.238
239,Pacific,,32,14,18,0.438,-2.46,1.97,66.7,99.4,0.415,0.337,0.531,51.1,45.8,9.3,5,0.481,17.4,27,0.309,66.7,104.2,0.413,0.434,0.574,48.9,49,8.8,11,0.542,17.8,22.8,0.29
240,Penn State,,32,14,18,0.438,12.55,11.51,68.2,101,0.323,0.365,0.509,51.6,49.2,11.1,10.4,0.475,15.4,31.6,0.224,68.2,99.5,0.341,0.333,0.535,48.4,49.9,9.8,9.2,0.499,17.4,25.9,0.245
241,Pennsylvania,,31,19,12,0.613,2.04,-0.76,69.1,102.9,0.282,0.444,0.548,49.8,56.6,9.6,6.1,0.531,16.1,24.7,0.18,69.1,96.8,0.256,0.328,0.513,50.2,40.5,9.1,8.6,0.487,16.8,25.7,0.175
242,Pepperdine,,34,16,18,0.471,0.9,0.63,70.7,106.3,0.357,0.42,0.564,47.4,55.4,9.5,8.2,0.524,15.9,24.9,0.271,70.7,104.5,0.357,0.397,0.563,52.6,55.4,8.7,9.6,0.534,18.4,29.3,0.251
243,Pittsburgh,,33,14,19,0.424,7.88,6.69,68.6,101.1,0.423,0.369,0.521,50,50.3,10,11.1,0.479,16.8,32.1,0.295,68.6,99.4,0.329,0.406,0.515,50,58.8,9.5,15.1,0.477,18,32.7,0.236
244,Portland State,,32,16,16,0.5,-8.95,-5.78,72.2,106.3,0.371,0.381,0.522,54.7,50.7,11.3,11.5,0.483,15.9,38.8,0.26,72.2,103.3,0.435,0.36,0.563,45.3,54.5,8.2,8.7,0.525,18.3,26.6,0.308
245,Portland,,32,7,25,0.219,-10.8,0.51,68.4,94.2,0.391,0.389,0.513,46.3,52.2,7.9,11.1,0.477,17.3,21.1,0.262,68.4,108.2,0.337,0.407,0.552,53.7,61,9.3,10.4,0.52,14.2,28.9,0.241
246,Prairie View ,1,35,22,13,0.629,-7.29,-9.17,72.5,103.5,0.425,0.341,0.53,46.7,49.3,12.2,4.6,0.493,15.2,29.8,0.289,72.5,100.4,0.464,0.36,0.553,53.3,51.6,6.9,11.2,0.514,21.7,34.1,0.321
247,Presbyterian,,36,20,16,0.556,-3.56,-5.35,69.6,112,0.313,0.481,0.57,49.4,58.5,8.5,5.8,0.541,12.7,25.3,0.228,69.6,103.7,0.327,0.418,0.549,50.6,50.2,6.8,8.6,0.52,16.6,25.7,0.23
248,Princeton,,28,16,12,0.571,-3.43,-0.89,69.8,98.4,0.301,0.408,0.511,50.4,43.1,8.5,6.9,0.473,15.7,26.3,0.223,69.8,98.5,0.288,0.362,0.523,49.6,43.4,9.3,11.4,0.49,15.7,24.3,0.209
249,Providence,,34,18,16,0.529,8.29,6.71,68.8,101.9,0.391,0.35,0.519,51.1,58.8,10.6,11.3,0.48,16,31.7,0.27,68.8,99.6,0.328,0.374,0.533,48.9,51,9.8,8.4,0.497,17.7,27.9,0.239
250,Purdue ,1,36,26,10,0.722,21.4,11.99,66.1,114.4,0.299,0.455,0.563,53.7,53.6,9.1,12.6,0.536,13.5,33.8,0.215,66.1,100.4,0.317,0.432,0.527,46.3,53.5,7.4,11.6,0.49,16.3,26.5,0.232
251,Quinnipiac,,31,16,15,0.516,-6.78,-8.03,67.6,106.9,0.373,0.534,0.563,50.8,53.2,7.4,5.2,0.528,16.9,29.2,0.271,67.6,105.1,0.27,0.369,0.528,49.2,45.4,8.6,11.5,0.507,13.6,28.7,0.176
252,Radford,,33,22,11,0.667,1.28,-1.95,66.5,110.4,0.266,0.388,0.559,52.7,52.3,8.9,10.1,0.534,14.1,29.9,0.19,66.5,101.7,0.3,0.447,0.542,47.3,50.1,6.7,8.8,0.51,16.3,24,0.218
253,Rhode Island,,33,18,15,0.545,2.83,1.19,68.2,100.8,0.368,0.321,0.51,51.2,48.8,10.3,11.4,0.474,15.3,31.2,0.25,68.2,98.4,0.357,0.377,0.527,48.8,52.6,8.4,8.9,0.487,17.7,27.6,0.259
254,Rice,,32,13,19,0.406,-6.56,-2.06,71.8,101.1,0.39,0.427,0.535,51.2,53.5,7.3,8.6,0.5,16.5,26.5,0.268,71.8,105.9,0.3,0.394,0.546,48.8,52,8.5,10.1,0.516,13.8,23.9,0.216
255,Richmond,,33,13,20,0.394,-1.37,-0.79,66.6,105.3,0.307,0.402,0.561,44.9,61.1,11.3,8.8,0.541,14,18.7,0.203,66.6,106.1,0.287,0.381,0.554,55.1,48.1,8.4,9.6,0.531,16.3,29.7,0.196
256,Rider,,31,16,15,0.516,-4.96,-6.51,74.1,103.2,0.399,0.344,0.529,50.4,53.1,12.2,10.1,0.506,15.6,30.3,0.246,74.1,101.1,0.36,0.434,0.562,49.6,57.7,8.1,9.1,0.537,20.2,27.1,0.242
257,Robert Morris,,35,18,17,0.514,-9.41,-7.62,68.2,101.1,0.32,0.396,0.534,50.5,56.6,10.6,8.1,0.503,18.1,30.4,0.224,68.2,99.3,0.388,0.38,0.554,49.5,49.5,9.3,8.5,0.512,20,27.1,0.287
258,Rutgers,,31,14,17,0.452,8.89,9.76,68.1,99,0.317,0.332,0.497,52.8,50.6,9.4,11.3,0.47,16.1,33.4,0.202,68.1,100.2,0.324,0.381,0.52,47.2,51.1,9.5,8.9,0.492,15.3,27,0.216
259,Sacramento State,,31,15,16,0.484,-8.78,-6.78,69.4,101.2,0.329,0.293,0.528,50,53.5,11,10,0.496,16.3,28.3,0.228,69.4,99.3,0.355,0.379,0.55,50,55,9.4,9,0.511,19.5,26.7,0.264
260,Sacred Heart,,32,15,17,0.469,-7.88,-8.11,74,107.6,0.375,0.354,0.564,53.1,53.2,7.2,10.8,0.523,17,31.3,0.283,74,105.6,0.312,0.382,0.546,46.9,51.1,9.4,10,0.514,14.5,26.2,0.226
261,Saint Francis (PA),,33,18,15,0.545,-8.74,-6.16,70.8,107.7,0.343,0.356,0.532,52,46.7,9.5,7.9,0.497,14.5,34.2,0.242,70.8,107.4,0.314,0.39,0.559,48,50.6,7.2,11.1,0.531,15.5,28.2,0.223
262,Saint Joseph's,,33,14,19,0.424,-0.43,1.66,68.8,102.2,0.317,0.447,0.521,48.3,50.1,8.2,10.1,0.48,12,21.5,0.238,68.8,105.2,0.271,0.441,0.545,51.7,59.2,7.3,7.4,0.517,14,24.1,0.197
263,Saint Louis ,1,36,23,13,0.639,5.06,2.23,67,99.4,0.394,0.329,0.492,54.5,53.8,10.5,11.9,0.467,16,35.7,0.236,67,95.2,0.335,0.376,0.509,45.5,54.8,9,10.1,0.469,17.1,24.6,0.242
264,Saint Mary's (CA) ,1,34,22,12,0.647,12.58,4.4,64.3,112.2,0.291,0.352,0.568,54.4,37.9,9.2,6.9,0.538,14.1,30.8,0.216,64.3,99.5,0.291,0.316,0.523,45.6,43.1,7.6,9.2,0.489,14.6,22.8,0.214
265,Saint Peter's,,32,10,22,0.313,-12.15,-6.4,64.3,95.9,0.348,0.346,0.527,50.9,42.6,8.2,17.7,0.487,20.4,29.2,0.253,64.3,104.6,0.385,0.405,0.553,49.1,53.4,10.9,9.3,0.512,16.6,27.8,0.285
266,Sam Houston State,,33,21,12,0.636,-3.17,-5.84,68.6,107.3,0.258,0.418,0.549,51.3,62.4,10.5,8.9,0.519,15.5,31,0.194,68.6,100,0.413,0.405,0.543,48.7,55.6,8.3,8.2,0.504,19,27.3,0.291
267,Samford,,33,17,16,0.515,0.69,-2.03,71.2,107.1,0.341,0.352,0.57,50.3,50.1,9.9,10.9,0.537,17,28.1,0.25,71.2,103.2,0.284,0.442,0.525,49.7,54,9.2,7.9,0.496,15.7,30.7,0.2
268,San Diego State,,34,21,13,0.618,5.29,2.47,68.9,104.1,0.35,0.372,0.539,51.2,57.6,8.4,10.1,0.503,15.8,29.4,0.251,68.9,97.9,0.33,0.42,0.512,48.8,54.2,8.5,7.5,0.478,16.6,27.8,0.23
269,San Diego,,36,21,15,0.583,6.12,3.61,68,104.4,0.32,0.404,0.562,51.9,56.5,8.2,8.4,0.527,16.8,24.7,0.239,68,98.9,0.368,0.324,0.532,48.1,44.4,9.6,9.8,0.492,16,21.8,0.266
270,San Francisco,,31,21,10,0.677,8.56,1.13,67.3,112.1,0.307,0.393,0.556,52.2,50.8,8.9,8.9,0.536,13.1,30.8,0.201,67.3,99.9,0.303,0.332,0.52,47.8,43.5,7.1,10.6,0.486,15.3,25.7,0.219
271,San Jose State,,31,4,27,0.129,-16.37,0.59,71.3,91.7,0.351,0.363,0.496,49.7,59.3,5.9,5.1,0.463,19,27.9,0.23,71.3,113.7,0.272,0.478,0.576,50.3,58.9,10.9,8.1,0.562,13.6,27.7,0.178
272,Santa Clara,,31,16,15,0.516,-1.91,0.92,67.4,100,0.343,0.401,0.55,49.2,56.6,6.9,9.5,0.517,18.4,24.3,0.246,67.4,102.7,0.354,0.343,0.523,50.8,54.3,9.5,8.3,0.486,14.2,28,0.249
273,Savannah State,,31,11,20,0.355,-20.51,-9.04,78.1,97,0.255,0.576,0.506,46.2,56,9.6,7.9,0.481,17,28.2,0.173,78.1,110.8,0.326,0.41,0.565,53.8,62.5,9.1,10.6,0.536,16.3,33.7,0.234
274,Seattle,,33,18,15,0.545,-1.47,-3.85,69.7,104.4,0.343,0.33,0.535,52.3,45.3,6.1,9.3,0.499,15.1,29.5,0.246,69.7,98.5,0.377,0.331,0.509,47.7,41,8.4,7.1,0.464,14.3,25.9,0.274
275,Seton Hall ,1,34,20,14,0.588,10.25,8.34,70.1,104.1,0.345,0.367,0.533,50,51.7,9.8,11.2,0.499,15.2,29.6,0.243,70.1,101.4,0.328,0.402,0.535,50,53.1,8.1,11.7,0.496,17.3,29.2,0.244
276,Siena,,33,17,16,0.515,-7.9,-6.47,61.5,103.1,0.247,0.477,0.536,46.8,53.8,9.2,8.3,0.515,13.9,23.2,0.168,61.5,105.4,0.273,0.359,0.549,53.2,43.5,7.6,8.2,0.526,15.8,28.1,0.188
277,South Alabama,,34,17,17,0.5,-4.46,-2.71,68.9,104.6,0.355,0.404,0.563,47.6,54.3,8.5,11.5,0.536,17.2,25.6,0.244,68.9,104.1,0.368,0.363,0.545,52.4,53.7,8.2,13.6,0.514,17.2,31.3,0.252
278,South Carolina State,,34,8,26,0.235,-16.86,-8.3,69.2,100.3,0.408,0.308,0.529,50.6,47.6,7,5.4,0.48,17.9,32.2,0.303,69.2,108.9,0.395,0.398,0.586,49.4,50.8,7.9,8.6,0.558,18.3,29.6,0.277
279,South Carolina Upstate,,32,6,26,0.188,-15.3,-4.27,69.4,96.9,0.263,0.436,0.515,46.7,56,9.2,8.1,0.486,17.3,26.2,0.187,69.4,107,0.385,0.358,0.557,53.3,51.5,8.9,10,0.523,16.6,31.4,0.273
280,South Carolina,,32,16,16,0.5,8.34,9.63,71.2,101.7,0.364,0.347,0.52,49.9,51.2,8.8,12.7,0.486,16.2,32,0.248,71.2,101.3,0.392,0.395,0.535,50.1,50.5,9.4,10.2,0.49,18,31.2,0.29
281,South Dakota State,,33,24,9,0.727,5.92,-4.74,72.8,116.1,0.323,0.408,0.615,53.3,49.7,8.4,6,0.584,14.6,23.7,0.251,72.8,100.9,0.24,0.477,0.524,46.7,48.3,7.5,8.7,0.501,14.2,22.6,0.165
282,South Dakota,,30,13,17,0.433,-5.52,-3.06,68.1,103.3,0.352,0.4,0.545,47.9,52.4,8,6.4,0.506,14.3,22,0.26,68.1,104.2,0.334,0.366,0.552,52.1,45.1,7.4,10.9,0.515,15.9,25.5,0.249
283,South Florida,,38,24,14,0.632,5.96,1.69,69.5,101.9,0.48,0.386,0.529,54.7,57.2,11.3,9.7,0.494,18.8,35.7,0.31,69.5,94.5,0.426,0.374,0.522,45.3,57.9,9.8,12.8,0.481,19.2,25.3,0.293
284,Southeast Missouri State,,31,10,21,0.323,-11.32,-4.39,70.2,99.8,0.287,0.397,0.539,48.8,50.5,8.2,6.9,0.514,17.9,25.7,0.198,70.2,107.1,0.333,0.417,0.554,51.2,54.4,8.4,10.5,0.521,15.4,28.3,0.241
285,Southeastern Louisiana,,33,17,16,0.515,-7.59,-6.3,67.6,99.6,0.369,0.401,0.545,52.2,59.1,9.6,7.1,0.509,20.8,32.5,0.265,67.6,99.8,0.385,0.351,0.542,47.8,46.5,10.4,11.6,0.5,19,28.2,0.283
286,Southern California,,33,16,17,0.485,8.23,4.96,71,105.8,0.276,0.36,0.546,48.7,57.2,8.5,9.4,0.528,14.5,26.9,0.178,71,101.3,0.3,0.387,0.519,51.3,55,8.1,7.6,0.491,15.7,29.9,0.204
287,SIU Edwardsville,,31,10,21,0.323,-14.47,-5.06,71.9,98.4,0.357,0.35,0.51,48.2,48.1,8.6,6.1,0.471,16.5,28.7,0.251,71.9,109.5,0.381,0.372,0.588,51.8,52.5,9.6,7.5,0.561,17.1,28.2,0.267
288,Southern Illinois,,32,17,15,0.531,1.39,-0.17,66.8,102.7,0.32,0.331,0.554,50.8,54.6,9.9,11.7,0.528,18.4,28.6,0.219,66.8,100.3,0.256,0.396,0.522,49.2,51,9.5,8.6,0.496,16.5,29.1,0.179
289,Southern Methodist,,32,15,17,0.469,5.81,4.12,66.5,108.2,0.278,0.41,0.54,50.9,52.9,8.9,11.3,0.512,14.1,32.6,0.199,66.5,105.6,0.295,0.411,0.532,49.1,62.2,7.3,7.7,0.5,14.9,30.8,0.214
290,Southern Mississippi,,33,20,13,0.606,2.58,-0.83,67.4,106.8,0.253,0.369,0.553,50.1,61.5,11.3,11,0.537,13.8,24.3,0.166,67.4,96.4,0.286,0.468,0.506,49.9,54.2,8,7.6,0.482,16.9,26.2,0.185
291,Southern Utah,,34,17,17,0.5,-8.91,-6.22,73.5,101.5,0.379,0.4,0.546,50.2,48.4,7.9,9.1,0.509,16.5,23.2,0.27,73.5,101.2,0.377,0.383,0.537,49.8,49.1,8.8,10.4,0.498,15.7,24,0.27
292,Southern,,32,7,25,0.219,-16.79,-7.37,68.3,94.6,0.344,0.318,0.522,47.9,49.5,9.8,8.1,0.492,20.4,29.4,0.23,68.3,107.5,0.49,0.359,0.581,52.1,51.8,9.2,9.1,0.547,19.4,32.2,0.338
293,St. Bonaventure,,34,18,16,0.529,3.34,0.25,65.1,99.8,0.282,0.332,0.518,50.6,50.8,8.8,15.4,0.483,16.2,28.9,0.209,65.1,95.1,0.315,0.43,0.501,49.4,51.5,8.7,7.6,0.472,17.2,28.3,0.207
294,St. Francis (NY),,33,17,16,0.515,-10.19,-8.45,70.6,100.3,0.292,0.405,0.518,49.1,46,8.3,10.6,0.491,15.4,27.4,0.198,70.6,99.3,0.384,0.315,0.526,50.9,44.8,7.2,10.6,0.481,17.1,27.4,0.281
295,St. John's (NY) ,1,34,21,13,0.618,7.88,5.5,72.6,105,0.295,0.385,0.548,45.8,50,12.1,9.8,0.518,13,21.4,0.212,72.6,101.8,0.397,0.422,0.545,54.2,54.2,7,6.4,0.507,18.5,29.2,0.282
296,Stanford,,31,15,16,0.484,6.03,5.13,71.8,100.8,0.361,0.366,0.54,51.4,48.5,8.3,10.7,0.511,18.3,29.8,0.242,71.8,99.6,0.329,0.273,0.511,48.6,40.9,8.9,8.8,0.479,15,28.3,0.223
297,Stephen F. Austin,,30,14,16,0.467,-10.99,-5.92,69.8,99.7,0.358,0.347,0.53,49,46.7,9.1,11.9,0.499,18.2,30.3,0.244,69.8,102.3,0.352,0.439,0.548,51,64.2,9.7,7.8,0.516,19.3,32.2,0.249
298,Stetson,,31,7,24,0.226,-15.01,-3.46,71.6,96.5,0.256,0.349,0.489,47.8,52.6,9.4,8.5,0.459,15.2,29,0.177,71.6,109,0.322,0.408,0.565,52.2,57.1,9,8.8,0.54,16,30.8,0.224
299,Stony Brook,,33,24,9,0.727,-2.1,-6.48,69.9,101.4,0.359,0.369,0.521,54.2,45.6,9,13,0.481,17.4,33.4,0.259,69.9,93.8,0.361,0.42,0.494,45.8,52,9,10.6,0.458,16.6,25.6,0.242
300,Syracuse ,1,34,20,14,0.588,13.73,10.09,67.2,103.4,0.368,0.432,0.529,48.4,50.5,12.1,16.8,0.496,15.9,30,0.252,67.2,98,0.343,0.481,0.52,51.6,67.8,9.8,9.9,0.48,19.6,33.3,0.247
301,Temple ,1,33,23,10,0.697,8.17,4.93,70.5,104.4,0.325,0.374,0.534,48.2,54.5,12,6.2,0.499,13.8,26.1,0.236,70.5,99.9,0.339,0.383,0.535,51.8,50.1,7.7,6.8,0.506,18,28.4,0.23
302,Tennessee-Martin,,31,12,19,0.387,-10.94,-4.32,71.2,105.9,0.276,0.379,0.544,48.6,51.6,10,7.9,0.511,16.2,31.3,0.208,71.2,111.8,0.268,0.415,0.582,51.4,59.2,9.6,8.3,0.562,16.8,33.2,0.187
303,Tennessee State,,30,9,21,0.3,-11.62,-3.15,73.1,98.6,0.361,0.412,0.536,50,45.5,9.9,7.5,0.501,19.6,29.3,0.253,73.1,105.4,0.532,0.355,0.576,50,45.7,8.7,10.8,0.532,18.3,27.4,0.38
304,Tennessee Tech,,31,8,23,0.258,-14.76,-3,72.9,92.4,0.362,0.348,0.503,48.3,52.4,9.9,11.1,0.476,19.8,28.4,0.228,72.9,103.2,0.32,0.366,0.536,51.7,59.9,11.5,9.1,0.503,17,31.7,0.228
305,Tennessee ,1,37,31,6,0.838,21.55,10.16,69.4,116.2,0.333,0.32,0.587,52.3,59.7,8.5,15.2,0.554,13.7,30.9,0.251,69.4,98.7,0.343,0.406,0.504,47.7,51.2,8.8,6.3,0.475,15.6,29.4,0.224
306,Texas A&M-Corpus Christi,,32,14,18,0.438,-9.11,-5.68,67.3,97.9,0.3,0.344,0.516,52.6,54.7,9.1,9,0.485,18.1,31.4,0.209,67.3,97.8,0.397,0.408,0.527,47.4,57.5,9.7,9.3,0.48,18.1,25.8,0.293
307,Texas A&M,,32,14,18,0.438,7.21,8.59,69.4,101.5,0.343,0.36,0.526,50.7,46.7,9.7,12.7,0.493,17.2,32.7,0.237,69.4,103.5,0.27,0.428,0.519,49.3,58.3,10.3,12.6,0.493,15.6,32.4,0.185
308,Texas-Arlington,,33,17,16,0.515,-0.5,0.84,69,98.5,0.345,0.405,0.514,51.6,53.9,9.1,8.3,0.471,17.4,31,0.256,69,99.3,0.374,0.384,0.518,48.4,52.1,8.8,11.4,0.48,16.1,27.7,0.26
309,Texas Christian,,37,23,14,0.622,13.81,9.6,69.4,104.9,0.317,0.375,0.547,51.7,60.4,9.8,11.5,0.521,16.7,30.9,0.216,69.4,98.9,0.277,0.36,0.515,48.3,59.8,8.6,10.6,0.484,16.2,28.3,0.197
310,Texas-El Paso,,29,8,21,0.276,-8.23,-1.71,70,90.9,0.363,0.389,0.498,50.4,48,6.6,7.9,0.464,20,27.3,0.24,70,97.8,0.329,0.367,0.513,49.6,48.1,9.6,10.4,0.485,16.7,27.3,0.216
311,Texas-Rio Grande Valley,,37,20,17,0.541,-2.04,-1.61,71.9,98.4,0.432,0.297,0.511,45.8,56.2,12.9,8,0.466,15.5,25.9,0.3,71.9,97.9,0.429,0.345,0.541,54.2,57,8.4,8.7,0.503,21.3,32.4,0.298
312,Texas-San Antonio,,32,17,15,0.531,0.69,0.05,74,103.5,0.259,0.413,0.534,49.2,46.9,8.9,6.9,0.504,14.8,25.8,0.191,74,100.5,0.336,0.399,0.527,50.8,48.6,7.8,8.5,0.492,16,26.8,0.238
313,Texas Southern,,38,24,14,0.632,-5.55,-6.99,76.3,104.9,0.415,0.358,0.545,50.7,54.6,10.4,7.3,0.513,17.1,31.6,0.277,76.3,101.7,0.316,0.357,0.536,49.3,55,9.4,9,0.513,17.3,30.3,0.206
314,Texas State,,34,24,10,0.706,1.54,-3,68.5,105.3,0.352,0.377,0.537,54.3,56.3,10,7.7,0.506,16.5,33.7,0.24,68.5,93.9,0.389,0.393,0.518,45.7,48.6,9.2,10.8,0.473,19,24.1,0.282
315,Texas Tech ,1,38,31,7,0.816,22.79,9.53,67.6,106.9,0.329,0.36,0.567,50.8,52.3,10.7,15.4,0.535,15.8,26.3,0.241,67.6,87.4,0.367,0.403,0.475,49.2,49.5,9.2,7,0.43,19.8,27.5,0.255
316,Texas,,37,21,16,0.568,16.06,11.46,66.4,105.9,0.297,0.435,0.537,49.3,52.3,9.1,11.4,0.509,14.1,27.8,0.207,66.4,99,0.297,0.358,0.517,50.7,48,7.6,10.1,0.487,16.5,29.2,0.206
317,Toledo,,33,25,8,0.758,8.21,0.71,69.7,109.4,0.267,0.432,0.566,52.5,59.7,7.3,11.5,0.534,15.2,28.2,0.206,69.7,97.3,0.266,0.349,0.494,47.5,41.1,9.2,8,0.466,13.8,25.5,0.182
318,Towson,,32,10,22,0.313,-8.44,-3.57,64.5,102.7,0.286,0.296,0.514,53.7,39.4,7.3,9.7,0.484,15.6,34.6,0.199,64.5,108.6,0.329,0.461,0.554,46.3,59.7,8.3,5.7,0.518,13.6,26.5,0.245
319,Troy,,30,12,18,0.4,-6.12,-1.01,69.6,103.6,0.32,0.41,0.55,48.8,50.7,8.1,12.3,0.518,17.1,27.1,0.231,69.6,106.6,0.321,0.38,0.548,51.2,48.9,8.7,5.8,0.519,15.5,30.3,0.225
320,Tulane,,31,4,27,0.129,-6.72,3.63,72,93.4,0.328,0.376,0.505,48.6,60.6,6.6,9.1,0.471,18.5,26.2,0.226,72,107.8,0.316,0.387,0.533,51.4,51.8,10.4,9.7,0.506,12.9,30,0.215
321,Tulsa,,32,18,14,0.563,4.65,3.86,69.9,101.9,0.434,0.376,0.55,48.7,55.4,7.8,7,0.512,16.2,22.5,0.301,69.9,100.8,0.304,0.44,0.513,51.3,55.7,9.5,9.3,0.482,15.1,28.8,0.21
322,UCLA,,33,17,16,0.515,7.17,6.78,73.7,105,0.382,0.358,0.543,52.8,51.4,7.9,10.7,0.52,16.4,30.8,0.242,73.7,104.4,0.276,0.414,0.524,47.2,60.5,9.4,8.6,0.496,13.1,27.1,0.194
323,Utah State ,1,35,28,7,0.8,11.98,0.89,70,111.5,0.367,0.379,0.575,56.2,62.4,8.7,12.2,0.538,15.8,31.9,0.274,70,95.2,0.34,0.398,0.504,43.8,51,8.7,9.5,0.464,15.6,22.2,0.243
324,Utah Valley,,35,25,10,0.714,3,-2.3,70.4,109.5,0.396,0.384,0.588,53.1,52,8.2,6.7,0.555,17.5,28.3,0.287,70.4,100.4,0.29,0.362,0.521,46.9,52,10.4,8.1,0.489,14.7,25.1,0.208
325,Utah,,31,17,14,0.548,6.13,5.1,67.9,110.9,0.355,0.465,0.578,52.3,54.7,6.8,7,0.55,16.8,30.7,0.251,67.9,109.4,0.325,0.364,0.555,47.7,47.8,8.7,13.2,0.523,12.9,26.9,0.234
326,Valparaiso,,33,15,18,0.455,-3.38,-1,66.4,99.5,0.334,0.328,0.534,50.8,53.7,9.1,8.6,0.502,17.5,27,0.233,66.4,98.6,0.31,0.354,0.523,49.2,50.6,10.2,7.9,0.491,16.7,25.8,0.218
327,Vanderbilt,,32,9,23,0.281,3.57,7.79,68.9,98.5,0.406,0.422,0.522,50.1,50.4,7,10.4,0.486,17.9,28.9,0.273,68.9,104.6,0.333,0.356,0.531,49.9,47.2,9.4,11.3,0.495,14.2,29.2,0.238
328,Vermont ,1,34,27,7,0.794,4.88,-4.18,66.5,110.2,0.359,0.403,0.568,53.2,46.2,8.3,11.9,0.53,14.6,27.3,0.269,66.5,94.2,0.274,0.378,0.517,46.8,46,8.2,8.3,0.484,17.5,21.3,0.2
329,Villanova ,1,36,26,10,0.722,14.33,7.97,65,112.2,0.344,0.535,0.565,51.3,56.9,8.2,8.7,0.532,14.2,30.1,0.251,65,102.5,0.282,0.397,0.531,48.7,56.1,7.9,8.8,0.504,15.4,27.4,0.197
330,Virginia Commonwealth ,1,33,25,8,0.758,11.96,2.87,69,102.1,0.357,0.412,0.535,50.8,54.9,11.5,12.2,0.501,17.3,31,0.251,69,89.1,0.366,0.332,0.478,49.2,50.7,9.2,7.9,0.435,20,30.6,0.252
331,VMI,,32,11,21,0.344,-10.5,0.09,73.5,102.6,0.294,0.455,0.541,47.2,52.4,9.1,5.1,0.509,14.8,23,0.215,73.5,110.3,0.311,0.394,0.574,52.8,52.1,8.1,11.2,0.548,15.2,27,0.221
332,Virginia Tech ,1,35,26,9,0.743,19.28,7.79,64.4,113.3,0.319,0.437,0.588,51.9,59.5,10.4,8.4,0.556,15.2,29.2,0.243,64.4,95.6,0.263,0.499,0.52,48.1,56.5,7.7,10,0.49,19,27,0.19
333,Virginia ,1,38,35,3,0.921,25.46,10.15,60.8,116.3,0.291,0.395,0.58,53.9,55.9,9,13,0.552,12.8,29.7,0.216,60.8,91.3,0.263,0.425,0.475,46.1,43.4,8.1,8.3,0.447,15.4,24.7,0.175
334,Wagner,,30,13,17,0.433,-12.99,-7.63,66.4,98.7,0.339,0.456,0.501,52,53.6,9.2,12,0.456,17.4,33.9,0.252,66.4,102.1,0.464,0.414,0.546,48,54.3,8.8,9.4,0.502,17.5,27.6,0.329
335,Wake Forest,,31,11,20,0.355,1.21,8.47,68.8,98.6,0.376,0.353,0.496,52.2,46.1,7,7.2,0.448,16.3,33.7,0.273,68.8,109.1,0.352,0.403,0.562,47.8,56.6,10.2,11.7,0.533,14.2,27.1,0.245
336,Washington State,,32,11,21,0.344,-1.67,2.2,71.6,104.4,0.303,0.445,0.562,48.2,57.4,7.4,7.8,0.528,17.1,25.2,0.229,71.6,109.8,0.284,0.417,0.564,51.8,53.2,10.2,7.9,0.547,15,29.5,0.186
337,Washington ,1,36,27,9,0.75,12.01,7.01,67.4,103.2,0.347,0.399,0.551,47.6,47.5,13.3,16.3,0.521,17.4,28.8,0.241,67.4,95.8,0.34,0.353,0.513,52.4,58.6,8.9,7.6,0.475,20.5,34.5,0.241
338,Weber State,,33,18,15,0.545,-4.37,-6.12,73.4,107.2,0.366,0.354,0.576,48.9,41.6,7.3,10,0.54,14.4,19.7,0.273,73.4,100.5,0.307,0.327,0.512,51.1,45.1,7.8,7.4,0.48,13.9,25.8,0.215
339,West Virginia,,36,15,21,0.417,6.94,10.57,71.7,101.5,0.389,0.391,0.514,53.1,54.2,8.5,9.4,0.475,17.7,36.6,0.268,71.7,106.5,0.38,0.362,0.56,46.9,50.3,11.4,10,0.524,16.3,28.5,0.273
340,Western Carolina,,32,7,25,0.219,-9.28,0.34,71.3,99.8,0.36,0.459,0.564,52.4,49.1,5.8,4.6,0.539,22,28.7,0.243,71.3,111,0.404,0.382,0.571,47.6,46.5,12.2,14.1,0.544,13.1,25.1,0.273
341,Western Illinois,,31,10,21,0.323,-10.04,-5.18,69.5,101.6,0.237,0.337,0.531,48.9,39,7.6,11.4,0.505,14.6,22.7,0.173,69.5,105,0.269,0.383,0.538,51.1,46.5,8.4,7.2,0.516,13.6,25.1,0.182
342,Western Kentucky,,34,20,14,0.588,3.14,0.96,69,102.1,0.379,0.318,0.539,51.6,48.9,9.9,14.4,0.499,17.1,29,0.274,69,98.9,0.256,0.408,0.515,48.4,52,8.4,9.5,0.489,16.1,27.5,0.175
343,Western Michigan,,32,8,24,0.25,-6.26,1.48,70.2,98.5,0.373,0.397,0.524,51.5,48.3,6.4,6.5,0.487,18.6,30,0.258,70.2,107,0.296,0.386,0.544,48.5,50.6,11.1,9.8,0.518,13.6,27.4,0.206
344,Wichita State,,37,22,15,0.595,7.72,5.91,69.3,101.4,0.288,0.391,0.504,52.1,53.7,6.8,10.3,0.469,14.7,32.1,0.209,69.3,98.8,0.388,0.373,0.515,47.9,49.8,7.4,10.6,0.476,15.4,26.6,0.269
345,William & Mary,,31,14,17,0.452,-4.78,-2.08,69.2,106.1,0.325,0.415,0.567,49.9,62.9,7.2,12.4,0.546,16,24.2,0.217,69.2,109,0.3,0.366,0.561,50.1,48.5,9.6,8.2,0.526,13.7,25.5,0.229
346,Winthrop,,30,18,12,0.6,-2.89,-3.74,75.1,110,0.301,0.531,0.582,53.4,53.8,5.9,7.2,0.554,17.5,29.8,0.222,75.1,103.8,0.294,0.407,0.532,46.6,47.7,9.7,10.8,0.501,13.6,24.6,0.21
347,Wisconsin ,1,34,23,11,0.676,17.9,11.01,64.8,103.9,0.273,0.346,0.531,49.8,49.2,7.9,11,0.511,13,24.3,0.177,64.8,93.5,0.258,0.35,0.479,50.2,45.5,7.8,10.8,0.452,15,26.3,0.172
348,Wofford ,1,35,30,5,0.857,13.92,0.8,68.5,119.2,0.271,0.436,0.598,54.5,50.6,9.6,9.1,0.58,13.5,32.5,0.19,68.5,95,0.304,0.402,0.521,45.5,48.5,7.9,7.3,0.49,18,23.8,0.214
349,Wright State,,35,21,14,0.6,3.29,-0.89,67.4,108.1,0.341,0.403,0.543,52.3,54.7,9,6.1,0.506,14.6,31.3,0.251,67.4,99.8,0.28,0.381,0.548,47.7,44.5,8,10.3,0.523,18.3,25,0.195
350,Wyoming,,32,8,24,0.25,-9.75,0.19,70.2,93.3,0.399,0.435,0.534,44.7,48,7.8,7.9,0.492,18.6,15.6,0.288,70.2,106.9,0.345,0.407,0.551,55.3,56.8,9.7,9.4,0.514,15.1,28,0.254
351,Xavier,,35,19,16,0.543,9.61,8.06,66.5,107,0.326,0.374,0.553,53.4,56.3,8.1,10.6,0.528,16.5,32.2,0.221,66.5,104.7,0.249,0.422,0.531,46.6,55.7,10.2,8.9,0.507,13.7,27.2,0.174
352,Yale ,1,30,22,8,0.733,5.52,-1.24,72.9,109.7,0.307,0.35,0.584,52.9,56.3,8,11.2,0.556,15.9,25.8,0.227,72.9,99.5,0.305,0.38,0.509,47.1,48.9,9.4,7.9,0.471,13.5,24.1,0.223
353,Youngstown State,,32,12,20,0.375,-7.78,-2.05,70.6,104.8,0.246,0.433,0.526,51.5,51.1,9.1,9.9,0.501,15.6,33.7,0.172,70.6,109.6,0.37,0.386,0.566,48.5,51.3,8.2,9.2,0.53,14.9,28.6,0.272